<?xml version="1.0" encoding="utf-8"?>
<resources>
    <color name="display_formula_text_color">#ccffffff</color>
    <color name="display_result_text_color">#66ffffff</color>
    <color name="display_result_exponent_text_color">#40ffffff</color>
    <color name="pad_numeric_background_color">H7_ACTIONBAR</color>
    <color name="pad_advanced_background_color">H7_ACTIONBAR</color>
    <drawable name="pad_advanced_background_press_color">H7_ACTIONBAR</drawable>
    <color name="divider_color">H7_BACKGROUND</color>
    <color name="display_top_text_color">#66ffffff</color>
    <color name="pad_button_operator_text_color">#ffffff</color>
    <color name="pad_button_number_text_color">#CCffffff</color>
    <color name="pad_background_color">H7_BACKGROUND</color>
    <drawable name="pad_operator_normal_color">H7_BACKGROUND</drawable>
    <drawable name="bg_calculater_number_pressed">H7_ACTIONBAR</drawable>
    <drawable name="bg_calculater_portrait_equalitybg_pressed">H7_COLOR_CALCULATOR</drawable>
    <drawable name="bg_calculater_portrait_equalitybg_normal">H7_COLOR_CALCULATOR</drawable>
	
	<color name="digitNormalBg">H7_ACTIONBAR</color>
    <color name="digit_bg_normal_night">H7_ACTIONBAR</color>
    <color name="digit_bg_press_night">H7_ACTIONBAR</color>
	<color name="calculater_equality_color">H7_COLOR_CALCULATOR</color>
    <color name="pad_divider_color">#33ffffff</color>
	
	<color name="bt_background_pressed_color">H7_ACTIONBAR</color>
    <color name="bt_gradient_end_color">H7_ACTIONBAR</color>
    <color name="bt_gradient_start_color">H7_ACTIONBAR</color>
    <color name="bt_shadow_color">#b216171a</color>
    <color name="bt_shadow_press_color">#3316171a</color>
    <color name="bt_stroke_color">#0cffffff</color>
    <color name="bt_stroke_press_color">#08ffffff</color>
    <color name="cardview_background">H7_ACTIONBAR</color>
    <color name="degree_color_end">H7_COLOR_CALCULATOR_DISABLED</color>
    <color name="degree_color_start">H7_COLOR_CALCULATOR_DISABLED</color>
    <color name="empty_file_black">#ffffffff</color>
    <color name="emui_text_color_primary_activated">H7_COLOR_CALCULATOR</color>
    <color name="eq_bt_gradient_end_color">H7_COLOR_CALCULATOR</color>
    <color name="eq_bt_gradient_start_color">H7_COLOR_CALCULATOR</color>
    <color name="fill_gradient_end">H7_BACKGROUND</color>
    <color name="fill_gradient_start">H7_BACKGROUND</color>
    <color name="hongmeng_calculator_background">H7_BACKGROUND</color>
    <color name="inner_shadow_color">H7_BACKGROUND</color>
    <color name="numeric_keybroad_ground">H7_ACTIONBAR</color>
    <color name="pad_background_color">H7_BACKGROUND</color>
    <color name="pad_numeric_background_color">H7_BACKGROUND</color>
    <color name="radius_card_background">H7_BACKGROUND</color>
    <color name="shadow_color_end">H7_BACKGROUND</color>
    <color name="shadow_color_start">H7_BACKGROUND</color>
    <color name="text_color">#66ffffff</color>
	
	
	
    <color name="emui_accent">H7_COLOR_CALCULATOR</color>
    <color name="emui_accent_pressed">H7_COLOR_CALCULATOR</color>
    <color name="emui_activated">H7_COLOR_CALCULATOR</color>
    <color name="emui_activated_end">H7_COLOR_CALCULATOR</color>
    <color name="emui_activated_start">H7_COLOR_CALCULATOR</color>
    <color name="emui_appbar_bg">H7_BACKGROUND</color>
    <color name="emui_appbar_icon">#dbffffff</color>
    <color name="emui_appbar_icon_pressed">#dbffffff</color>
    <color name="emui_appbar_subbg">H7_BACKGROUND</color>
    <color name="emui_appbar_subtitle">#99ffffff</color>
    <color name="emui_appbar_title">#dbffffff</color>
    <color name="emui_appbar_title_off">#99ffffff</color>
    <color name="emui_badge_red">#ffd94838</color>
    <color name="emui_black">#ffe6e6e6</color>
    <color name="emui_bottombar_bg">H7_BACKGROUND</color>
    <color name="emui_bottombar_bg_blur">H7_BACKGROUND</color>
    <color name="emui_bottombar_icon_off">#33ffffff</color>
    <color name="emui_bottombar_icon_off_auxcolor_01">#3fffffff</color>
    <color name="emui_bottombar_icon_off_auxcolor_02">#66ffffff</color>
    <color name="emui_bottombar_icon_on">H7_COLOR_CALCULATOR</color>
    <color name="emui_bottombar_icon_on_auxcolor_02">H7_COLOR_CALCULATOR_PRESS</color>
    <color name="emui_bottombar_subbg">H7_BACKGROUND</color>
    <color name="emui_bottombar_subbg_blur">H7_BACKGROUND</color>
    <color name="emui_bottombar_text_off">#99ffffff</color>
    <color name="emui_bottombar_text_on">H7_COLOR_CALCULATOR</color>
    <color name="emui_bottomsheet_bg">H7_ACTIONBAR</color>
    <color name="emui_button_default">#19ffffff</color>
    <color name="emui_button_default_disabled">#0affffff</color>
    <color name="emui_card_bg">#ff2e3033</color>
    <color name="emui_card_panel_bg">H7_ACTIONBAR</color>
    <color name="emui_center_color">H7_COLOR_CALCULATOR</color>
    <color name="emui_clickeffic_default_color">#26ffffff</color>
    <color name="emui_color_1">#ff5f58c7</color>
    <color name="emui_color_10">#ffe08c3a</color>
    <color name="emui_color_11">#ffd1a738</color>
    <color name="emui_color_2">#ff4796c4</color>
    <color name="emui_color_3">#ff5aada0</color>
    <color name="emui_color_4">#ff5ba854</color>
    <color name="emui_color_5">#ff86ad53</color>
    <color name="emui_color_6">#ff8c55c2</color>
    <color name="emui_color_7">#ffd64966</color>
    <color name="emui_color_8">#ffd94838</color>
    <color name="emui_color_9">#ffdb6b42</color>
    <color name="emui_color_badge">H7_COLOR_CALCULATOR</color>
    <color name="emui_color_bg">H7_BACKGROUND</color>
    <color name="emui_color_connected">#ff5ba854</color>
    <color name="emui_color_divider_horizontal">#33ffffff</color>
    <color name="emui_color_fg">#ffffffff</color>
    <color name="emui_color_fg_1">#ff5550a6</color>
    <color name="emui_color_fg_10">#ff9e7349</color>
    <color name="emui_color_fg_11">#ff997e39</color>
    <color name="emui_color_fg_2">#ff467794</color>
    <color name="emui_color_fg_3">#ff4c7a73</color>
    <color name="emui_color_fg_4">#ff5c8059</color>
    <color name="emui_color_fg_5">#ff6b8052</color>
    <color name="emui_color_fg_6">#ff634794</color>
    <color name="emui_color_fg_7">#ffa14a5c</color>
    <color name="emui_color_fg_8">#ff9c554b</color>
    <color name="emui_color_fg_9">#ff9e644f</color>
    <color name="emui_color_fg_inverse">#ffe5e5e5</color>
    <color name="emui_color_fg_inverse_disable">#ff666666</color>
    <color name="emui_color_fourth">#33ffffff</color>
    <color name="emui_color_gray_1">#ff262626</color>
    <color name="emui_color_gray_10">#ffe6e6e6</color>
    <color name="emui_color_gray_2">#ff1a1a1a</color>
    <color name="emui_color_gray_3">#ff262626</color>
    <color name="emui_color_gray_4">#ff333333</color>
    <color name="emui_color_gray_5">#4ce6e6e6</color>
    <color name="emui_color_gray_6">#ff666666</color>
    <color name="emui_color_gray_8">#ffb3b3b3</color>
    <color name="emui_color_gray_9">#ffcccccc</color>
    <color name="emui_color_handup">#ffd94838</color>
    <color name="emui_color_primary">#dbffffff</color>
    <color name="emui_color_progress">#99ffffff</color>
    <color name="emui_color_secondary">#99ffffff</color>
    <color name="emui_color_spinner_icon">#dbffffff</color>
    <color name="emui_color_subbg">H7_BACKGROUND</color>
    <color name="emui_color_subheader_divider">#19ffffff</color>
    <color name="emui_color_tertiary">#66ffffff</color>
    <color name="emui_color_text_highlight">H7_COLOR_CALCULATOR_PRESS</color>
    <color name="emui_color_text_primary">#dbffffff</color>
    <color name="emui_color_text_secondary">#99ffffff</color>
    <color name="emui_color_text_tertiary">#66ffffff</color>
    <color name="emui_color_tips_bg">#ff404040</color>
    <color name="emui_color_tooltips_bg">#ff404040</color>
    <color name="emui_color_warning">#ffdb6b42</color>
    <color name="emui_control_focused">H7_COLOR_CALCULATOR</color>
    <color name="emui_control_focused_outline">H7_COLOR_CALCULATOR</color>
    <color name="emui_control_highlight">H7_COLOR_CALCULATOR</color>
    <color name="emui_control_hover">#19ffffff</color>
    <color name="emui_control_normal">#19ffffff</color>
    <color name="emui_control_normal_disabled">#0affffff</color>
    <color name="emui_dialog_bg">H7_ACTIONBAR</color>
    <color name="emui_end_color">H7_COLOR_CALCULATOR</color>
    <color name="emui_fab_bg_normal">H7_COLOR_CALCULATOR</color>
    <color name="emui_fab_bg_pressed">#ff4587f7</color>
    <color name="emui_fab_shadow_end">H7_COLOR_CALCULATOR_DISABLED</color>
    <color name="emui_fab_shadow_start">H7_COLOR_CALCULATOR_DISABLED</color>
    <color name="emui_focused_color_1">#e5ffffff</color>
    <color name="emui_focused_color_2">#99ffffff</color>
    <color name="emui_focused_color_3">#66ffffff</color>
    <color name="emui_functional_blue">H7_COLOR_CALCULATOR</color>
    <color name="emui_functional_green">#ff007900</color>
    <color name="emui_functional_red">#ffd94838</color>
    <color name="emui_inputbox_bg">#19ffffff</color>
    <color name="emui_inputbox_subbg">#19ffffff</color>
    <color name="emui_mask_light">#99000000</color>
    <color name="emui_mask_regular">#b2000000</color>
    <color name="emui_mask_thick">#e5000000</color>
    <color name="emui_mask_thin">#66000000</color>
    <color name="emui_navigationbar_bg">#e5000000</color>
    <color name="emui_primary">#ffffffff</color>
    <color name="emui_primary_inverse">#ffe5e5e5</color>
    <color name="emui_special_color_1">#ff392f49</color>
    <color name="emui_special_color_11">#ff4a4333</color>
    <color name="emui_special_color_2">#ff343e4a</color>
    <color name="emui_special_color_4">#ff3c4b34</color>
    <color name="emui_special_color_7">#ff443038</color>
    <color name="emui_special_color_9">#ff463630</color>
    <color name="emui_start_color">H7_COLOR_CALCULATOR</color>
    <color name="emui_subtab_bg">H7_BACKGROUND</color>
    <color name="emui_subtab_line_on">H7_COLOR_CALCULATOR</color>
    <color name="emui_subtab_text_off">#99ffffff</color>
    <color name="emui_subtab_text_on">H7_COLOR_CALCULATOR</color>
    <color name="emui_switch_bg_off">#33000000</color>
    <color name="emui_switch_outline_off">#66ffffff</color>
    <color name="emui_text_disabled">#66ffffff</color>
    <color name="emui_text_hint">#99ffffff</color>
    <color name="emui_text_primary">#ffffffff</color>
    <color name="emui_text_primary_inverse">#ffe5e5e5</color>
    <color name="emui_textedit_cursor">H7_COLOR_CALCULATOR</color>
    <color name="emui_toolbar_bg">H7_BACKGROUND</color>
    <color name="emui_toolbar_icon">#dbffffff</color>
    <color name="emui_toolbar_icon_actived">H7_COLOR_CALCULATOR</color>
    <color name="emui_toolbar_subbg">H7_BACKGROUND</color>
    <color name="emui_toolbar_text">#dbffffff</color>
    <color name="emui_toolbar_text_actived">H7_COLOR_CALCULATOR</color>
    <color name="emui_white">#ffe6e6e6</color>
    <color name="hwadvancedcardview_Shadow_Color_light">H7_BACKGROUND</color>
    <color name="hwscrollbarview_thumb">#66ffffff</color>
</resources>
