<?xml version="1.0" encoding="UTF-8"?><!--SR000ABIT3 guobo gwx518713 created --><resources>
    <!-- color-->
    
    <color name="dsb_progress_color">H7_ACCENT_COLOR</color>
    <color name="back_color">H7_BACKGROUND</color>
    
    

    
    
    

    <color name="eq_divider_color">H7_ACCENT_COLOR_DISABLED</color>
    <color name="eq_imaginary_line_color">H7_ACCENT_COLOR_DISABLED</color>
    
    <color name="eq_plot_line_color">H7_ACCENT_COLOR</color>
    <color name="eq_plot_circle_color">H7_BACKGROUND</color>
    <color name="eq_plot_area_color">H7_ACCENT_COLOR_DISABLED</color>
    <color name="background_color">H7_BACKGROUND</color>

    
    
    
    <color name="emui_white">H7_BACKGROUND</color>
    

    <color name="emui_functional_blue">H7_ACCENT_COLOR</color>
</resources>