﻿<resources>
	<color name="appwidget_shadow">#7fffffff</color>
	<color name="black_circle">#ffffffff</color>
	<color name="bright_foreground_disabled_material_light">#80ffffff</color>
	<color name="cardview_shadow_end_color">#03ffffff</color>
	<color name="cardview_shadow_start_color">#37ffffff</color>
	<color name="checkbox_inner_normal_dark">#7fffffff</color>
	<color name="circle_black">#ffffffff</color>
	<color name="clock_piant_color">#ffffffff</color>
	<color name="design_bottom_navigation_shadow_color">#14ffffff</color>
	<color name="design_fab_shadow_mid_color">#14ffffff</color>
	<color name="design_fab_shadow_start_color">#44ffffff</color>
	<color name="design_fab_stroke_end_inner_color">#0affffff</color>
	<color name="design_fab_stroke_end_outer_color">#0fffffff</color>
	<color name="deskclock_background">#4cffffff</color>
	<color name="deskclock_cover_background">#ccffffff</color>
	<color name="deskclock_cover_background_1000x682">#7fffffff</color>
	<color name="deskclock_cover_background_1010x678">#7fffffff</color>
	<color name="deskclock_cover_background_1020x744">#7fffffff</color>
	<color name="deskclock_cover_background_505x1076">#7fffffff</color>
	<color name="digital_widget_separator_tv_shadow">#99ffffff</color>
	<color name="emui_black">#ffffffff</color>
	<color name="emui_button_default">#0dffffff</color>
	<color name="emui_button_default_disabled">#05ffffff</color>
	<color name="emui_color_bg_dark">#ffffffff</color>
	<color name="emui_color_divider_horizontal">#33ffffff</color>
	<color name="emui_color_fg">#ffffffff</color>
	<color name="emui_color_list_divider">#33ffffff</color>
	<color name="emui_color_primary">#e6ffffff</color>
	<color name="emui_color_secondary">#99ffffff</color>
	<color name="emui_color_tertiary">#61ffffff</color>
	<color name="emui_color_text_primary">#e6ffffff</color>
	<color name="emui_color_text_secondary">#99ffffff</color>
	<color name="emui_color_text_tertiary">#61ffffff</color>
	<color name="emui_control_normal">#19ffffff</color>
	<color name="emui_control_normal_disabled">#0affffff</color>
	<color name="emui_fab_bg">H7_ACCENT_COLOR</color>
	<color name="emui_fab_bg_dark">H7_ACCENT_COLOR</color>
	<color name="emui_fab_bg_translucent">#ffffffff</color>
	<color name="emui_fab_icon">#ffffffff</color>
	<color name="emui_fab_icon_dark">#ffffffff</color>
	<color name="emui_fab_icon_translucent">#e6ffffff</color>
	<color name="emui_fab_mask_bg">#ccffffff</color>
	<color name="emui_fab_pressed">H7_ACCENT_COLOR_PRESS</color>
	<color name="emui_fab_pressed_dark">H7_ACCENT_COLOR</color>
	<color name="emui_fab_pressed_translucent">#ffe5e5e5</color>
	<color name="emui_list_separator_text">#80ffffff</color>
	<color name="emui_list_separator_text_dark">#80ffffff</color>
	<color name="emui_list_separator_text_translucent">#80ffffff</color>
	<color name="emui_primary_text">#ffffffff</color>
	<color name="emui_primary_text_light_dark">#e6ffffff</color>
	<color name="emui_text_disabled">#61ffffff</color>
	<color name="emui_text_hint">#99ffffff</color>
	<color name="emui_text_primary">#ffffffff</color>
	<color name="emui_transparent">#00ffffff</color>
	<color name="game_clock_info_text_color">#ffffffff</color>
	<color name="hwcheckbox_emui_black">#ffffffff</color>
	<color name="hwcheckbox_emui_boxedge">#4dffffff</color>
	<color name="hwcheckbox_emui_white_bg">#4dffffff</color>
	<color name="hwedittext_color_click">#0dffffff</color>
	<color name="hwsubtab_bg_blur">#ffffffff</color>
	<color name="hwsubtab_click_effect_color">#0dffffff</color>
	<color name="hwsubtab_emui_color_bg">#ffffffff</color>
	<color name="hwsubtab_emui_color_bg_dark">#ffffffff</color>
	<color name="hwsubtab_emui_subtab_text_off">#99ffffff</color>
	<color name="mislim_alarm_name_color">#ffffffff</color>
	<color name="mtrl_btn_bg_color_disabled">#1fffffff</color>
	<color name="mtrl_btn_text_color_disabled">#61ffffff</color>
	<color name="mtrl_scrim_color">#52ffffff</color>
	<color name="mtrl_textinput_default_box_stroke_color">#6bffffff</color>
	<color name="mtrl_textinput_disabled_color">#1fffffff</color>
	<color name="mtrl_textinput_filled_box_default_background_color">#0affffff</color>
	<color name="mtrl_textinput_hovered_box_stroke_color">#deffffff</color>
	<color name="muslim_alarmtime_text_color">#50ffffff</color>
	<color name="muslim_widget_tv_shadow">#ffffffff</color>
	<color name="no_alarm_text_color">#99ffffff</color>
	<color name="pressed_grey">#0dffffff</color>
	<color name="primary_text_default_material_light">#deffffff</color>
	<color name="primary_text_disabled_material_light">#39ffffff</color>
	<color name="ripple_material_light">#1fffffff</color>
	<color name="secondary_text_default_material_light">#8affffff</color>
	<color name="secondary_text_disabled_material_light">#24ffffff</color>
	<color name="select_color">#ffffffff</color>
	<color name="shape_gradient_center_color">#7fffffff</color>
	<color name="shape_gradient_end_color">#00ffffff</color>
	<color name="shape_gradient_start_color">#ffffffff</color>
	<color name="shortcut_center">#ffffffff</color>
	<color name="simple_float_item_bg">#00ffffff</color>
	<color name="timer_pick_init_color">#ffffffff</color>
	<color name="timer_picker_black">#ffffffff</color>
	<color name="timer_transparent_number">#1affffff</color>
	<color name="translateColor">#01ffffff</color>
	<color name="transparency_100_color">#ffffffff</color>
	<color name="transparency_80_color">#ccffffff</color>
	<color name="web_text_color">#ffffffff</color>
	<color name="widget_black_color">#ccffffff</color>
	<color name="world_clock_daytime_text_color">#ffffffff</color>
    <color name="black_circle">#808080</color>
    <color name="clock_divider_color">#33FFFFFF</color>
    <color name="emui_gray_6">#1AFFFFFF</color>
    <color name="emui_text_summary_dark1">#FFFFFF</color>
    <color name="emui_text_summary_dark2">#80FFFFFF</color>
    <color name="emui_white">H7_BACKGROUND</color>
    <color name="fab_background_color">H7_ACTIONBAR</color>
    <color name="floating_action_button_bg">#E6E6E6</color>
    <color name="floating_action_color_inner">H7_ACTIONBAR</color>
    <color name="mislim_alarm_name_color">#ffffff</color>
    <color name="muslim_alarmtime_text_color">#7fffffff</color>
    <color name="muslim_button_text_color_green">H7_ACCENT_COLOR</color>
    <color name="muslim_clock_button_disable_text_color">H7_ACCENT_COLOR_DISABLED</color>
    <color name="muslim_nolocation_background_color">#33FF5848</color>
    <color name="muslim_set_location">#7FFFFFFF</color>
    <color name="muslim_updatetime_text_color">H7_ACCENT_COLOR</color>
    <color name="no_alarm_color">#4CFFFFFF</color>
    <color name="no_alarm_text_color">#7FFFFFFF</color>
    <color name="picked_time_blue_color">H7_ACCENT_COLOR</color>
    <color name="shape_gradient_center_color">#7F202125</color>
    <color name="shape_gradient_end_color">#00000000</color>
    <color name="shape_gradient_start_color">H7_BACKGROUND</color>
    <color name="swipe_item_bg">H7_ACTIONBAR</color>
    <color name="timer_circle_end">#00000000</color>
    <color name="timer_circle_start">H7_ACCENT_COLOR_PRESS</color>
    <color name="timer_circle_white">#0026a69a</color>
    <color name="timer_line_end">H7_ACCENT_COLOR_DISABLED</color>
    <color name="timer_line_start">H7_ACCENT_COLOR</color>
    <color name="timer_pick_center_color">#FFB4B4B4</color>
    <color name="timer_pick_end_color">#FFFAFAFA</color>
    <color name="timer_pick_init_color">#FFFFFFFF</color>
    <color name="timer_pick_second_color">#FF828282</color>
    <color name="timer_pick_start_color">H7_ACTIONBAR</color>
    <color name="timer_pick_unit_color">#FFFFFFFF</color>
    <color name="translateColor">#00000000</color>
    <color name="web_text_color">#E6E6E6</color>
</resources>

