﻿
<resources>
   <color name="clock_divider_color">#00ffffff</color>
    <color name="worldclock_firstcity_time_color">#ffffff</color>
    <color name="deskclock_cover_background">#4c0f1015</color>
    <color name="deskclock_background">H7_BACKGROUND</color>
    <color name="alarm_background">H7_BACKGROUND</color>
    <color name="not_remind_text_color">H7_ACTIONBAR</color>
    <color name="cover_digital_full_time_color">#ffffff</color>
    <color name="cover_digital_left_ampm_color">#ffffff</color>
    <color name="cover_alarm_label_color">#ffffff</color>
    <color name="cover_snoozepause_group_color">#ff2abeca</color>
    <color name="tips_clock_closealarm">#ff878787</color>
    <color name="tips_clock_closealarm_light">#ffffff</color>
    <color name="cover_close_alarm_port">#66ffffff</color>
    <color name="emui_summary_text_dark_disabled">#33ffffff</color>
    <color name="emui_text_summary_dark">#80ffffff</color>
    <color name="emui_primary_text_dark_disabled">#33ffffff</color>
    <color name="emui_text_dark">#ffffff</color>
    <color name="emui_primary_text">#ffffff</color>
    <color name="emui_secondary_text">#80ffffff</color>
    <color name="notify_title_color">#ffffff</color>
    <color name="notify_text_color">#80ffffff</color>
    <color name="btn_blue">H7_ACCENT_COLOR</color>
    <color name="timer_unit_color">#4dffffff</color>
    <color name="transparency_50_color">#80ffffff</color>
    <color name="transparency_100_color">#ffffff</color>
    <color name="transparency_100_white">#202020</color>
    <color name="stop_watch_count_text_color">#ffffffff</color>
    <color name="alerm_clock_divider_color">#00ffffff</color>
    <color name="no_alarm_text_color">#80ffffff</color>
    <color name="no_alarm_color">#4dffffff</color>
    <color name="spopwatch_text_number">#ffffff</color>
    <color name="timer_transparent_number">#4dffffff</color>

    <color name="picked_time_blue_color">H7_ACCENT_COLOR</color>
    <color name="muslim_alarmtime_text_color">#7fffffff</color>
    <color name="mislim_alarm_name_color">#ffffff</color>
    <color name="muslim_nolocation_background_color">#33FF5848</color>
    <color name="muslim_set_location">#7FFFFFFF</color>
    <color name="muslim_button_text_color_green">H7_ACCENT_COLOR</color>
    <color name="muslim_clock_button_disable_text_color">H7_ACCENT_COLOR_DISABLED</color>
    <color name="muslim_updatetime_text_color">H7_ACCENT_COLOR</color>
</resources>

