<resources>
	<color name="accessibility_volume_icon_color">H7_COLOR_SYSTEMUI_VERSION</color>
	<color name="brightness_bar_left_color">H7_COLOR_SYSTEMUI_VERSION</color>
	<color name="brightness_bar_right_color">H7_COLOR_SYSTEMUI_VERSION</color>
	<color name="brightness_image_color">H7_COLOR_SYSTEMUI_VERSION</color>
	<color name="brightness_image_color_dark">H7_COLOR_SYSTEMUI_VERSION</color>
	<color name="colorBlue">H7_COLOR_SYSTEMUI_VERSION</color>
	<color name="docked_divider_background">#ff4d4d4d</color>
	<color name="docked_divider_background_pressed">#454545</color>
	<color name="docked_menu_bkg">H7_COLOR_SYSTEMUI_VERSION</color>
	<color name="docked_menu_btn_background">#ccffffff</color>
	<color name="docked_menu_press_bkg">#0781f9</color>
	<color name="docked_menu_press_bkg">H7_COLOR_SYSTEMUI_VERSION</color>
	<color name="float_tips_settings_sub_txt_color">H7_COLOR_SYSTEMUI_VERSION</color>
	<color name="float_tips_settings_txt_color">#808080</color>
	<color name="float_tips_sub_txt_color">#808080</color>
	<color name="float_tips_txt_color">#ffffff</color>
	<color name="global_screenshot_bg_btn_color">#cdffffff</color>
	<color name="global_screenshot_btn_ic_color">H7_COLOR_SYSTEMUI_VERSION</color>
	<color name="global_screenshot_btn_text_color">#ffffff</color>
	<color name="global_screenshot_edit_btn_ic_color">H7_COLOR_SYSTEMUI_VERSION</color>
	<color name="global_screenshot_long_screen_btn_ic_color">H7_COLOR_SYSTEMUI_VERSION</color>
	<color name="ic_ab_back_color">#FFFFFF</color>
	<color name="ic_public_send_color">#39b54a</color>
	<color name="icon_flash_light_on_color">H7_COLOR_SYSTEMUI_VERSION</color>
	<color name="ksh_application_group_color">H7_COLOR_SYSTEMUI_VERSION</color>
	<color name="ksh_keyword_color">#d9ffffff</color>
	<color name="ksh_system_group_color">H7_COLOR_SYSTEMUI_VERSION</color>
	<color name="magazine_detail_link_text_color">H7_COLOR_SYSTEMUI_VERSION</color>
	<color name="mw_divide_bg">H7_COLOR_SYSTEMUI_VERSION</color>
	<color name="notification_background_color_without_alpha">H7_COLOR_QSBG</color>
	<color name="notification_button_pressed_bg_color">#7A000000</color>
	<color name="notification_guts_button_text_color">H7_COLOR_SYSTEMUI_VERSION</color>
	<color name="notification_header_clock_icon_color_pressed">#88000000</color>
	<color name="notification_header_clock_text_color">#FFFFFF</color>
	<color name="notification_header_icon_color">#FFFFFF</color>
	<color name="notification_manager_tip_color">H7_COLOR_SYSTEMUI_VERSION</color>
	<color name="notification_material_background_dimmed_color">H7_COLOR_QSBG</color>
	<color name="qs_customize_background_color1">H7_COLOR_QSBG</color>
	<color name="qs_customize_background_color2">H7_COLOR_QSBG</color>
	<color name="qs_customize_content_backgroundcolor">H7_COLOR_QSBG</color>
	<color name="qs_customize_divider_backgroundcolor">#0DE6E6E6</color>
	<color name="qs_customize_divider_text_color">#ffffff</color>
	<color name="qs_detail_button">#4cbbff</color>
	<color name="qs_detail_button">H7_COLOR_SYSTEMUI_VERSION</color>
	<color name="qs_panel_background">H7_COLOR_QSBG</color>
	<color name="qs_panel_background_color">H7_COLOR_QSBG</color>
	<color name="qs_text_user">#FFFFFF</color>
	<color name="qs_tile_tint_disable">#4d4d4d</color>
	<color name="qs_tile_tint_off">#808080</color>
	<color name="qs_tile_tint_on">H7_COLOR_SYSTEMUI_VERSION</color>
	<color name="qs_tile_tint_opening">H7_COLOR_SYSTEMUI_VERSION</color>
	<color name="qs_user_detail_name">H7_COLOR_SYSTEMUI_VERSION</color>
	<color name="quick_settings_footer_dialog_text_color_link">H7_COLOR_SYSTEMUI_VERSION</color>
	<color name="quick_settings_footer_text">#808080</color>
	<color name="recent_dock_bkg">#4DFFFFFF</color>
	<color name="recent_dock_text_color">#FFFFFF</color>
	<color name="recent_task_header_background_color">#1d1d1d</color>
	<color name="ripple_drawable_dark_color">#7A000000</color>
	<color name="settings_menu_color">H7_COLOR_SYSTEMUI_VERSION</color>
	<color name="system_accent_color">H7_COLOR_SYSTEMUI_VERSION</color>
	<color name="volume_icon_color">H7_COLOR_SYSTEMUI</color>
	<color name="volume_image_color">H7_COLOR_SYSTEMUI_VERSION</color>
	<color name="volume_line_color">#00000000</color>
	<color name="volume_tip_text_color">#FFFFFF</color>
	<color name="volume_unfocus">H7_COLOR_SYSTEMUI_VERSION</color>
    <bool name="emui_light_navigation_bar">true</bool>	
    <bool name="emui_light_status_bar">true</bool>
    <bool name="gradient_color_enable">false</bool>
    <bool name="gradient_color_enable_dark">false</bool>
    <bool name="gradient_color_enable_translucent">false</bool>
    <bool name="hw_blur_effect_enable">false</bool>
    <color name="docked_divider_background_pressed">#ff5f5f5f</color>
    <color name="global_actions_alert_text">H7_COLOR_SYSTEMUI</color>
    <color name="global_actions_grid_background">H7_COLOR_QSBG</color>
    <color name="global_actions_separated_background">H7_COLOR_QSBG</color>
    <color name="global_actions_text">H7_COLOR_SYSTEMUI</color>
    <color name="ksh_keyword_color">#d9ffffff</color>
    <color name="notification_background_color_without_alpha">H7_COLOR_QSBG</color>
    <color name="notification_divider_color">H7_COLOR_QSBG</color>
    <color name="notification_guts_bg_color">H7_COLOR_SYSTEMUI</color>
    <color name="notification_guts_link_icon_tint">H7_COLOR_SYSTEMUI</color>
    <color name="notification_guts_selection_bg">H7_COLOR_QSBG</color>
    <color name="notification_guts_selection_border">H7_COLOR_SYSTEMUI</color>
    <color name="notification_legacy_background_color">H7_COLOR_SYSTEMUI</color>
    <color name="notification_material_background_color">H7_COLOR_QSBG</color>
    <color name="notification_material_background_dimmed_color">H7_COLOR_QSBG</color>
    <color name="notification_primary_text_color">H7_COLOR_SYSTEMUI</color>
    <color name="notification_ripple_untinted_color">#30ffffff</color>
    <color name="notification_shade_background_color">H7_COLOR_QSBG</color>
    <color name="qs_customize_background">H7_COLOR_QSBG</color>
    <color name="qs_customize_decoration">H7_COLOR_QSBG</color>
    <color name="qs_panel_background_color">H7_COLOR_QSBG</color>
    <color name="qs_tile_tint_disable">#ff4d4d4d</color>
    <color name="qs_tile_tint_disable_gray">#ff333333</color>
    <color name="qs_tile_tint_off_gray">#ff4d4d4d</color>
    <color name="qs_tile_tint_on_gray">#ffffffff</color>
    <color name="qs_tile_tint_opening">#ff1a1a1a</color>
    <color name="volume_image_color">H7_COLOR_SYSTEMUI</color>
    <color name="volume_line_color">#ff333333</color>
    <color name="volume_line_color">#ffcccccc</color>
    <color name="volume_progress_bg_color">#ff909090</color>
    <color name="volume_settings_icon_color">H7_COLOR_SYSTEMUI</color>
    <color name="volume_slider_inactive">#ff808080</color>
    <color name="volume_tip_text_color">H7_COLOR_SYSTEMUI</color>
    <color name="volume_unfocus">#ff808080</color>
	
	<color name="edit_line_color">#33000000</color>
	<color name="emui_control_normal">#3A000000</color>
	<color name="emui_accent">H7_COLOR_SYSTEMUI</color>
	<color name="volume_progress_back_color">#3A000000</color>
	<color name="volume_background_color">H7_COLOR_QSBG</color>
	<color name="volume_background_lower_color">H7_COLOR_QSBG</color>

</resources>