<?xml version="1.0" encoding="utf-8"?>
<resources>

    <color name="hisync_sdk_emui_accent">H7_ACCENT_COLOR</color>
    <color name="hisync_sdk_emui_functional_red">#ffed2a2b</color>
    <color name="hisync_sdk_emui_primary">#ffe6e6e6</color>
    <color name="hisync_sdk_emui_white">#ffe6e6e6</color>
    <color name="upsdk_black">#ffffffff</color>
	
    <color name="agd_appbar_primary_title">#dbffffff</color>
    <color name="agd_appbar_sub_title">#99ffffff</color>
    <color name="agd_no_wifi_tips_message">#99ffffff</color>
    <color name="agd_open_snackbar_icon_place_holder">#1affffff</color>
    <color name="black_alpha_3">#0dffffff</color>
    <color name="black_alpha_5">#1affffff</color>
    <color name="bookmark_edit_separator_bg">#33ffffff</color>
    <color name="bookmark_separator_bg">#ffffffff</color>
    <color name="bottom_tab_home_active_color">H7_ACCENT_COLOR</color>
    <color name="bottom_tab_home_active_color_private">H7_ACCENT_COLOR</color>
    <color name="bottom_tab_home_normal_color_private">#66ffffff</color>
    <color name="browser_pressed_color">#26ffffff</color>
    <color name="browser_pressed_color_pad">#26ffffff</color>
    <color name="btn_blue">H7_ACCENT_COLOR</color>
    <color name="castscreen_background_color">#66000000</color>
    <color name="click_effect_color">#26ffffff</color>
    <color name="clickeffic_default_color_emui">#26ffffff</color>
    <color name="cloud_sync_bg_color">H7_ACTIONBAR</color>
    <color name="cloud_sync_select">#26ffffff</color>
    <color name="coarse_separation_line">#1affffff</color>
    <color name="comments_browser_pressed_color">#26ffffff</color>
    <color name="comments_card_bg_highlight_blue">#0c317af7</color>
    <color name="comments_card_commenter_author_tag_bg_color">#cc00356e</color>
    <color name="comments_card_commenter_author_tag_text_color">#ffffffff</color>
    <color name="comments_card_commenter_tag_bg_color">#cc006cde</color>
    <color name="comments_clickeffic_default_color_emui">#26ffffff</color>
    <color name="comments_color_below_list_layout_bg">#1affffff</color>
    <color name="comments_color_text_unfold">H7_ACCENT_COLOR</color>
    <color name="comments_detail_action_bar_bg">H7_BACKGROUND</color>
    <color name="comments_detail_action_bar_title_color">#a9ffffff</color>
    <color name="comments_detail_bg_color">H7_BACKGROUND</color>
    <color name="comments_emui_color_bg">H7_BACKGROUND</color>
    <color name="comments_hwdivider_horizontal_color_emui">#33ffffff</color>
    <color name="comments_mssage_tag_has_been_deleted_bg_color">#26ffffff</color>
    <color name="comments_popup_comment_bg_color">H7_BACKGROUND</color>
    <color name="comments_reply_btn_bg_color">#19ffffff</color>
    <color name="comments_subheader_divider_color">#19ffffff</color>
    <color name="comments_text_hint">#7fffffff</color>
    <color name="download_button_bg">#1affffff</color>
    <color name="download_button_pressed_bg">#33ffffff</color>
    <color name="drawable_location_bar_bg">H7_BACKGROUND</color>
    <color name="drawable_location_bar_bg_private">H7_ACTIONBAR</color>
    <color name="editor_cursor_light">H7_ACCENT_COLOR</color>
    <color name="emui_accent">H7_ACCENT_COLOR</color>
    <color name="emui_accent_10_percent_alpha">#ff010919</color>
    <color name="emui_accent_pressed">H7_ACCENT_COLOR</color>
    <color name="emui_activated">H7_ACCENT_COLOR</color>
    <color name="emui_activated_end">H7_ACCENT_COLOR</color>
    <color name="emui_activated_start">H7_ACCENT_COLOR</color>
    <color name="emui_appbar_bg">H7_BACKGROUND</color>
    <color name="emui_appbar_icon">#dbffffff</color>
    <color name="emui_appbar_icon_pressed">#dbffffff</color>
    <color name="emui_appbar_subbg">H7_BACKGROUND</color>
    <color name="emui_appbar_subtitle">#99ffffff</color>
    <color name="emui_appbar_title">#dbffffff</color>
    <color name="emui_appbar_title_off">#99ffffff</color>
    <color name="emui_badge_red">#ffd94838</color>
    <color name="emui_black">#ff7f7f7f</color>
    <color name="emui_bottombar_bg">H7_BACKGROUND</color>
    <color name="emui_bottombar_bg_blur">H7_BACKGROUND</color>
    <color name="emui_bottombar_icon_off">#33ffffff</color>
    <color name="emui_bottombar_icon_off_auxcolor_01">#3fffffff</color>
    <color name="emui_bottombar_icon_off_auxcolor_02">#66ffffff</color>
    <color name="emui_bottombar_icon_on">H7_ACCENT_COLOR</color>
    <color name="emui_bottombar_icon_on_auxcolor_02">H7_ACCENT_COLOR_PRESS</color>
    <color name="emui_bottombar_subbg">H7_BACKGROUND</color>
    <color name="emui_bottombar_subbg_blur">H7_BACKGROUND</color>
    <color name="emui_bottombar_text_off">#99ffffff</color>
    <color name="emui_bottombar_text_on">H7_ACCENT_COLOR</color>
    <color name="emui_bottomsheet_bg">H7_ACTIONBAR</color>
    <color name="emui_button_default">#19ffffff</color>
    <color name="emui_button_default_disabled">#0affffff</color>
    <color name="emui_card_bg">H7_ACTIONBAR</color>
    <color name="emui_card_panel_bg">H7_ACTIONBAR</color>
    <color name="emui_center_color">H7_ACCENT_COLOR</color>
    <color name="emui_clickeffic_default_color">#26ffffff</color>
    <color name="emui_color_1">#ff5f58c7</color>
    <color name="emui_color_10">#ffe08c3a</color>
    <color name="emui_color_11">#ffd1a738</color>
    <color name="emui_color_2">H7_ACCENT_COLOR</color>
    <color name="emui_color_3">H7_ACCENT_COLOR</color>
    <color name="emui_color_4">#ff5ba854</color>
    <color name="emui_color_5">#ff86ad53</color>
    <color name="emui_color_6">#ff8c55c2</color>
    <color name="emui_color_7">#ffd64966</color>
    <color name="emui_color_8">#ffd94838</color>
    <color name="emui_color_9">#ffdb6b42</color>
    <color name="emui_color_badge">H7_ACCENT_COLOR</color>
    <color name="emui_color_bg">H7_BACKGROUND</color>
    <color name="emui_color_bg_floating">H7_ACTIONBAR</color>
    <color name="emui_color_connected">#ff5ba854</color>
    <color name="emui_color_divider_horizontal">#33ffffff</color>
    <color name="emui_color_fg">#ffffffff</color>
    <color name="emui_color_fg_1">#ff5550a6</color>
    <color name="emui_color_fg_10">#ff9e7349</color>
    <color name="emui_color_fg_11">#ff997e39</color>
    <color name="emui_color_fg_2">H7_ACCENT_COLOR</color>
    <color name="emui_color_fg_3">H7_ACCENT_COLOR</color>
    <color name="emui_color_fg_4">#ff5c8059</color>
    <color name="emui_color_fg_5">#ff6b8052</color>
    <color name="emui_color_fg_6">#ff634794</color>
    <color name="emui_color_fg_7">#ffa14a5c</color>
    <color name="emui_color_fg_8">#ff9c554b</color>
    <color name="emui_color_fg_9">#ff9e644f</color>
    <color name="emui_color_fg_inverse">#ffe5e5e5</color>
    <color name="emui_color_fg_inverse_disable">#ff666666</color>
    <color name="emui_color_fourth">#33ffffff</color>
    <color name="emui_color_gray_1">H7_ACTIONBAR</color>
    <color name="emui_color_gray_10">#ffe6e6e6</color>
    <color name="emui_color_gray_2">H7_ACTIONBAR</color>
    <color name="emui_color_gray_3">H7_ACTIONBAR</color>
    <color name="emui_color_gray_4">H7_ACTIONBAR</color>
    <color name="emui_color_gray_5">#4ce6e6e6</color>
    <color name="emui_color_gray_6">#ff666666</color>
    <color name="emui_color_gray_8">#ffb3b3b3</color>
    <color name="emui_color_gray_9">#ffcccccc</color>
    <color name="emui_color_handup">#ffd94838</color>
    <color name="emui_color_primary">#dbffffff</color>
    <color name="emui_color_progress">#99ffffff</color>
    <color name="emui_color_secondary">#99ffffff</color>
    <color name="emui_color_spinner_icon">#dbffffff</color>
    <color name="emui_color_subbg">H7_BACKGROUND</color>
    <color name="emui_color_subheader_divider">#19ffffff</color>
    <color name="emui_color_tertiary">#66ffffff</color>
    <color name="emui_color_text_highlight">H7_ACCENT_COLOR_PRESS</color>
    <color name="emui_color_text_link">H7_ACCENT_COLOR</color>
    <color name="emui_color_text_primary">#dbffffff</color>
    <color name="emui_color_text_primary_pad">#dbffffff</color>
    <color name="emui_color_text_secondary">#99ffffff</color>
    <color name="emui_color_text_tertiary">#66ffffff</color>
    <color name="emui_color_tips_bg">H7_ACTIONBAR</color>
    <color name="emui_color_tooltips_bg">H7_ACTIONBAR</color>
    <color name="emui_color_warning">#ffdb6b42</color>
    <color name="emui_control_focused">H7_ACCENT_COLOR</color>
    <color name="emui_control_focused_outline">H7_ACCENT_COLOR</color>
    <color name="emui_control_highlight">H7_ACCENT_COLOR</color>
    <color name="emui_control_hover">#19ffffff</color>
    <color name="emui_control_normal">#19ffffff</color>
    <color name="emui_control_normal_disabled">#0affffff</color>
    <color name="emui_dialog_bg">H7_ACTIONBAR</color>
    <color name="emui_end_color">H7_ACCENT_COLOR</color>
    <color name="emui_fab_bg_normal">H7_ACCENT_COLOR</color>
    <color name="emui_fab_bg_pressed">H7_ACCENT_COLOR</color>
    <color name="emui_fab_shadow_end">H7_ACCENT_COLOR_DISABLED</color>
    <color name="emui_fab_shadow_start">H7_ACCENT_COLOR_DISABLED</color>
    <color name="emui_focused_color_1">#e5ffffff</color>
    <color name="emui_focused_color_2">#99ffffff</color>
    <color name="emui_focused_color_3">#66ffffff</color>
    <color name="emui_functional_blue">H7_ACCENT_COLOR</color>
    <color name="emui_functional_blue_disable">H7_ACCENT_COLOR_DISABLED</color>
    <color name="emui_functional_green">#ff007900</color>
    <color name="emui_functional_red">#ffd94838</color>
    <color name="emui_inputbox_bg">#19ffffff</color>
    <color name="emui_inputbox_subbg">#19ffffff</color>
    <color name="emui_mask_light">#99000000</color>
    <color name="emui_mask_regular">#b2000000</color>
    <color name="emui_mask_thick">#e5000000</color>
    <color name="emui_mask_thin">#66000000</color>
    <color name="emui_navigationbar_bg">#e5000000</color>
    <color name="emui_primary">#ffffffff</color>
    <color name="emui_primary_inverse">#ffe5e5e5</color>
    <color name="emui_special_color_1">#ff392f49</color>
    <color name="emui_special_color_11">#ff4a4333</color>
    <color name="emui_special_color_2">#ff343e4a</color>
    <color name="emui_special_color_4">#ff3c4b34</color>
    <color name="emui_special_color_7">#ff443038</color>
    <color name="emui_special_color_9">#ff463630</color>
    <color name="emui_start_color">H7_ACCENT_COLOR</color>
    <color name="emui_subtab_bg">H7_BACKGROUND</color>
    <color name="emui_subtab_line_on">H7_ACCENT_COLOR</color>
    <color name="emui_subtab_text_off">#99ffffff</color>
    <color name="emui_subtab_text_on">H7_ACCENT_COLOR</color>
    <color name="emui_switch_bg_off">#33000000</color>
    <color name="emui_switch_outline_off">#66ffffff</color>
    <color name="emui_text_disabled">#66ffffff</color>
    <color name="emui_text_hint">#99ffffff</color>
    <color name="emui_text_primary">#ffffffff</color>
    <color name="emui_text_primary_inverse">#ffe5e5e5</color>
    <color name="emui_text_primary_primaryContentAlpha">#dbffffff</color>
    <color name="emui_text_primary_secondaryContentAlpha">#99ffffff</color>
    <color name="emui_toggle_bg">#19ffffff</color>
    <color name="emui_toolbar_bg">H7_BACKGROUND</color>
    <color name="emui_toolbar_icon">#dbffffff</color>
    <color name="emui_toolbar_icon_actived">H7_ACCENT_COLOR</color>
    <color name="emui_toolbar_subbg">H7_BACKGROUND</color>
    <color name="emui_toolbar_text">#dbffffff</color>
    <color name="emui_toolbar_text_actived">H7_ACCENT_COLOR</color>
    <color name="emui_white">#ffe6e6e6</color>
    <color name="emui_white_bg">H7_BACKGROUND</color>
    <color name="engine_location_bar_bg">H7_BACKGROUND</color>
    <color name="enter_or_search_text_color">#ffffffff</color>
    <color name="fake_dialog_bg">H7_ACTIONBAR</color>
    <color name="fake_dialog_divider">#33ffffff</color>
    <color name="faq_emui_accent">H7_ACCENT_COLOR</color>
    <color name="faq_emui_color_gray_10">H7_ACTIONBAR</color>
    <color name="faq_emui_color_gray_5">#4ce6e6e6</color>
    <color name="faq_emui_white">#ffe6e6e6</color>
    <color name="faq_emui_white_bg">H7_BACKGROUND</color>
    <color name="faq_sdk_action_bar_grey">H7_ACTIONBAR</color>
    <color name="faq_sdk_bar_black">#dbffffff</color>
    <color name="faq_sdk_btn_blue">H7_ACCENT_COLOR</color>
    <color name="faq_sdk_category_menu_bg">H7_ACTIONBAR</color>
    <color name="faq_sdk_dialog_bg">H7_ACTIONBAR</color>
    <color name="faq_sdk_grid_divider_color">#33e6e6e6</color>
    <color name="faq_sdk_label_assist_text_color_normal">#80e6e6e6</color>
    <color name="faq_sdk_label_highlight_text_color_normal">H7_ACCENT_COLOR</color>
    <color name="faq_sdk_label_text_color_normal">#ffe6e6e6</color>
    <color name="faq_sdk_list_divider_color">#33e6e6e6</color>
    <color name="faq_sdk_list_item_hint_text_color_normal">#4de6e6e6</color>
    <color name="faq_sdk_list_item_selector_color">#19ffffff</color>
    <color name="faq_sdk_list_item_title_text_color_normal">#ffe6e6e6</color>
    <color name="faq_sdk_menu_pressed_bg">#19ffffff</color>
    <color name="faq_sdk_notice_view_background">H7_BACKGROUND</color>
    <color name="faq_sdk_notice_view_default_text_color">#80e6e6e6</color>
    <color name="faq_sdk_notice_view_pad_background">H7_BACKGROUND</color>
    <color name="faq_sdk_online_them">H7_BACKGROUND</color>
    <color name="faq_sdk_pop_menu_bg">H7_ACTIONBAR</color>
    <color name="faq_sdk_search_bg">#19ffffff</color>
    <color name="faq_sdk_section_background_color_normal">#14ffffff</color>
    <color name="faq_sdk_section_sub_title_text_color_normal">#80e6e6e6</color>
    <color name="faq_sdk_share_bg">H7_ACTIONBAR</color>
    <color name="faq_sdk_white_bg">H7_BACKGROUND</color>
    <color name="feedback_edit_suggestion">#1affffff</color>
    <color name="feedback_sdk_action_bar_grey">H7_ACTIONBAR</color>
    <color name="feedback_sdk_bar_black">#dbffffff</color>
    <color name="feedback_sdk_common_black_20">#33ffffff</color>
    <color name="feedback_sdk_common_black_30">#4de6e6e6</color>
    <color name="feedback_sdk_common_black_40">#66ffffff</color>
    <color name="feedback_sdk_common_btn_blue">H7_ACCENT_COLOR</color>
    <color name="feedback_sdk_dialog_bg">H7_ACTIONBAR</color>
    <color name="feedback_sdk_grid_divider_color">#33e6e6e6</color>
    <color name="feedback_sdk_label_assist_text_color_normal">#80e6e6e6</color>
    <color name="feedback_sdk_label_text_color_normal">#ffe6e6e6</color>
    <color name="feedback_sdk_list_item_hint_text_color_normal">#4de6e6e6</color>
    <color name="feedback_sdk_moreservice_choose_text_color">#80e6e6e6</color>
    <color name="feedback_sdk_moreservice_text_color">#ffe6e6e6</color>
    <color name="feedback_sdk_notice_view_background">H7_BACKGROUND</color>
    <color name="feedback_sdk_notice_view_default_text_color">#80e6e6e6</color>
    <color name="feedback_sdk_notice_view_pad_background">H7_BACKGROUND</color>
    <color name="feedback_sdk_problem_common_type_info_phone">#ff747474</color>
    <color name="feedback_sdk_problem_photo_bg">H7_ACTIONBAR</color>
    <color name="feedback_sdk_problem_question_info_bg">H7_ACTIONBAR</color>
    <color name="feedback_sdk_problem_question_info_or_phone_hint">#ff606060</color>
    <color name="feedback_sdk_problem_question_info_or_phone_text">#ffffffff</color>
    <color name="feedback_sdk_problem_question_number">#ff676767</color>
    <color name="feedback_sdk_problem_recycle_normol_question_type_bg">#33ffffff</color>
    <color name="feedback_sdk_problem_recycle_select_question_type">#ffe6e6e6</color>
    <color name="feedback_sdk_problem_recycle_select_question_type_bg">H7_ACCENT_COLOR</color>
    <color name="feedback_sdk_problem_select_question_type">#ffe6e6e6</color>
    <color name="feedback_sdk_problem_submit_normol_bg">H7_ACCENT_COLOR</color>
    <color name="feedback_sdk_problem_submit_select_bg">H7_ACCENT_COLOR</color>
    <color name="feedback_sdk_problem_submit_text">H7_ACCENT_COLOR</color>
    <color name="feedback_sdk_tab_slider_bg_color_selected">H7_ACCENT_COLOR</color>
    <color name="feedback_sdk_tab_slider_bg_color_selected_50">H7_ACCENT_COLOR_PRESS</color>
    <color name="feedback_sdk_text_normal_black">#99ffffff</color>
    <color name="feedback_sdk_text_normal_black_50">#66ffffff</color>
    <color name="feedback_tab_text_color_selected_20">H7_ACCENT_COLOR_DISABLED</color>
    <color name="feedback_toggle_item_bg_color">#19ffffff</color>
    <color name="feedskit_ac_logo_placeholder_bg">#33ffffff</color>
    <color name="feedskit_black_alpha_5">#1affffff</color>
    <color name="feedskit_city_divider_Separator_color">#1affffff</color>
    <color name="feedskit_city_label_letter_color">H7_ACTIONBAR</color>
    <color name="feedskit_click_effic_color_browser_theme">#26ffffff</color>
    <color name="feedskit_coarse_divider_line">#1affffff</color>
    <color name="feedskit_color_below_list_layout_bg">#1affffff</color>
    <color name="feedskit_comments_badge_color">H7_ACTIONBAR</color>
    <color name="feedskit_comments_bg_color">#ff141415</color>
    <color name="feedskit_comments_text_hint">#7fffffff</color>
    <color name="feedskit_dark_common_white">#ffe6e6e6</color>
    <color name="feedskit_detail_column_normal">H7_BACKGROUND</color>
    <color name="feedskit_detail_loading_color">#80ffffff</color>
    <color name="feedskit_detail_menu_bg_stander">H7_ACTIONBAR</color>
    <color name="feedskit_detail_menu_pressed_color">#26ffffff</color>
    <color name="feedskit_detail_menu_text_color">#a9ffffff</color>
    <color name="feedskit_detail_menu_text_size_color">#a9ffffff</color>
    <color name="feedskit_detail_menu_text_standard_color">#80ffffff</color>
    <color name="feedskit_detail_menu_text_standard_color_stander">#80ffffff</color>
    <color name="feedskit_emui_accent_browser_theme">H7_ACCENT_COLOR</color>
    <color name="feedskit_emui_color_8_browser_theme">#ffd94838</color>
    <color name="feedskit_emui_color_bg_browser_theme">H7_BACKGROUND</color>
    <color name="feedskit_emui_color_text_primary_browser_theme">#dbffffff</color>
    <color name="feedskit_emui_color_text_secondary_browser_theme">#99ffffff</color>
    <color name="feedskit_emui_color_text_tertiary_browser_theme">#66ffffff</color>
    <color name="feedskit_emui_functional_blue_browser_theme">H7_ACCENT_COLOR</color>
    <color name="feedskit_history_navigation_bg">H7_ACTIONBAR</color>
    <color name="feedskit_hwsubtab_divider_color">#1affffff</color>
    <color name="feedskit_hyperlink_text_color">#ff657ba8</color>
    <color name="feedskit_info_flow_loading_bg">H7_BACKGROUND</color>
    <color name="feedskit_info_flow_loading_item">#ff121212</color>
    <color name="feedskit_js_modal_dialog_title">#ffffffff</color>
    <color name="feedskit_location_city_hint">#f2003164</color>
    <color name="feedskit_logo_stroke_color">#33ffffff</color>
    <color name="feedskit_navbar_bg">H7_ACTIONBAR</color>
    <color name="feedskit_navigation_bottom_bar_color">#14dadae6</color>
    <color name="feedskit_navigation_card_view_bg">#1affffff</color>
    <color name="feedskit_negative_feedback_bg">H7_ACTIONBAR</color>
    <color name="feedskit_negative_feedback_button_pressed_bg">#1affffff</color>
    <color name="feedskit_negative_feedback_button_pressed_bg_pad">#26ffffff</color>
    <color name="feedskit_newsCardIsReadTitleTextColor">#54ffffff</color>
    <color name="feedskit_news_delete_bg">H7_ACTIONBAR</color>
    <color name="feedskit_news_delete_button_bg_normal">H7_ACTIONBAR</color>
    <color name="feedskit_news_delete_button_bg_normal_pad">H7_ACTIONBAR</color>
    <color name="feedskit_newsfeed_menu_darkmode_text_color">H7_ACCENT_COLOR</color>
    <color name="feedskit_ntp_pps_download_press_color">H7_ACCENT_COLOR</color>
    <color name="feedskit_ntp_pps_download_split_line_color">#1affffff</color>
    <color name="feedskit_ntp_pps_download_view_color">H7_BACKGROUND</color>
    <color name="feedskit_personalized_tips_backgroud">#f216376f</color>
    <color name="feedskit_separate_black_alpha20">#33ffffff</color>
    <color name="feedskit_source_page_loading_bg">#1affffff</color>
    <color name="feedskit_split_line_color">#1affffff</color>
    <color name="feedskit_tips_open_color">H7_ACCENT_COLOR</color>
    <color name="feedskit_top_news_click_color">#ff383839</color>
    <color name="feedskit_top_news_default_background">#19dadae6</color>
    <color name="feedskit_video_channel_source_logo_placeholder_color">#1affffff</color>
    <color name="feedskit_video_channel_split_line_color">#1affffff</color>
    <color name="feedskit_video_traffic_color">#9ffffff</color>
    <color name="find_in_page_color_text">#61a8a8a8</color>
    <color name="find_in_page_color_text_private">#61a8a8a8</color>
    <color name="font_setting_search_view_bg">H7_ACTIONBAR</color>
    <color name="font_setting_view_bg">H7_ACTIONBAR</color>
    <color name="hiad_activie_app_desc_color">#80ffffff</color>
    <color name="hiad_open_btn_normal_bg">#1affffff</color>
    <color name="hiad_open_btn_pressed_bg">H7_ACTIONBAR</color>
    <color name="hiad_whythisad_root_bg">#ffffffff</color>
    <color name="hotword_item_bg">#1affffff</color>
    <color name="hotword_item_text_color">#ffffffff</color>
    <color name="hw_split_actionbar_bg">H7_ACTIONBAR</color>
    <color name="hwadvancedcardview_Shadow_Color_light">H7_BACKGROUND</color>
    <color name="hwalphaindexerlistview_label_shadow_color">H7_BACKGROUND</color>
    <color name="hwalphaindexerlistview_text_bg_color">H7_ACCENT_COLOR_DISABLED</color>
    <color name="hwbottomnavigationview_blur_color">H7_ACTIONBAR</color>
    <color name="hwbottomnavigationview_message_bg">#ffd30003</color>
    <color name="hwbubblelayout_shadow_color_light">H7_BACKGROUND</color>
    <color name="hwbutton_color_emui_accent_disable">H7_ACCENT_COLOR_DISABLED</color>
    <color name="hwbutton_default_pressed_color_layer">#19ffffff</color>
    <color name="hwbutton_emphasize_pressed_color_layer">#19ffffff</color>
    <color name="hwbutton_functional_blue_disable">H7_ACCENT_COLOR_DISABLED</color>
    <color name="hwdivider_horizontal_color_emui">#33ffffff</color>
    <color name="hwdivider_stripe_horizontal_color_emui">#19ffffff</color>
    <color name="hwprogressbutton_text_emphasize_color">#d8ffffff</color>
    <color name="hwprogressbutton_text_emphasize_disabled">#41ffffff</color>
    <color name="hwsearchview_color_plate_bg">#19ffffff</color>
    <color name="hwsearchview_color_plate_bg_click">#33ffffff</color>
    <color name="hwseekbar_scale_color">#33ffffff</color>
    <color name="hwseekbar_step_text">#80ffffff</color>
    <color name="hwspinner_item_disabled">#66ffffff</color>
    <color name="hwspinner_list_shadow_color">H7_BACKGROUND</color>
    <color name="hwsubtab_indicator_color">H7_ACCENT_COLOR</color>
    <color name="hwsubtab_subtab_text_on">H7_ACCENT_COLOR</color>
    <color name="hwswitch_off_track_bg">#ff616161</color>
    <color name="hwswitch_thumb_disable">#ff616161</color>
    <color name="id_fa_color_activated">H7_ACCENT_COLOR</color>
    <color name="id_fa_color_alert">#ffd94838</color>
    <color name="id_fa_color_background">H7_ACTIONBAR</color>
    <color name="id_fa_color_background_blur">H7_ACTIONBAR</color>
    <color name="id_fa_color_click_effect">#19ffffff</color>
    <color name="id_fa_color_component_normal">#19ffffff</color>
    <color name="id_fa_color_connected">#ff5ba854</color>
    <color name="id_fa_color_emphasize">H7_ACCENT_COLOR</color>
    <color name="id_fa_color_emphasize_outline">H7_ACCENT_COLOR</color>
    <color name="id_fa_color_foreground">#ffffffff</color>
    <color name="id_fa_color_handup">#ffd94838</color>
    <color name="id_fa_color_icon">#ffffffff</color>
    <color name="id_fa_color_icon_fourth">#33ffffff</color>
    <color name="id_fa_color_icon_primary">#dbffffff</color>
    <color name="id_fa_color_icon_secondary">#99ffffff</color>
    <color name="id_fa_color_icon_tertiary">#66ffffff</color>
    <color name="id_fa_color_list_card_bg">#19ffffff</color>
    <color name="id_fa_color_list_card_bg_blur">#19ffffff</color>
    <color name="id_fa_color_list_separator">#33ffffff</color>
    <color name="id_fa_color_palette1">#ff5f58c7</color>
    <color name="id_fa_color_palette10">#ffe08c3a</color>
    <color name="id_fa_color_palette11">#ffd1a738</color>
    <color name="id_fa_color_palette2">H7_ACCENT_COLOR</color>
    <color name="id_fa_color_palette3">H7_ACCENT_COLOR</color>
    <color name="id_fa_color_palette4">#ff5ba854</color>
    <color name="id_fa_color_palette5">#ff86ad53</color>
    <color name="id_fa_color_palette6">#ff8c55c2</color>
    <color name="id_fa_color_palette7">#ffd64966</color>
    <color name="id_fa_color_palette8">#ffd94838</color>
    <color name="id_fa_color_palette9">#ffdb6b42</color>
    <color name="id_fa_color_sub_background">H7_ACTIONBAR</color>
    <color name="id_fa_color_text">#ffffffff</color>
    <color name="id_fa_color_text_activated">H7_ACCENT_COLOR</color>
    <color name="id_fa_color_text_fourth">#33ffffff</color>
    <color name="id_fa_color_text_primary">#dbffffff</color>
    <color name="id_fa_color_text_secondary">#99ffffff</color>
    <color name="id_fa_color_text_tertiary">#66ffffff</color>
    <color name="id_fa_color_warning">#ffdb6b42</color>
    <color name="image_view_cover_color_normal">#0dffffff</color>
    <color name="js_modal_dialog_title">#80ffffff</color>
    <color name="language_tips_layout_color">H7_ACTIONBAR</color>
    <color name="list_item_selector_color">#19ffffff</color>
    <color name="loading_icon_background">#1a006cde</color>
    <color name="location_bar_icon_pressed">#26ffffff</color>
    <color name="location_danger_prompt_bg">#ff210b09</color>
    <color name="location_danger_prompt_text_color">#ffd94838</color>
    <color name="main_menu_bg">H7_ACTIONBAR</color>
    <color name="main_menu_bg_landspace">H7_ACTIONBAR</color>
    <color name="main_menu_text_actived">H7_ACCENT_COLOR</color>
    <color name="module_base_label_text_color_normal">#ffe6e6e6</color>
    <color name="module_base_list_divider_color">#33ffffff</color>
    <color name="more_site_gov_navigation_color">#61ffffff</color>
    <color name="more_site_top_navigation_item_background">#33ffffff</color>
    <color name="multi_window_tab_item_title">#99ffffff</color>
    <color name="multi_window_text">#dbffffff</color>
    <color name="multi_window_title_color">#ffababab</color>
    <color name="multi_window_title_color_private">#ffababab</color>
    <color name="music_title_color">#ffffffff</color>
    <color name="music_url_color">#d9ffffff</color>
    <color name="navbar_bg">H7_BACKGROUND</color>
    <color name="newsletter_color_image_red">#ffd94838</color>
    <color name="newsletter_color_image_text">#ffffffff</color>
    <color name="newsletter_color_title_bg">#1affffff</color>
    <color name="omnibox_results_direct_search_item_border">#00000000</color>
    <color name="open_ad_start_bg">H7_BACKGROUND</color>
    <color name="open_ad_start_slogan">#ff999999</color>
    <color name="open_ad_start_title">#ffe6e6e6</color>
    <color name="personal_center_appbar_background">H7_ACTIONBAR</color>
    <color name="personal_center_bg">#cc1f2426</color>
    <color name="personal_center_tool_circle_background">#cc1f2426</color>
    <color name="pps_text_color">#ffe6e6e6</color>
    <color name="progress_background">H7_ACCENT_COLOR</color>
    <color name="progress_bar_foreground">H7_ACCENT_COLOR</color>
    <color name="progress_bar_mybackground">H7_ACTIONBAR</color>
    <color name="regulatory_page_description">#d9ffffff</color>
    <color name="regulatory_page_prompt">#ffffffff</color>
    <color name="search_action_color">H7_ACCENT_COLOR</color>
    <color name="search_bar_wisdom_tips_bg">H7_ACCENT_COLOR</color>
    <color name="search_hint_color">H7_ACCENT_COLOR</color>
    <color name="search_history_text_color">#ffffffff</color>
    <color name="search_paste_bg">#1affffff</color>
    <color name="search_paste_bg_normal">H7_BACKGROUND</color>
    <color name="searchbar_bg">#19ffffff</color>
    <color name="searchbar_bg_private">H7_BACKGROUND</color>
    <color name="searchbar_icon">#99ffffff</color>
    <color name="searchbar_icon_private">#99ffffff</color>
    <color name="setting_tips">#33d94838</color>
    <color name="sharesdk_emui_color_text_primary">#dbffffff</color>
    <color name="sharesdk_share_bg">H7_ACTIONBAR</color>
    <color name="sharesdk_share_bg_private">H7_ACTIONBAR</color>
    <color name="sharesdk_share_menu_bg">H7_BACKGROUND</color>
    <color name="sharesdk_share_menu_bg_private">H7_BACKGROUND</color>
    <color name="sharesdk_share_menu_selector_bg">#26ffffff</color>
    <color name="shortcut_add_background_color">H7_ACTIONBAR</color>
    <color name="shortcut_bookmark_card_bg_color">H7_ACTIONBAR</color>
    <color name="shortcut_bookmark_shortcut_add_color">#dbffffff</color>
    <color name="shortcut_bookmark_shortcut_added_color">#66ffffff</color>
    <color name="shortcut_entry_icon_bg_color">#335291ff</color>
    <color name="shortcut_icon">#ffffffff</color>
    <color name="shortcut_icon_bg">H7_ACTIONBAR</color>
    <color name="snack_bar_secondary_text_color">#d9ffffff</color>
    <color name="snack_bar_title_color">#ffffffff</color>
    <color name="splash_bg">H7_BACKGROUND</color>
    <color name="status_bar_black">#ffffffff</color>
    <color name="status_bar_white">#ff000000</color>
    <color name="strip_searchbar_background">H7_ACTIONBAR</color>
    <color name="strip_searchbar_background_private">H7_ACTIONBAR</color>
    <color name="strip_tab_background">H7_ACTIONBAR</color>
    <color name="strip_tab_title_text">#ffffffff</color>
    <color name="subscribe_tip">#ff999999</color>
    <color name="switch_track_off_bg_emui">#66ffffff</color>
    <color name="switch_ua_tips_color">#99ffffff</color>
    <color name="tab_selected_bg">H7_ACTIONBAR</color>
    <color name="tab_selected_bg_private">H7_ACTIONBAR</color>
    <color name="tab_split_line">H7_ACTIONBAR</color>
    <color name="tab_strip_title_selected">#ffffffff</color>
    <color name="tab_strip_title_unselected">#d9ffffff</color>
    <color name="tab_unselected_bg">H7_ACTIONBAR</color>
    <color name="tabitem_page_margin_color">H7_ACTIONBAR</color>
    <color name="talkback_tab_item_title">#99ffffff</color>
    <color name="text_hightLight_color">H7_ACCENT_COLOR</color>
    <color name="text_noHighLight_color">#ffffffff</color>
    <color name="text_secondary_color">#d9ffffff</color>
    <color name="title_left_color">#d9ffffff</color>
    <color name="toggle_item_bg_color">#33ffffff</color>
    <color name="tool_bar_text_actived">H7_ACCENT_COLOR</color>
    <color name="upsdk_color_gray_1">H7_ACTIONBAR</color>
    <color name="upsdk_color_gray_10">#ffe6e6e6</color>
    <color name="url_or_search_text_color">H7_ACCENT_COLOR</color>
    <color name="urlbar_text_color">#ffffffff</color>
    <color name="webapp_splash_title_color">#ffffffff</color>
    <color name="website_label_bg_color">#195291ff</color>
    <color name="wisdom_tips_detail_status_bar_bg">H7_BACKGROUND</color>
    <color name="wisdom_tips_page_bg">#ff121212</color>
    <color name="agd_open_snackbar_icon_border">#33ffffff</color>
    <color name="comments_subheader_divider">#19ffffff</color>
    <color name="feedskit_detail_column_bg">H7_ACTIONBAR</color>
    <color name="hwspinner_list_selector_bg_focused_emui">#191f69ff</color>
    <color name="hwsubtab_emui_subtab_text_off">#89ffffff</color>
    <color name="hwsubtab_emui_subtab_text_on">#ffffffff</color>
	
	    <!--jar/aar升级时需要同步升级主题适配资源 xxx.xar/assets/dark-->
    <!--HwFeedBackSDK_5.0.7.304.aar Begin-->
    <color name="feedback_blue">H7_ACCENT_COLOR</color>
    <color name="feedback_title_bar_unnormal_color">#0D000000</color>
    <color name="feedback_transparent">#00000000</color>
    <color name="feedback_white">#FFFFFF</color>
    <color name="feedback_light_white">#55FFFFFF</color>
    <color name="feedback_divideline">#26000000</color>
    <color name="feedback_background">#f7f7f7</color>
    <color name="feedback_text_color1">#FFFFFF</color>
    <color name="feedback_text_color2">#80FFFFFF</color>
    <color name="feedback_text_color_75">#C0FFFFFF</color>
    <color name="feedback_text_color3">#33FFFFFF</color>
    <color name="feedback_highlight_color_old">H7_ACCENT_COLOR</color>
    <color name="feedback_record_listview_title">#14FFFFFF</color>
    <color name="feedback_question_type_color">#f0460e</color>
    <color name="feedback_highlight_color">H7_ACCENT_COLOR</color>
    <color name="feedback_highlight_color_disable">H7_ACCENT_COLOR_DISABLED</color>
    <color name="feedback_highlight_color_disable_old">H7_ACCENT_COLOR_DISABLED</color>
    <color name="feedback_blue_disable">H7_ACCENT_COLOR_DISABLED</color>
    <color name="feedback_smarthelper_textview_bg">#33FFFFFF</color>
    <color name="feedback_black_10">#26FFFFFF</color>
    <color name="feedback_smarthelper_user_textview_bg">H7_ACCENT_COLOR</color>
    <color name="feedback_black_03">#07000000</color>
    <color name="feedback_spannable_click_color">H7_ACCENT_COLOR</color>
    <color name="feedback_text_color_data">#FFFFFF</color>
    <color name="feedback_text_color_customer_service">#FFFFFF</color>
    <color name="feedback_common_black_5">#0cffffff</color>
    <color name="feedback_et_bg">H7_ACTIONBAR</color>
    <color name="feedback_bg_press">#0DFFFFFF</color>
    <color name="feedback_actionbar_bg">H7_ACTIONBAR</color>
    <!--HwFeedBackSDK_5.0.7.304.aar End-->

    <!--HMS_SDK_base_2.6.1.300.aar Begin-->
    <color name="upsdk_black">#FFFFFFFF</color>
    <!--HMS_SDK_base_2.6.1.300.aar End-->

    <!--HwBrowser Begin-->
    <!-- 深色主题适配 -->
    <color name="white">H7_BACKGROUND</color>
    <color name="black">#ffffff</color>
    <color name="CS_white">H7_BACKGROUND</color>
    <color name="emui_primary">#FFFFFF</color>
    <color name="emui_color_gray_10">#E6E6E6</color>
    <color name="emui_color_gray_9">#CCCCCC</color>
    <color name="emui_color_gray_8">#B3B3B3</color>
    <color name="emui_color_gray_7">#808080</color>
    <color name="emui_color_gray_6">#666666</color>
    <color name="emui_color_gray_5">#4CE6E6E6</color>
    <color name="emui_color_gray_4">#333333</color>
    <color name="emui_color_gray_3">H7_ACTIONBAR</color>
    <color name="emui_color_gray_2">H7_ACTIONBAR</color>
    <color name="emui_color_gray_1">H7_ACTIONBAR</color>
    <color name="emui_functional_green">#007900</color>
    <color name="hwseekbar_scale_color">#33ffffff</color>
    <color name="splash_bg">H7_BACKGROUND</color>
    <color name="subscribe_tip">#999999</color>
    <color name="pps_text_color">#E6E6E6</color>
    <color name="emui_color_1">#5F58C7</color>
    <color name="emui_color_10">#E08C3A</color>
    <color name="emui_color_11">#D1A738</color>
    <color name="emui_color_2">H7_ACCENT_COLOR</color>
    <color name="emui_color_3">H7_ACCENT_COLOR</color>
    <color name="emui_color_4">#5BA854</color>
    <color name="emui_color_5">#86AD53</color>
    <color name="emui_color_6">#8C55C2</color>
    <color name="emui_color_7">#D64966</color>
    <color name="emui_color_8">#D94838</color>
    <color name="emui_color_9">#DB6B42</color>

    <!-- 底部导航栏 黑底 -->
    <color name="navbar_bg">H7_ACTIONBAR</color>
    <color name="feedskit_navbar_bg">H7_ACTIONBAR</color>
    <color name="feedskit_history_navigation_bg">H7_ACTIONBAR</color>

    <!-- 非第三方网页时通知栏都设为黑底白字 -->
    <color name="status_bar_white">H7_BACKGROUND</color>
    <color name="status_bar_black">H7_BACKGROUND</color>
    <color name="feedskit_status_bar_white">H7_BACKGROUND</color>
    <color name="feedskit_status_bar_black">H7_BACKGROUND</color>

    <!-- 频道名、频道管理子标题等 白字 -->
    <color name="subscribe_tip_text">#80ffffff</color>

    <!-- 启动加载底图 -->
    <color name="below_list_layout_bg">H7_ACTIONBAR</color>

    <!-- action menus 白字 -->
    <color name="feedskit_actions_menu_button_text">#ffffff</color>

    <!-- 分割线 白底 -->
    <color name="separate_black_alpha20">#33ffffff</color>
    <color name="feedskit_separate_black_alpha20">#33ffffff</color>

    <!-- news delete dialog 黑底 -->
    <color name="feedskit_news_delete_bg">H7_ACTIONBAR</color>

    <!-- js modal dialog title Colors -->
    <color name="js_modal_dialog_title">#80FFFFFF</color>
    <color name="feedskit_js_modal_dialog_title">#ffffff</color>

    <!--HwBrowser End-->
    <color name="ntp_pps_download_view_color">H7_BACKGROUND</color>
    <!--信息流列表页背景色-->
    <color name="emui_white_bg">H7_BACKGROUND</color>

    <color name="feedskit_blur_overlay_color">H7_ACTIONBAR</color>

    <!--无痕模式下的顶部背景-->
    <color name="emui_color_gray_8_bg">H7_BACKGROUND</color>

    <!--首页-->
    <color name="home_page_sites_header_ico_background_color">#26FFFFFF</color>

    <!--统一添加，防止与夜间模式冲突-->
    <color name="search_engine_mode_locationbar_bg">H7_BACKGROUND</color>
    <color name="ntp_bg">H7_ACTIONBAR</color>

    <!--搜索栏-->
    <color name="location_bar_icon_pressed">#26FFFFFF</color>
    <color name="location_bar_url_text">#DBFFFFFF</color>
    <color name="search_drawable_location_bar_bg">H7_BACKGROUND</color>
    <!--恶意网址-->
    <color name="regulatory_page_description">#99FFFFFF</color>
    <color name="regulatory_page_prompt">#DBFFFFFF</color>
    <color name="location_danger_prompt_text_color">#D94838</color>
    <color name="location_danger_prompt_bg">#210B09</color>

    <!--EMUI10引入-->
    <color name="hw_split_actionbar_bg">H7_ACTIONBAR</color>

    <color name="emui_color_primary">#DBffffff</color>
    <color name="emui_color_text_secondary">#99FFFFFF</color>
    <color name="emui_text_hint">#99ffffff</color>
    <color name="emui_color_bg">H7_BACKGROUND</color>
    <color name="emui_toolbar_bg">H7_BACKGROUND</color>
    <color name="emui_dialog_bg">H7_ACTIONBAR</color>
    <color name="emui_toolbar_text">#DBffffff</color>
    <color name="emui_appbar_title">#DBFFFFFF</color>
    <color name="emui_color_text_tertiary">#66ffffff</color>
    <color name="browser_pressed_color">#26FFFFFF</color>
    <color name="hw_split_actionbar_bg">H7_ACTIONBAR</color>
    <color name="emui_accent">H7_ACCENT_COLOR</color>

    <!--海外意见反馈-->
    <color name="feedback_edit_suggestion">#1AFFFFFF</color>

    <color name="black_alpha_5">#1Affffff</color>
    <color name="emui_black">#e6e6e6</color>
    <color name="feedskit_black_alpha_5">#1Affffff</color>
    <color name="feedskit_emui_black">#e6e6e6</color>
    <color name="hwdivider_horizontal_color_emui">#33ffffff</color>
    <color name="hwdivider_stripe_horizontal_color_emui">#19ffffff</color>
    <color name="feedskit_hwdivider_horizontal_color_emui">#33ffffff</color>

    <!--热词相关颜色-->
    <color name="hotword_item_bg">#1AFFFFFF</color>
    <color name="hotword_item_text_color">#DBFFFFFF</color>

    <!--搜索栏底色-->
    <color name="drawable_location_bar_bg">H7_BACKGROUND</color>
    <color name="drawable_location_bar_bg_private">H7_ACTIONBAR</color>
    <color name="engine_location_bar_bg">H7_ACTIONBAR</color>

    <!--搜索框字体颜色-->
    <color name="search_hint_color">#99FFFFFF</color>
    <color name="urlbar_text_color">#DBFFFFFF</color>

    <!--搜索框右侧可按压字体相关颜色-->
    <color name="search_action_color">H7_ACCENT_COLOR</color>

    <!--搜索历史文字颜色-->
    <color name="search_history_text_color">#DBFFFFFF</color>

    <!-- 搜索界面复制内容展示UI -->
    <color name="enter_or_search_text_color">#DBFFFFFF</color>
    <color name="url_or_search_text_color">H7_ACCENT_COLOR</color>
    <color name="search_paste_bg">#1AFFFFFF</color>
    <color name="search_paste_bg_normal">H7_BACKGROUND</color>

    <!-- 搜索栏背景色 -->
    <color name="searchbar_bg">#19FFFFFF</color>
    <color name="searchbar_bg_private">H7_BACKGROUND</color>

    <!--subHeader文字颜色-->
    <color name="title_left_color">#99FFFFFF</color>

    <!--搜索联想相关颜色-->
    <color name="text_hightLight_color">H7_ACCENT_COLOR</color>
    <color name="text_noHighLight_color">#DBFFFFFF</color>
    <color name="text_secondary_color">#99FFFFFF</color>

    <!--网页进度条相关颜色-->
    <color name="progress_background">H7_ACCENT_COLOR</color>
    <color name="progress_bar_foreground">H7_ACCENT_COLOR</color>
    <color name="progress_bar_mybackground">#ffffff</color>

    <!--网页视频全屏播放组件相关颜色-->
    <color name="emui_color_fg_inverse">#E5E5E5</color>
    <color name="emui_color_fg">#FFFFFF</color>

    <!-- 网页字体设置-->
    <color name="font_setting_view_bg">H7_ACTIONBAR</color>
    <color name="font_setting_search_view_bg">H7_ACTIONBAR</color>

    <!-- 页内查找-->
    <color name="find_in_page_color_text">#66FFFFFF</color>
    <color name="find_in_page_color_text_private">#61A8A8A8</color>

    <!--多窗口相关颜色-->
    <color name="multi_window_title_color">#ABABAB</color>
    <color name="multi_window_title_color_private">#ABABAB</color>
    <color name="multi_window_bg">H7_ACTIONBAR</color>
    <color name="multi_window_snapshot_bg">H7_BACKGROUND</color>
    <color name="multi_window_text">#DBFFFFFF</color>
    <color name="multi_window_text_private">H7_ACCENT_COLOR</color>


    <color name="emui_color_text_primary">#DBffffff</color>
    <color name="emui_functional_blue">H7_ACCENT_COLOR</color>
    <color name="emui_functional_blue_disable">H7_ACCENT_COLOR_PRESS</color>
    <color name="emui_functional_red">#D94838</color>

    <!--首页主菜单-->
    <color name="main_menu_bg">H7_ACTIONBAR</color>
    <color name="main_menu_bg_landspace">H7_ACTIONBAR</color>
    <color name="main_menu_text_color">#DBFFFFFF</color>
    <color name="main_menu_text_actived">H7_ACCENT_COLOR</color>
    <color name="tool_bar_text_actived">H7_ACCENT_COLOR</color>

    <!-- download UI -->
    <color name="download_button_bg">#1AFFFFFF</color>
    <color name="download_button_pressed_bg">#33FFFFFF</color>

    <!-- 日间、night下同emui_white， dark#e6e6e6-->
    <color name="feedskit_dark_common_white">#e6e6e6</color>

    <color name="feedskit_video_traffic_color">#A9FFFFFF</color>

    <!--滑屏前进后退页面间隙颜色-->
    <color name="tabitem_page_margin_color">H7_ACTIONBAR</color>

    <!-- 自定义actionbar-->
    <color name="emui_appbar_bg">H7_BACKGROUND</color>
    <color name="newsfeed_menu_darkmode_text_color">#A9ffffff</color>

    <!-- emui 10.0 信息流详情页底图 -->
    <color name="feedskit_info_flow_loading_bg">H7_BACKGROUND</color>
    <color name="feedskit_info_flow_loading_item">H7_ACTIONBAR</color>
    <color name="feedskit_source_page_loading_bg">#1AFFFFFF</color>

    <!-- emui 10.0 pps广告下载 -->
    <color name="feedskit_ntp_pps_app_ad_download_textcolor">#ffffff</color>
    <color name="feedskit_ntp_pps_download_press_color">H7_ACCENT_COLOR</color>
    <color name="feedskit_newsfeed_download_button_bg">#4DFFFFFF</color>
    <color name="feedskit_ntp_pps_download_view_color">H7_BACKGROUND</color>
    <color name="feedskit_ntp_pps_download_split_line_color">#1AFFFFFF</color>

    <!--信息流分割线 底图-->
    <color name="feedskit_split_line_color">#1AFFFFFF</color>
    <color name="feedskit_color_below_list_layout_bg">#1AFFFFFF</color>
    <color name="color_below_list_layout_bg">#1AFFFFFF</color>

    <!-- share -->
    <color name="sharesdk_share_bg">H7_ACTIONBAR</color>
    <color name="sharesdk_share_menu_selector_bg">#26FFFFFF</color>
    <color name="sharesdk_share_menu_bg">H7_ACTIONBAR</color>
    <color name="sharesdk_emui_color_text_primary">#A9ffffff</color>

    <color name="feedskit_share_bg">H7_ACTIONBAR</color>
    <color name="feedskit_share_menu_bg">H7_ACTIONBAR</color>

    <!--feedback相关-->
    <color name="feedback_sdk_problem_submit_normol_bg">H7_ACCENT_COLOR</color>
    <color name="feedback_sdk_problem_submit_select_bg">H7_ACCENT_COLOR</color>


    <color name="feedback_sdk_problem_common_type_info_phone">#747474</color>
    <color name="feedback_sdk_problem_select_question_type">#E6E6E6</color>
    <color name="feedback_sdk_problem_question_info_bg">H7_ACTIONBAR</color>
    <color name="feedback_sdk_problem_question_info_or_phone_text">#FFFFFF</color>
    <color name="feedback_sdk_problem_question_info_or_phone_hint">#606060</color>
    <color name="feedback_sdk_problem_question_number">#676767</color>
    <color name="feedback_sdk_problem_question_max_number">#ff0000</color>
    <color name="feedback_sdk_problem_submit_text">H7_ACCENT_COLOR</color>
    <color name="feedback_sdk_problem_submit_select_text">#FFFFFF</color>

    <color name="feedback_sdk_problem_recycle_select_question_type">#E6E6E6</color>
    <color name="feedback_sdk_problem_recycle_normol_question_type_bg">#33ffffff</color>
    <color name="feedback_sdk_problem_recycle_select_question_type_bg">H7_ACCENT_COLOR</color>
    <color name="feedback_sdk_problem_photo_bg">H7_ACTIONBAR</color>
    <color name="feedback_sdk_text_normal_black">#99ffffff</color>
    <color name="feedback_sdk_label_text_color_normal">#E6E6E6</color>
    <color name="feedback_sdk_text_normal_black_50">#66ffffff</color>
    <color name="feedback_sdk_common_btn_blue">H7_ACCENT_COLOR</color>
    <color name="feedback_sdk_common_black_20">#33ffffff</color>
    <color name="feedback_sdk_moreservice_text_color">#E6E6E6</color>
    <color name="feedback_sdk_moreservice_choose_text_color">#80E6E6E6</color>
    <color name="feedback_sdk_common_black_40">#66ffffff</color>
    <color name="feedback_sdk_tab_slider_bg_color_selected">H7_ACCENT_COLOR</color>
    <color name="feedback_sdk_action_bar_grey">H7_ACTIONBAR</color>
    <color name="feedback_sdk_notice_view_default_text_color">#80E6E6E6</color>
    <color name="feedback_sdk_notice_view_pad_background">H7_BACKGROUND</color>
    <color name="feedback_sdk_notice_view_background">H7_BACKGROUND</color>
    <color name="feedback_sdk_list_item_hint_text_color_normal">#4DE6E6E6</color>
    <color name="feedback_sdk_label_assist_text_color_normal">#80E6E6E6</color>
    <color name="feedback_sdk_grid_divider_color">#33E6E6E6</color>
    <color name="feedback_sdk_common_black_30">#4DE6E6E6</color>
    <color name="feedback_sdk_tab_slider_bg_color_selected_50">H7_ACCENT_COLOR_PRESS</color>
    <color name="faq_emui_white_bg">H7_BACKGROUND</color>

    <color name="faq_emui_color_gray_10">#E6E6E6</color>
    <color name="faq_emui_accent">H7_ACCENT_COLOR</color>
    <color name="faq_emui_white">#e6e6e6</color>
    <color name="faq_emui_color_gray_5">#4CE6E6E6</color>
    <color name="feedback_toggle_item_bg_color">#19FFFFFF</color>
    <color name="feedback_tab_text_color_selected_20">H7_ACCENT_COLOR_DISABLED</color>

    <color name="strip_searchbar_background">H7_ACTIONBAR</color>
    <color name="strip_tab_background">H7_BACKGROUND</color>
    <color name="strip_tab_title_text">#DBFFFFFF</color>

    <!-- 网址状态弹框 颜色-->
    <color name="emui_color_connected">#5BA854</color>

    <!--信息流标题已读颜色-->
    <color name="feedskit_newsCardIsReadTitleTextColor">#54ffffff</color>

    <color name="feedskit_detail_menu_bg_stander">H7_ACTIONBAR</color>
    <color name="feedskit_detail_menu_vertical_pressed_color">#26FFFFFF</color>
    <color name="feedskit_detail_menu_pressed_color">#26FFFFFF</color>
    <color name="feedskit_click_effic_color_browser_theme">#26FFFFFF</color>

    <color name="ic_avatar_color">#A8A8A8</color>
    <color name="ic_avatar_bg">#616161</color>

    <color name="feedskit_ic_avatar_color">#A8A8A8</color>
    <color name="feedskit_ic_avatar_bg">#616161</color>

    <!--已读信息流标题颜色-->
    <color name="feedskit_newsCardIsReadTitleTextColor">#54ffffff</color>

    <!--更多工具栏-->
    <color name="main_menu_text_actived">H7_ACCENT_COLOR</color>

    <color name="emui_badge_red">#D94838</color>

    <color name="hwswitch_off_track_bg">#616161</color>
    <color name="hwswitch_thumb_disable">#616161</color>

    <!-- HwSearchViewP版本深色主题适配 -->
    <color name="emui_primary_inverse">#E5E5E5</color>
    <color name="emui_color_secondary">#99FFFFFF</color>
    <color name="emui_color_tertiary">#66ffffff</color>

    <!--详情页正在加载字体颜色-->
    <color name="feedskit_detail_loading_color">#80FFFFFF</color>

    <color name="feedskit_detail_menu_bg_ispicgallery">H7_BACKGROUND</color>
    <color name="feedskit_detail_menu_text_size_color">#A9FFFFFF</color>
    <color name="feedskit_detail_menu_text_standard_color">#80FFFFFF</color>

    <color name="feedskit_detail_menu_text_color">#A9ffffff</color>
    <color name="feedskit_detail_menu_text_standard_color_stander">#80FFFFFF</color>

    <color name="feedskit_detail_menu_vertical_pressed_color">#1AFFFFFF</color>

    <color name="feedskit_video_error_white">#A9FFFFFF</color>

    <color name="feedskit_location_city_hint">H7_ACCENT_COLOR</color>

    <!--城市选择分割条颜色-->
    <color name="feedskit_city_divider_Separator_color">#0DFFFFFF</color>

    <!--城市选择分割线颜色-->
    <color name="emui_color_divider_horizontal">#33FFFFFF</color>

    <!--城市选择索引栏 提示字背景色-->
    <color name="feedskit_city_label_letter_color">H7_ACTIONBAR</color>

    <color name="feedskit_news_delete_button_bg_normal">H7_ACTIONBAR</color>

    <color name="feedskit_news_delete_bg">H7_ACTIONBAR</color>
    <color name="coarse_separation_line">#1Affffff</color>

    <!--栅格化图文、视屏详情页背景色-->
    <color name="feedskit_detail_column_normal">H7_BACKGROUND</color>
    <!--栅格化图集详情背景色-->
    <color name="feedskit_detail_column_picture">H7_BACKGROUND</color>

    <!--添加书签弹框输入框下划线背景色-->
    <color name="bookmark_separator_bg">#FFFFFF</color>
    <color name="bookmark_edit_separator_bg">#33FFFFFF</color>

    <color name="more_site_gov_navigation_color">#61FFFFFF</color>
    <color name="more_site_top_navigation_item_background">#33FFFFFF</color>

    <color name="feedskit_ntp_pps_download_view_color">H7_BACKGROUND</color>
    <color name="feedskit_emui_badge_red">#D94838</color>
    <color name="setting_tips">#33D94838</color>

    <!--网页弹窗背景色-->
    <color name="fake_dialog_bg">H7_ACTIONBAR</color>
    <!--网页自定义弹窗的按钮分隔线的颜色-->
    <color name="fake_dialog_divider">#33FFFFFF</color>

    <color name="webapp_splash_title_color">#DBFFFFFF</color>

    <!--通用异常错误页面pad下的背景色-->
    <color name="faq_sdk_notice_view_pad_background">H7_BACKGROUND</color>
    <!--通用异常错误页面的背景色-->
    <color name="faq_sdk_notice_view_background">H7_BACKGROUND</color>
    <!--通用异常页面的文字颜色-->
    <color name="faq_sdk_notice_view_default_text_color">#80E6E6E6</color>
    <!--section的背景色-->
    <color name="faq_sdk_section_background_color_normal">#14ffffff</color>
    <!--section的标题文字颜色-->
    <color name="faq_sdk_section_sub_title_text_color_normal">#80E6E6E6</color>
    <!--grid 分割线颜色-->
    <color name="faq_sdk_grid_divider_color">#33E6E6E6</color>
    <!--list 分割线颜色-->
    <color name="faq_sdk_list_divider_color">#33E6E6E6</color>
    <!--list 选中状态背景色-->
    <color name="faq_sdk_list_item_selector_color">#19FFFFFF</color>
    <!--list 每个item文字颜色-->
    <color name="faq_sdk_list_item_title_text_color_normal">#E6E6E6</color>
    <!--正常文本文字颜色-->
    <color name="faq_sdk_label_text_color_normal">#E6E6E6</color>
    <!--次级文本文字颜色-->
    <color name="faq_sdk_label_assist_text_color_normal">#80E6E6E6</color>
    <!--高亮文本文字颜色-->
    <color name="faq_sdk_label_highlight_text_color_normal">H7_ACCENT_COLOR</color>
    <!--list提示文本的颜色-->
    <color name="faq_sdk_list_item_hint_text_color_normal">#4DE6E6E6</color>
    <!--主题颜色-->
    <color name="faq_sdk_action_bar_grey">H7_ACTIONBAR</color>

    <color name="faq_sdk_search_bg">#19ffffff</color>
    <color name="faq_sdk_btn_blue">H7_ACCENT_COLOR</color>
    <!--自定义分享框背景色-->
    <color name="faq_sdk_share_bg">H7_ACTIONBAR</color>
    <color name="module_base_label_text_color_normal">#E6E6E6</color>
    <color name="btn_blue">H7_ACCENT_COLOR</color>
    <color name="image_view_cover_color_normal">#0Dffffff</color>
    <color name="toggle_item_bg_color">#33FFFFFF</color>
    <color name="list_item_selector_color">#19FFFFFF</color>
    <color name="module_base_list_divider_color">#33FFFFFF</color>
    <color name="faq_sdk_category_menu_bg">H7_ACTIONBAR</color>
    <color name="faq_sdk_online_them">H7_BACKGROUND</color>

    <!--EMUI9.0 深色主题需要添加的色值-->
    <color name="faq_sdk_white_bg">H7_BACKGROUND</color>
    <color name="feedback_sdk_dialog_bg">H7_ACTIONBAR</color>

    <color name="faq_sdk_pop_menu_bg">H7_ACTIONBAR</color>
    <color name="faq_sdk_dialog_bg">H7_ACTIONBAR</color>
    <color name="faq_sdk_bar_black">#DBFFFFFF</color>
    <color name="faq_sdk_menu_pressed_bg">#19FFFFFF</color>
    <color name="feedback_sdk_bar_black">#DBFFFFFF</color>

    <color name="loading_icon_background">#1A006CDE</color>
    <color name="snack_bar_title_color">#DBFFFFFF</color>

    <color name="upsdk_color_gray_1">H7_ACTIONBAR</color>
    <color name="upsdk_color_gray_7">#808080</color>
    <color name="upsdk_color_gray_10">#E6E6E6</color>

    <color name="wisdom_tips_page_bg">H7_ACTIONBAR</color>
    <color name="wisdom_tips_detail_status_bar_bg">H7_BACKGROUND</color>
    <color name="search_bar_wisdom_tips_bg">H7_ACCENT_COLOR</color>

    <color name="tab_selected_bg">H7_ACTIONBAR</color>
    <color name="tab_unselected_bg">H7_ACTIONBAR</color>
    <color name="tab_split_line">H7_ACTIONBAR</color>
    <color name="switch_ua_tips_color">#99FFFFFF</color>
    <color name="tab_strip_title_unselected">#99FFFFFF</color>
    <color name="tab_strip_title_selected">#DBFFFFFF</color>

    <color name="snack_bar_secondary_text_color">#99FFFFFF</color>
    <color name="feedskit_emui_appbar_bg">H7_BACKGROUND</color>

    <color name="feedskit_news_delete_button_bg_normal_pad">H7_ACTIONBAR</color>
    <color name="browser_pressed_color_pad">#26FFFFFF</color>
    <color name="emui_color_text_primary_pad">#DBffffff</color>
    <color name="feedskit_negative_feedback_button_pressed_bg_pad">#26ffffff</color>

    <color name="comments_detail_bg_color">H7_BACKGROUND</color>
    <color name="comments_color_text_unfold">H7_ACCENT_COLOR</color>
    <color name="comments_avatar_color">#A8A8A8</color>
    <color name="comments_avatar_bg">#616161</color>
    <color name="comments_clickeffic_default_color_emui">#26FFFFFF</color>
    <color name="talkback_tab_item_title">#99FFFFFF</color>

    <!-- 以下是信息流sdk评论模块的深色主题色值-->
    <color name="comments_emui_color_text_primary">#DBffffff</color>
    <color name="comments_emui_color_text_secondary">#99FFFFFF</color>
    <color name="comments_emui_color_text_tertiary">#66FFFFFF</color>
    <color name="emui_color_text_link">H7_ACCENT_COLOR</color>
    <color name="emui_color_text_primary_inverse">#FFFFFFFF</color>

    <!--按压效果-->
    <color name="click_effect_color">#19FFFFFF</color>

    <!--评论卡片回复外露的背景框颜色-->
    <color name="comments_subheader_divider_color">#19FFFFFF</color>

    <!--新增卡片动画中的高亮蓝-->
    <color name="comments_card_bg_highlight_blue">#0C317AF7</color>

    <color name="comments_reply_btn_bg_color">#19FFFFFF</color>

    <!--投诉界面输入框背景色-->
    <color name="comments_complaint_edittext_bg_color">#1AFFFFFF</color>

    <color name="comments_detail_action_bar_bg">H7_BACKGROUND</color>
    <color name="comments_detail_action_bar_title_color">#A9FFFFFF</color>

    <color name="comments_mssage_tag_has_been_deleted_bg_color">#1AFFFFFF</color>
    <!--展开/收起的按钮颜色-->

    <color name="comments_card_commenter_tag_bg_color">H7_ACCENT_COLOR</color>


    <color name="feedskit_comments_bg_color">H7_ACTIONBAR</color>
    <color name="comments_text_hint">#7Fffffff</color>
    <color name="comments_browser_pressed_color">#1affffff</color>
    <color name="comments_color_below_list_layout_bg">#1AFFFFFF</color>
    <color name="comments_emui_color_bg">H7_BACKGROUND</color>
    <color name="comments_hwdivider_horizontal_color_emui">#33ffffff</color>

    <color name="feedskit_video_traffic_color">#A9FFFFFF</color>

    <color name="feedskit_comments_text_hint">#7Fffffff</color>

    <color name="feedskit_emui_color_text_primary_browser_theme">#DBFFFFFF</color>
    <color name="feedskit_emui_color_text_secondary_browser_theme">#99FFFFFF</color>
    <color name="feedskit_emui_color_text_tertiary_browser_theme">#66ffffff</color>
    <color name="feedskit_emui_functional_blue_browser_theme">H7_ACCENT_COLOR</color>
    <color name="feedskit_emui_color_text_primary_inverse_browser_theme">#FFFFFFFF</color>
    <color name="feedskit_click_effic_color_browser_theme">#26FFFFFF</color>
    <color name="feedskit_emui_accent_browser_theme">H7_ACCENT_COLOR</color>
    <color name="feedskit_emui_color_8_browser_theme">#D94838</color>
    <color name="feedskit_emui_color_bg_browser_theme">H7_BACKGROUND</color>
    <color name="feedskit_emui_dialog_bg_browser_theme">H7_ACTIONBAR</color>
    <!-- 以上是信息流sdk评论模块的深色主题色值-->

    <!--信息流聚合卡片分割条-->
    <color name="feedskit_coarse_divider_line">#1AFFFFFF</color>

    <color name="feedskit_ac_logo_placeholder_bg">#33FFFFFF</color>

    <!-- 信息流tips弹框-->
    <color name="feedskit_tips_layout_color">H7_ACTIONBAR</color>
    <color name="feedskit_tips_open_color">H7_ACCENT_COLOR</color>

    <!--刷新圈圈背景-->
    <color name="feedskit_circle_bg_light">H7_ACTIONBAR</color>

    <!--开屏广告-->
    <color name="open_ad_start_title">#E6FFFFFF</color>
    <color name="open_ad_start_slogan">#99FFFFFF</color>
    <color name="open_ad_start_bg">H7_BACKGROUND</color>

    <color name="language_tips_layout_color">H7_ACTIONBAR</color>
    <color name="comments_popup_comment_bg_color">H7_ACTIONBAR</color>

    <!-- 信息流tips弹框-->
    <color name="feedskit_tips_open_color">H7_ACCENT_COLOR</color>

    <color name="clickeffic_default_color_emui">#26FFFFFF</color>

    <!-- 鸿蒙卡片化适配-->
    <color name="emui_color_subbg">H7_BACKGROUND</color>

    <!-- emui11.1 subtab颜色  -->
    <color name="emui_subtab_text_on">H7_ACCENT_COLOR</color>
    <color name="hwsubtab_color_bg">H7_BACKGROUND</color>
    <color name="hwsubtab_emui_color_bg">H7_BACKGROUND</color>
    <color name="hwsubtab_subtab_text_off">#99FFFFFF</color>
    <color name="hwsubtab_subtab_text_on">H7_ACCENT_COLOR</color>
    <color name="hwsubtab_indicator_color">H7_ACCENT_COLOR</color>
    <color name="emui_control_focused_outline">H7_ACCENT_COLOR</color>
    <color name="emui_control_hover">#19FFFFFF</color>
    <color name="hwsubtab_click_effect_color">#26FFFFFF</color>
    <color name="emui_subtab_line_on">H7_ACCENT_COLOR</color>

    <!-- emui11.1 seekbar颜色 -->
    <color name="emui_control_normal">#19FFFFFF</color>

    <!-- emui11.1 button颜色 -->
    <color name="emui_button_default">#19FFFFFF</color>
    <color name="emui_button_default_disabled">#0AFFFFFF</color>

    <!-- 网页设置->网页字体设置 -->
    <color name="emui_accent_10_percent_alpha">H7_ACTIONBAR</color>
    <!--刷新横幅-->
    <color name="feedskit_personalized_tips_backgroud">H7_ACCENT_COLOR</color>

    <!--EMUI11鸿蒙品牌色适配-->
    <color name="emui_clickeffic_default_color">#26FFFFFF</color>
    <color name="emui_mask_thin">#66000000</color>
    <color name="emui_color_subheader_divider">#19FFFFFF</color>

    <!-- emui11.1 hwswitch颜色 -->
    <color name="hwswitch_off_track_bg">#616161</color>
    <color name="hwswitch_thumb_disable">#616161</color>
    <color name="switch_track_off_bg_emui">#66FFFFFF</color>

    <!-- emui11.1 hwsearchview颜色 -->
    <color name="emui_inputbox_bg">#19FFFFFF</color>
    <color name="emui_inputbox_subbg">#19FFFFFF</color>
    <color name="cloud_sync_bg_color">H7_ACTIONBAR</color>
    <color name="cloud_sync_select">#26FFFFFF</color>

    <color name="feedskit_video_channel_source_logo_placeholder_color">#1AFFFFFF</color>
    <color name="feedskit_video_channel_split_line_color">#1AFFFFFF</color>

    <!--置顶卡片背景色以及按压色-->
    <color name="feedskit_top_news_default_background">#19DADAE6</color>
    <!--H7_ACTIONBAR为 #19DADAE6叠加emui_clickeffic_default_color(26FFFFFF)生成-->
    <color name="feedskit_top_news_click_color">H7_ACTIONBAR</color>

    <color name="multi_window_tab_item_title">#99FFFFFF</color>

    <!--搜索直达图标的内边框线-->
    <color name="omnibox_results_direct_search_item_border">#33FFFFFF</color>

    <!--信息流logo描边颜色-->
    <color name="feedskit_logo_stroke_color">#33FFFFFF</color>

    <!--网址直达标签背景色-->
    <color name="website_label_bg_color">#195291FF</color>

    <!--搜索热榜-->
    <color name="emui_color_fg_8">#9C554B</color>
    <color name="emui_color_fg_9">#9E644F</color>
    <color name="emui_color_fg_10">#9E7349</color>

    <color name="emui_text_primary_inverse">#E5E5E5</color>

    <!--财经导航-->
    <color name="feedskit_navigation_card_view_bg">#1AFFFFFF</color>

    <!--财经快讯-->
    <color name="newsletter_color_title_bg">#1AFFFFFF</color>
    <color name="newsletter_color_image_red">#D94838</color>
    <color name="newsletter_color_image_text">#FFFFFF</color>

    <!--实验室-->
    <color name="emui_text_primary_primaryContentAlpha">#DBFFFFFF</color>
    <color name="emui_text_primary_secondaryContentAlpha">#99FFFFFF</color>

    <!-- 搜索框内图标颜色 -->
    <color name="searchbar_icon">#99FFFFFF</color>
    <color name="searchbar_icon_private">#99FFFFFF</color>

    <!--底部导航栏字体颜色-->
    <color name="bottom_tab_home_active_color">H7_ACCENT_COLOR</color>
    <color name="bottom_tab_home_active_color_private">H7_ACCENT_COLOR</color>

    <color name="bottom_tab_home_normal_color_private">#66FFFFFF</color>
    <color name="bottom_tab_home_normal_color_night">#66FFFFFF</color>

    <!-- 原捷径入口图标颜色 -->
    <color name="shortcut_entry_icon_bg_color">#335291FF</color>

    <!-- 个人中心页面 -->
    <color name="personal_center_bg">H7_ACTIONBAR</color>
    <color name="personal_center_appbar_background">H7_ACTIONBAR</color>
    <color name="personal_center_tool_circle_background">H7_ACTIONBAR</color>

    <!--捷径弹窗夜间模式颜色-->
    <color name="emui_color_fourth">#33FFFFFF</color>
    <color name="shortcut_add_background_color">H7_ACTIONBAR</color>

    <color name="emui_bottomsheet_bg">H7_ACTIONBAR</color>
    
    <!-- Webview投屏弹窗的蒙层背景颜色 -->
    <color name="castscreen_background_color">#66000000</color>

    <color name="emui_card_panel_bg">H7_ACTIONBAR</color>
    <color name="emui_bottombar_bg">H7_BACKGROUND</color>

    <color name="shortcut_bookmark_card_bg_color">H7_ACTIONBAR</color>
    <color name="shortcut_bookmark_shortcut_add_color">#DBFFFFFF</color>
    <color name="shortcut_bookmark_shortcut_added_color">#66FFFFFF</color>

	
	
</resources>
