<?xml version="1.0" encoding="utf-8"?>
<resources>
    <color name="editor_cursor_light">H7_ACCENT_COLOR</color>
    <color name="emui_accent">H7_ACCENT_COLOR</color>
    <color name="emui_accent_pressed">H7_ACCENT_COLOR</color>
    <color name="emui_activated">H7_ACCENT_COLOR</color>
    <color name="emui_activated_end">H7_ACCENT_COLOR</color>
    <color name="emui_activated_start">H7_ACCENT_COLOR</color>
    <color name="emui_appbar_bg">H7_BACKGROUND</color>
    <color name="emui_appbar_icon">#dbffffff</color>
    <color name="emui_appbar_icon_pressed">#dbffffff</color>
    <color name="emui_appbar_subbg">H7_BACKGROUND</color>
    <color name="emui_appbar_subtitle">#99ffffff</color>
    <color name="emui_appbar_title">#dbffffff</color>
    <color name="emui_appbar_title_off">#99ffffff</color>
    <color name="emui_badge_red">#ffd94838</color>
    <color name="emui_black">#ffe6e6e6</color>
    <color name="emui_bottombar_bg">H7_BACKGROUND</color>
    <color name="emui_bottombar_bg_blur">H7_BACKGROUND</color>
    <color name="emui_bottombar_icon_off">#33ffffff</color>
    <color name="emui_bottombar_icon_off_auxcolor_01">#3fffffff</color>
    <color name="emui_bottombar_icon_off_auxcolor_02">#66ffffff</color>
    <color name="emui_bottombar_icon_on">H7_ACCENT_COLOR</color>
    <color name="emui_bottombar_icon_on_auxcolor_02">#995291ff</color>
    <color name="emui_bottombar_subbg">H7_BACKGROUND</color>
    <color name="emui_bottombar_subbg_blur">H7_BACKGROUND</color>
    <color name="emui_bottombar_text_off">#99ffffff</color>
    <color name="emui_bottombar_text_on">H7_ACCENT_COLOR</color>
    <color name="emui_bottomsheet_bg">H7_ACTIONBAR</color>
    <color name="emui_button_default">#19ffffff</color>
    <color name="emui_button_default_disabled">#0affffff</color>
    <color name="emui_card_bg">H7_ACTIONBAR</color>
    <color name="emui_card_panel_bg">H7_ACTIONBAR</color>
    <color name="emui_center_color">H7_ACCENT_COLOR</color>
    <color name="emui_clickeffic_default_color">#26ffffff</color>
    <color name="emui_color_1">H7_ACCENT_COLOR</color>
    <color name="emui_color_10">#ffe08c3a</color>
    <color name="emui_color_11">#ffd1a738</color>
    <color name="emui_color_2">H7_ACCENT_COLOR</color>
    <color name="emui_color_3">H7_ACCENT_COLOR</color>
    <color name="emui_color_4">#ff5ba854</color>
    <color name="emui_color_5">#ff86ad53</color>
    <color name="emui_color_6">#ff8c55c2</color>
    <color name="emui_color_7">#ffd64966</color>
    <color name="emui_color_8">#ffd94838</color>
    <color name="emui_color_9">#ffdb6b42</color>
    <color name="emui_color_badge">H7_ACCENT_COLOR</color>
    <color name="emui_color_bg">H7_BACKGROUND</color>
    <color name="emui_color_bg_floating">H7_ACTIONBAR</color>
    <color name="emui_color_clickeffic">#13ffffff</color>
    <color name="emui_color_connected">#ff5ba854</color>
    <color name="emui_color_divider_horizontal">#33ffffff</color>
    <color name="emui_color_fg">#ffffffff</color>
    <color name="emui_color_fg_1">H7_ACCENT_COLOR</color>
    <color name="emui_color_fg_10">#ff9e7349</color>
    <color name="emui_color_fg_11">#ff997e39</color>
    <color name="emui_color_fg_2">#ff467794</color>
    <color name="emui_color_fg_3">#ff4c7a73</color>
    <color name="emui_color_fg_4">#ff5c8059</color>
    <color name="emui_color_fg_5">#ff6b8052</color>
    <color name="emui_color_fg_6">#ff634794</color>
    <color name="emui_color_fg_7">#ffa14a5c</color>
    <color name="emui_color_fg_8">#ff9c554b</color>
    <color name="emui_color_fg_9">#ff9e644f</color>
    <color name="emui_color_fg_inverse">#ffe5e5e5</color>
    <color name="emui_color_fg_inverse_disable">#ff666666</color>
    <color name="emui_color_fourth">#33ffffff</color>
    <color name="emui_color_gray_1">H7_ACTIONBAR</color>
    <color name="emui_color_gray_10">#ffe6e6e6</color>
    <color name="emui_color_gray_2">H7_ACTIONBAR</color>
    <color name="emui_color_gray_3">H7_ACTIONBAR</color>
    <color name="emui_color_gray_4">H7_ACTIONBAR</color>
    <color name="emui_color_gray_5">#4ce6e6e6</color>
    <color name="emui_color_gray_6">#ff666666</color>
    <color name="emui_color_gray_8">#ffb3b3b3</color>
    <color name="emui_color_gray_9">#ffcccccc</color>
    <color name="emui_color_handup">#ffd94838</color>
    <color name="emui_color_list_divider">#33ffffff</color>
    <color name="emui_color_primary">#dbffffff</color>
    <color name="emui_color_progress">#99ffffff</color>
    <color name="emui_color_secondary">#99ffffff</color>
    <color name="emui_color_shadow">H7_BACKGROUND</color>
    <color name="emui_color_spinner_icon">#dbffffff</color>
    <color name="emui_color_subbg">H7_BACKGROUND</color>
    <color name="emui_color_subheader_divider">#19ffffff</color>
    <color name="emui_color_tertiary">#66ffffff</color>
    <color name="emui_color_text_highlight">H7_ACCENT_COLOR_DISABLED</color>
    <color name="emui_color_text_primary">#a9ffffff</color>
    <color name="emui_color_text_secondary">#80ffffff</color>
    <color name="emui_color_text_tertiary">#66ffffff</color>
    <color name="emui_color_tips_bg">H7_ACTIONBAR</color>
    <color name="emui_color_tooltips_bg">H7_ACTIONBAR</color>
    <color name="emui_color_warning">#ffdb6b42</color>
    <color name="emui_control_focused">H7_ACCENT_COLOR</color>
    <color name="emui_control_focused_outline">H7_ACCENT_COLOR</color>
    <color name="emui_control_highlight">H7_ACCENT_COLOR</color>
    <color name="emui_control_hover">#19ffffff</color>
    <color name="emui_control_normal">#19ffffff</color>
    <color name="emui_control_normal_disabled">#0affffff</color>
    <color name="emui_dialog_bg">H7_ACTIONBAR</color>
    <color name="emui_end_color">H7_ACCENT_COLOR</color>
    <color name="emui_fab_bg_normal">H7_ACCENT_COLOR</color>
    <color name="emui_fab_bg_pressed">H7_ACCENT_COLOR</color>
    <color name="emui_fab_shadow_end">H7_ACCENT_COLOR_DISABLED</color>
    <color name="emui_fab_shadow_start">H7_ACCENT_COLOR_DISABLED</color>
    <color name="emui_focused_color_1">#e5ffffff</color>
    <color name="emui_focused_color_2">#99ffffff</color>
    <color name="emui_focused_color_3">#66ffffff</color>
    <color name="emui_functional_blue">H7_ACCENT_COLOR</color>
    <color name="emui_functional_green">#ff007900</color>
    <color name="emui_functional_red">#ffd94838</color>
    <color name="emui_inputbox_bg">#19ffffff</color>
    <color name="emui_inputbox_subbg">#19ffffff</color>
    <color name="emui_mask_light">#99000000</color>
    <color name="emui_mask_regular">#b2000000</color>
    <color name="emui_mask_thick">#e5000000</color>
    <color name="emui_mask_thin">#66000000</color>
    <color name="emui_navigationbar_bg">#e5000000</color>
    <color name="emui_primary">#ffffffff</color>
    <color name="emui_primary_inverse">#ffe5e5e5</color>
    <color name="emui_special_color_1">#ff392f49</color>
    <color name="emui_special_color_11">#ff4a4333</color>
    <color name="emui_special_color_2">#ff343e4a</color>
    <color name="emui_special_color_4">#ff3c4b34</color>
    <color name="emui_special_color_7">#ff443038</color>
    <color name="emui_special_color_9">#ff463630</color>
    <color name="emui_start_color">H7_ACCENT_COLOR</color>
    <color name="emui_subtab_bg">H7_BACKGROUND</color>
    <color name="emui_subtab_line_on">H7_ACCENT_COLOR</color>
    <color name="emui_subtab_text_off">#99ffffff</color>
    <color name="emui_subtab_text_on">H7_ACCENT_COLOR</color>
    <color name="emui_switch_bg_off">#33000000</color>
    <color name="emui_switch_outline_off">#66ffffff</color>
    <color name="emui_text_disabled">#66ffffff</color>
    <color name="emui_text_hint">#99ffffff</color>
    <color name="emui_text_primary">#ffffffff</color>
    <color name="emui_text_primary_inverse">#ffe5e5e5</color>
    <color name="emui_toggle_bg">#19ffffff</color>
    <color name="emui_toolbar_bg">H7_BACKGROUND</color>
    <color name="emui_toolbar_icon">#dbffffff</color>
    <color name="emui_toolbar_icon_actived">H7_ACCENT_COLOR</color>
    <color name="emui_toolbar_subbg">H7_BACKGROUND</color>
    <color name="emui_toolbar_text">#dbffffff</color>
    <color name="emui_toolbar_text_actived">H7_ACCENT_COLOR</color>
    <color name="emui_white">#ffe6e6e6</color>
    <color name="hiad_app_text_color">#a9ffffff</color>
    <color name="hiad_app_text_color_half">#a9ffffff</color>
    <color name="hiad_clickeffic_default_color">#26ffffff</color>
    <color name="hiad_color_bg">H7_BACKGROUND</color>
    <color name="hiad_color_text_highlight">H7_ACCENT_COLOR_DISABLED</color>
    <color name="hiad_control_focused_outline">H7_ACCENT_COLOR</color>
    <color name="hiad_control_hover">#19ffffff</color>
    <color name="hiad_dialog_gray_10">#ccffffff</color>
    <color name="hiad_emui_accent">H7_ACCENT_COLOR</color>
    <color name="hiad_emui_appbar_title">#dbffffff</color>
    <color name="hiad_emui_button">#1affffff</color>
    <color name="hiad_emui_button_pressed">#ff2e2e2e</color>
    <color name="hiad_emui_color_subbg">H7_BACKGROUND</color>
    <color name="hiad_install_success_card_color">H7_ACTIONBAR</color>
    <color name="hiad_install_success_desc_color">#99e7e7e5</color>
    <color name="hiad_install_success_title_color">#ffffffff</color>
    <color name="hiad_landing_app_down_normal_bg_hm">H7_ACCENT_COLOR</color>
    <color name="hiad_opendevice_arrow">#ffffffff</color>
    <color name="hiad_seekbar_thumb_edge_color">#08ffffff</color>
    <color name="hiad_switch_close">#ff4d4d4d</color>
    <color name="hiad_switch_close_hm">#ffffffff</color>
    <color name="hiad_switch_open_lock">H7_ACCENT_COLOR_DISABLED</color>
    <color name="hiad_video_progress_bg">#26000000</color>
    <color name="hiad_video_progress_blue_hm">H7_ACCENT_COLOR</color>
    <color name="hwadvancedcardview_Shadow_Color_light">H7_BACKGROUND</color>
    <color name="id_fa_color_activated">H7_ACCENT_COLOR</color>
    <color name="id_fa_color_alert">#ffd94838</color>
    <color name="id_fa_color_background">H7_ACTIONBAR</color>
    <color name="id_fa_color_background_blur">#cc202224</color>
    <color name="id_fa_color_click_effect">#19ffffff</color>
    <color name="id_fa_color_component_normal">#19ffffff</color>
    <color name="id_fa_color_connected">#ff5ba854</color>
    <color name="id_fa_color_emphasize">H7_ACCENT_COLOR</color>
    <color name="id_fa_color_emphasize_outline">H7_ACCENT_COLOR</color>
    <color name="id_fa_color_foreground">#ffffffff</color>
    <color name="id_fa_color_handup">#ffd94838</color>
    <color name="id_fa_color_icon">#ffffffff</color>
    <color name="id_fa_color_icon_fourth">#33ffffff</color>
    <color name="id_fa_color_icon_primary">#dbffffff</color>
    <color name="id_fa_color_icon_secondary">#99ffffff</color>
    <color name="id_fa_color_icon_tertiary">#66ffffff</color>
    <color name="id_fa_color_list_card_bg">#19ffffff</color>
    <color name="id_fa_color_list_card_bg_blur">#19ffffff</color>
    <color name="id_fa_color_list_separator">#33ffffff</color>
    <color name="id_fa_color_palette1">H7_ACCENT_COLOR</color>
    <color name="id_fa_color_palette10">#ffe08c3a</color>
    <color name="id_fa_color_palette11">#ffd1a738</color>
    <color name="id_fa_color_palette2">H7_ACCENT_COLOR</color>
    <color name="id_fa_color_palette3">H7_ACCENT_COLOR</color>
    <color name="id_fa_color_palette4">#ff5ba854</color>
    <color name="id_fa_color_palette5">#ff86ad53</color>
    <color name="id_fa_color_palette6">#ff8c55c2</color>
    <color name="id_fa_color_palette7">#ffd64966</color>
    <color name="id_fa_color_palette8">#ffd94838</color>
    <color name="id_fa_color_palette9">#ffdb6b42</color>
    <color name="id_fa_color_sub_background">H7_ACTIONBAR</color>
    <color name="id_fa_color_text">#ffffffff</color>
    <color name="id_fa_color_text_activated">H7_ACCENT_COLOR</color>
    <color name="id_fa_color_text_fourth">#33ffffff</color>
    <color name="id_fa_color_text_primary">#dbffffff</color>
    <color name="id_fa_color_text_secondary">#99ffffff</color>
    <color name="id_fa_color_text_tertiary">#66ffffff</color>
    <color name="id_fa_color_warning">#ffdb6b42</color>
    <color name="theme_color">H7_ACCENT_COLOR</color>
</resources>
