<?xml version="1.0" encoding="UTF-8"?><resources> 


    <color name="tab_title_selected_pressed_emui">H7_ACCENT_COLOR</color>
    <color name="tab_title_selected_pressed_emui_emphasize">H7_ACCENT_COLOR</color>
    <color name="sub_tab_title_normal_pressed_emui_dark">H7_ACCENT_COLOR_PRESS</color>
    <color name="sub_tab_title_normal_emui_dark">H7_ACCENT_COLOR</color>
    <color name="accent_emui_dark">H7_ACCENT_COLOR</color>
    <color name="accent_on_disable_emui">H7_ACCENT_COLOR_PRESS</color>
    <color name="emui_list_separator_dark_default">H7_ACCENT_COLOR</color>
	<color name="emui_blue_light">H7_ACCENT_COLOR</color>
	<color name="emui_detail_text_pressed">H7_ACCENT_COLOR</color>
	<color name="emui_dialog_blue_light">H7_ACCENT_COLOR</color>
	<color name="alphaindexer_selected_alpha_color">H7_ACCENT_COLOR</color>
	<color name="selected_text_item">H7_ACCENT_COLOR</color>
	<color name="hw_handle_color">H7_ACCENT_COLOR</color>
	<color name="accent_emui_pressed">H7_ACCENT_COLOR_PRESS</color>
	<color name="accent_on_disable_dark_emui">H7_ACCENT_COLOR_DISABLED</color>
	<color name="switch_on_disable_dark_emui">H7_ACCENT_COLOR_DISABLED</color>
	<color name="clone_app_mark_bg_color">H7_ACCENT_COLOR</color>
	<color name="mw_divide_bg">H7_ACCENT_COLOR</color>
	<color name="emui_master_color_5">H7_ACCENT_COLOR</color>
	<color name="emui_master_color_mark_2">H7_ACCENT_COLOR</color>
	<color name="emui_master_color_mark_2_alpha_70">H7_ACCENT_COLOR_PRESS</color>
	<color name="emui_master_color_mark_2_alpha_20">H7_ACCENT_COLOR_DISABLED</color>
	<color name="sub_tab_title_emui">H7_ACCENT_COLOR</color>
	<color name="sub_tab_title_emui_dark">H7_ACCENT_COLOR</color>
	<color name="sub_tab_title_emui_emphasize">H7_ACCENT_COLOR</color>
	<color name="sub_tab_border_emui">H7_ACCENT_COLOR_PRESS</color>
	<color name="sub_tab_entity_emui">H7_ACCENT_COLOR_PRESS</color>
	<color name="notification_expandbutton_progressbar">H7_ACCENT_COLOR</color>
	<color name="ic_menu_download_normal_color">H7_ACCENT_COLOR</color>
	<color name="searchview_cursor_color_emui">H7_ACCENT_COLOR</color>
	<color name="searchview_cursor_color_emui_emphasize">H7_ACCENT_COLOR</color>
	<color name="ic_menu_download_pressed_color">H7_ACCENT_COLOR</color>
	<color name="actionbar_icon_blackback_pressed">H7_ACCENT_COLOR_PRESS</color>
	<color name="actionbar_icon_blackback">H7_ACCENT_COLOR</color>
	<color name="shutdown_recommend_empha_text_color">H7_ACCENT_COLOR</color>
	<color name="btn_text_color_disabled_normal_emui_dark">H7_ACCENT_COLOR_DISABLED</color>
	<color name="btn_text_color_normal_emui_dark">H7_ACCENT_COLOR</color>
	<color name="searchview_cursor_color_light_bg">H7_ACCENT_COLOR</color>
	<color name="emui_svg_icon_dark_disabled">H7_ACCENT_COLOR_DISABLED</color>
 	<color name="action_bar_title_emui">H7_ACCENT_COLOR</color>
	<color name="action_bar_title_emui_dark">H7_ACCENT_COLOR</color>
	<color name="accent_on_dark_emui">H7_ACCENT_COLOR</color>
    <color name="tab_title_selected_emui">H7_ACCENT_COLOR</color>
    <color name="tab_title_selected_emui_dark">H7_ACCENT_COLOR</color>
    <color name="sub_tab_title_selected_emui">H7_ACCENT_COLOR</color>
    <color name="sub_tab_title_selected_pressed_emui">H7_ACCENT_COLOR</color>
	<color name="emui_list_separator_default">H7_ACCENT_COLOR</color>
    <color name="accent_emui">H7_ACCENT_COLOR</color>
    <color name="accent_emui_text_hightlight">H7_ACCENT_COLOR_DISABLED</color>
    <color name="emui_dialog_title_text_Color">H7_ACCENT_COLOR</color>
    <color name="accent_emui_emphasize">H7_ACCENT_COLOR</color>
    <color name="accent_emui_emphasize_pressed">H7_ACCENT_COLOR_PRESS</color>   
	<color name="accent_emui_emphasize_disabled">H7_ACCENT_COLOR_DISABLED</color>
    <color name="sub_tab_title_selected_pressed_emui_emphasize">H7_ACCENT_COLOR</color>
    <color name="sub_tab_title_selected_emui_emphasize">H7_ACCENT_COLOR</color>
    <color name="sub_tab_title_normal_pressed_emui_emphasize">H7_ACCENT_COLOR</color>
    <color name="sub_tab_title_normal_emui_emphasize">H7_ACCENT_COLOR</color>
    <color name="tab_title_selected_emui_emphasize">H7_ACCENT_COLOR</color> 
	<color name="emui_highlighted_text">H7_ACCENT_COLOR_PRESS</color>
    <color name="emui_progressbar_loading_fill_color">H7_ACCENT_COLOR</color>
	
	
	
	
	
	
	
	
	
	
	
	
	
	
	
	
	
	
	
	

	
	
	

	<color name="navigationbar_emui_light_line">H7_ACTIONBAR</color>
    <color name="navigationbar_emui_light">H7_ACTIONBAR</color>
    <color name="primary_emui_light">H7_ACTIONBAR</color>
	

	
	
    

    
    
    
    
    
    
    
	
    <color name="tab_bg_normal_emui">H7_BACKGROUND</color>
    
    <color name="tab_bg_normal_emui_emphasize">H7_ACTIONBAR</color>
	
	
		
	
	
	
	
	
	
       
	

	
    
	
    
    

    
    
   
	
	
     


   
    
    
    
    
    
    
    
    
    
    

    
	
    
	
	
    
    
    
	
	
    <color name="switch_bg_off_emui">H7_ACTIONBAR</color> 
     
    
    
	
	
    
    
    
    
     
	

    
    
		
	
    

	
    
    
	
	
	
    
    
 
</resources>