﻿<?xml version="1.0" encoding="utf-8"?>
<resources>

    <color name="pc_page_oobce_bottom_dop_normal_bg">#21ffffff</color>
    <color name="pc_page_summary_text_color">#7fffffff</color>
    <color name="pc_page_oobe_text_color_yalan">H7_ACCENT_COLOR</color>
    <color name="pc_oobe_title_color">#ffffffff</color>
    <color name="pc_page_bg">#ff000000</color>
    <color name="preference_divider_grey">#33ffffff</color>
    <color name="pc_instuction_dot">#26ffffff</color>
    <color name="emui_status_bar_color">H7_ACTIONBAR</color>
    <color name="wp_switch_checked_color">#ffffff</color>
    <color name="device_list_header_background_color">H7_ACTIONBAR</color>
    <color name="device_list_header_text_color">#7f7f7f</color>
    <color name="ic_tv_color">#7f7f7f</color>
    <color name="wireless_device_connection_success">H7_ACCENT_COLOR</color>
    <color name="easy_projection_menu_item_color">H7_ACCENT_COLOR</color>
    <color name="wp_switch_unchecked_color">H7_ACTIONBAR</color>

</resources>