<?xml version="1.0" encoding="utf-8"?>

<MIUI_Theme_Values template="DarkTemplate">
  <color name="hint_edit_text_dialog_color_light" package="miui">#66ffffff</color>
  <color name="return_call_text_color">#ffffffff</color>
  <color name="preference_secondary_text_color_pressed_light" package="miui">#99ffffff</color>
  <color name="cloud_recommend_msg_color">H7_COLOR_DIALER</color>
  <color name="picker_action_bar_tab_text_color_selected">H7_COLOR_DIALER</color>
  <color name="svg_icon_color_pressed">#99ffffff</color>
  <color name="list_text_color_checked_light" package="miui">H7_COLOR_DIALER</color>
  <color name="edit_text_color_light" package="miui">#e6ffffff</color>
  <color name="dropdown_popup_list_item_bg_normal">#00ffffff</color>
  <color name="dialog_list_text_color_normal_light" package="miui">#e6ffffff</color>
  <color name="dialer_menu_item_bg_color">#0dffffff</color>
  <color name="divider_color_light" package="miui">#0dffffff</color>
  <color name="button_text_color_light" package="miui">#99ffffff</color>
  <color name="word_photo_color" package="miui">#f4ffffff</color>
  <color name="editor_scan_bussiness_card_bg_p">H7_COLOR_DIALER_DISABLED</color>
  <color name="editor_scan_bussiness_card_bg_n">H7_COLOR_DIALER_DISABLED</color>
  <color name="text_edit_action_popup_more_normal_light" package="miui">H7_COLOR_DIALER</color>
  <color name="edit_text_search_bg_color_light" package="miui">#1affffff</color>
  <color name="checkbox_btn_on_background_color_light" package="miui">H7_COLOR_DIALER</color>
  <color name="button_text_color_guide_normal_light" package="miui">#ffffffff</color>
  <color name="action_mode_button_text_color_normal_light" package="miui">#e6ffffff</color>
  <dimen name="dialer_input_margin_top"/>
  <color name="quick_contact_name_text_color" package="miui">#e6ffffff</color>
  <color name="text_edit_action_popup_summary_normal_light" package="miui">#99ffffff</color>
  <color name="contact_detail_list_item_firstly_text_color">#e6ffffff</color>
  <dimen name="dialer_menu_padding_btm"/>
  <color name="dim_foreground_light" package="miui">#99ffffff</color>
  <color name="immersion_text_color_normal_light" package="miui">#e6ffffff</color>
  <color name="dialog_bg_color_light" package="miui">H7_ACTIONBAR</color>
  <color name="number_picker_hint_text_color" package="miui">#99ffffff</color>
  <color name="edit_text_search_hint_color_light" package="miui">#66ffffff</color>
  <integer name="window_translucent_status" package="miui">2</integer>
  <color name="button_text_color_dialog_disabled_light" package="miui">#4dffffff</color>
  <color name="text_select_item_bg_color_pressed_light" package="miui">#0dffffff</color>
  <color name="contact_photoview_end_color">H7_BACKGROUND</color>
  <color name="svg_dropdown_indicator">#99ffffff</color>
  <color name="dialog_message_text_color_light" package="miui">#99ffffff</color>
  <color name="picker_action_bar_tab_text_color_normal">#66ffffff</color>
  <color name="preference_primary_text_color_pressed_light" package="miui">#e6ffffff</color>
  <color name="text_edit_action_popup_info_normal_light" package="miui">#66ffffff</color>
  <color name="contact_list_item_bg_p">#0dffffff</color>
  <color name="list_view_item_group_header_text_light" package="miui">#99ffffff</color>
  <color name="miuix_appcompat_alphabet_indexer_bg_color_light">#1affffff</color>
  <color name="blank_page_text_color_light" package="miui">#66ffffff</color>
  <color name="sliding_button_bar_off_light" package="miui">#26ffffff</color>
  <color name="list_item_bg_color_checked_light" package="miui">H7_COLOR_DIALER_DISABLED</color>
  <color name="missed_call_text">#ffED5137</color>
  <color name="dropdown_popup_list_item_bg_pressed_light" package="miui">#0dffffff</color>
  <color name="dialer_digits_location_text_color">#66ffffff</color>
  <color name="dialer_menu_item_bg_press_color">#1affffff</color>
  <color name="action_title_color_light" package="miui">#e6ffffff</color>
  <color name="checkbox_btn_on_foreground_color_light" package="miui">#ffffffff</color>
  <color name="menu_list_text_color_disabled_light" package="miui">#4dffffff</color>
  <color name="list_secondary_text_color_pressed_light" package="miui">#99ffffff</color>
  <color name="list_item_bg_normal">#00ffffff</color>
  <color name="miuix_preference_list_secondary_text_color_normal_light">#99ffffff</color>
  <color name="action_bar_subtitle_text_light" package="miui">#99ffffff</color>
  <bool name="default_theme">false</bool>
  <color name="list_secondary_text_color_disable_light" package="miui">#4dffffff</color>
  <color name="edit_text_search_color_light" package="miui">#e6ffffff</color>
  <color name="svg_icon_color_normal_light" package="miui">#e6ffffff</color>
  <color name="miuix_preference_list_secondary_text_color_checked_light">H7_COLOR_DIALER</color>
  <color name="cloud_count_normal_text_color_light" package="miui">#66ffffff</color>
  <color name="contact_detail_head_textcolor">#66ffffff</color>
  <color name="dropdown_popup_list_second_text_color_disabled">#4dffffff</color>
  <color name="contact_edit_content_bg_color">#00ffffff</color>
  <color name="picker_recent_header_color">#99ffffff</color>
  <color name="qrcode_bg_corlor">#fff7f7f7</color>
  <color name="checkbox_btn_disable_background_color_light" package="miui">#ffffffff</color>
  <color name="text_edit_action_popup_text_pressed" package="miui">H7_COLOR_DIALER</color>
  <color name="button_bg_primary_color_normal_light" package="miui">H7_COLOR_DIALER</color>
  <color name="list_secondary_text_color_checked_light" package="miui">H7_COLOR_DIALER</color>
  <color name="svg_icon_color_pressed_light" package="miui">#99ffffff</color>
  <color name="sliding_btn_slider_off_normal_color_light" package="miui">#ffffffff</color>
  <dimen name="twelve_key_digits_input_margin_top"/>
  <color name="miuix_compat_list_text_color_disable_light">#4dffffff</color>
  <color name="preference_secondary_text_color_light" package="miui">#99ffffff</color>
  <color name="miuix_preference_primary_text_color_light">#e6ffffff</color>
  <color name="t9_list_item_text_highlight">H7_COLOR_DIALER</color>
  <bool name="dialerinput_with_animation">false</bool>
  <color name="dropdown_popup_list_item_bg_normal_light" package="miui">#00ffffff</color>
  <color name="v5_list_text_color_light">#e6ffffff</color>
  <color name="preference_primary_text_color_disable_light" package="miui">#4dffffff</color>
  <color name="numberpicker_highlight_text" package="miui">H7_COLOR_DIALER</color>
  <integer name="checkwidget_stroke_disable_alpha_light" package="miui">25</integer>
  <color name="miuix_preference_first_last_divider_line_light">#1affffff</color>
  <color name="contacts_accent_color">H7_COLOR_DIALER</color>
  <color name="miuix_preference_arrow_right_disable_fill_color_light">#4dffffff</color>
  <color name="color_log_item_title_tv">#e6ffffff</color>
  <color name="button_bg_primary_color_disabled_light" package="miui">#15ffffff</color>
  <color name="sliding_btn_slider_on_pressed_color_light" package="miui">#ffffffff</color>
  <color name="miuix_preference_list_secondary_text_color_disable_light">#4dffffff</color>
  <color name="numberpicker_hint_text" package="miui">#99ffffff</color>
  <color name="miuix_preference_arrow_right_pressed_fill_color_light">#99ffffff</color>
  <color name="preference_secondary_text_color_disable_light" package="miui">#4dffffff</color>
  <color name="divider_bg_color">#00000000</color>
  <color name="edit_text_search_color">#e6ffffff</color>
  <color name="text_select_item_bg_color_normal_light" package="miui">#00ffffff</color>
  <color name="svg_icon_color_blue_disable_light" package="miui">#4cffffff</color>
  <color name="miuix_appcompat_highlight_normal_light">H7_COLOR_DIALER</color>
  <color name="checkbox_btn_stroke_color_light" package="miui">#ffffffff</color>
  <color name="text_edit_action_popup_text_normal" package="miui">#e6ffffff</color>
  <color name="number_picker_label_color" package="miui">H7_COLOR_DIALER</color>
  <color name="editor_button_default_color">#e6ffffff</color>
  <color name="contact_detail_content_bg_color">H7_BACKGROUND</color>
  <color name="quickcontact_window_bg">H7_ACTIONBAR</color>
  <color name="dropdown_popup_list_text_color_normal_light" package="miui">#e6ffffff</color>
  <color name="quick_dial_item_pos_text">#4dffffff</color>
  <color name="miuix_preference_secondary_text_color_light">#99ffffff</color>
  <color name="progressbar_indeterminate_circle_color_light" package="miui">#e6ffffff</color>
  <color name="button_bg_color_warn_normal_light" package="miui">H7_COLOR_DIALER</color>
  <color name="dialog_list_text_color_pressed_light" package="miui">#e6ffffff</color>
  <color name="color_filter_black">#ff999999</color>
  <color name="dropdown_popup_list_text_color_checked_light" package="miui">H7_COLOR_DIALER</color>
  <color name="dialog_list_text_color_disabled_light" package="miui">#4dffffff</color>
  <color name="svg_icon_color_normal">#e6ffffff</color>
  <color name="action_mode_button_text_color_selected_light" package="miui">H7_COLOR_DIALER</color>
  <color name="bright_foreground_light" package="miui">#e6ffffff</color>
  <dimen name="dialerpad_padding_start"/>
  <color name="action_button_positive_color">H7_COLOR_DIALER</color>
  <color name="miuix_preference_primary_text_color_disable_light">#4dffffff</color>
  <color name="action_bar_title_text_color_light" package="miui">#e6ffffff</color>
  <color name="tab_text_color_focused">H7_COLOR_DIALER</color>
  <color name="action_button_text_color_pressed_light" package="miui">#99ffffff</color>
  <color name="contact_subtitle_color">#99ffffff</color>
  <color name="miuix_compat_integrated_spinner_text_color_light">#66ffffff</color>
  <bool name="status_bar_color_enable">false</bool>
  <color name="immersion_text_color_disable_light" package="miui">#4dffffff</color>
  <color name="sliding_btn_slider_on_normal_color_light" package="miui">#ffffffff</color>
  <color name="list_text_color_pressed_light" package="miui">#e6ffffff</color>
  <color name="miuix_preference_btn_radio_arrow_color">H7_COLOR_DIALER</color>
  <color name="dialer_accent_color_pressed">H7_COLOR_DIALER</color>
  <color name="cloud_status_normal_text_color_light" package="miui">#66ffffff</color>
  <color name="dropdown_popup_list_text_color_pressed_light" package="miui">#e6ffffff</color>
  <color name="miuix_preference_arrow_right_disable_stroke_color">#99ffffff</color>
  <color name="search_history_clear_all">H7_COLOR_DIALER</color>
  <color name="contact_detail_action_item_textcolor_disable">H7_COLOR_DIALER_DISABLED</color>
  <color name="dialer_digits_text_color">#e6ffffff</color>
  <color name="quick_dial_item_bg_color">#0dffffff</color>
  <color name="miuix_preference_category_text_color_light">#66ffffff</color>
  <color name="dialer_accent_color">H7_COLOR_DIALER</color>
  <integer name="checkwidget_background_normal_alpha_light" package="miui">25</integer>
  <color name="contact_list_item_bg_top_p">#0dffffff</color>
  <color name="quick_dial_item_number_text">#99ffffff</color>
  <color name="contact_list_item_bg_top_n">H7_BACKGROUND</color>
  <dimen name="double_call_btn_divider"/>
  <color name="button_bg_primary_color_pressed_light" package="miui">H7_COLOR_DIALER</color>
  <integer name="checkwidget_stroke_normal_alpha_light" package="miui">50</integer>
  <color name="button_bg_color_warn_pressed_light" package="miui">H7_COLOR_DIALER</color>
  <color name="miuix_preference_list_secondary_text_color_pressed_light">#99ffffff</color>
  <color name="miuix_appcompat_cloud_count_normal_text_color_light">#66ffffff</color>
  <color name="list_divider_stroke">#1affffff</color>
  <dimen name="dialerpad_padding_top"/>
  <color name="action_bar_tab_text_color_normal_light" package="miui">#66ffffff</color>
  <color name="miuix_compat_list_secondary_text_color_normal_light">#99ffffff</color>
  <color name="miuix_preference_secondary_text_color_disable_light">#4dffffff</color>
  <color name="menu_list_text_color_pressed_light" package="miui">#e6ffffff</color>
  <color name="miuix_appcompat_cloud_status_highlight_text_color_light">#66ffffff</color>
  <color name="miuix_compat_list_text_color_checked_light">H7_COLOR_DIALER</color>
  <color name="preference_category_text_color_light" package="miui">#99ffffff</color>
  <color name="dropdown_popup_list_item_bg_pressed">#0dffffff</color>
  <color name="quick_dial_setting_hint_text_color">#66ffffff</color>
  <color name="dialer_buttons_text_color_normal">#e6ffffff</color>
  <dimen name="shadow_height"/>
  <color name="miuix_appcompat_cloud_status_normal_text_color_light">#66ffffff</color>
  <color name="dialer_title_text_color">#e6ffffff</color>
  <color name="highlight_disabled_light" package="miui">H7_COLOR_DIALER_DISABLED</color>
  <color name="button_text_color_dialog_light" package="miui">#e6ffffff</color>
  <color name="miuix_folme_color_touch_tint">#0dffffff</color>
  <color name="svg_icon_color_red_normal_light" package="miui">#ffff2a48</color>
  <color name="list_item_bg_color_pressed_light" package="miui">#0dffffff</color>
  <color name="contact_detail_list_item_secondly_text_color">#99ffffff</color>
  <color name="secondary_text">#66000000</color>
  <color name="tab_text_color_unfocused">#66ffffff</color>
  <color name="dialer_buttons_text_color_press">#e6ffffff</color>
  <color name="dropdown_popup_list_second_text_color_pressed">#99ffffff</color>
  <color name="context_menu_item_bg_color_pressed_light" package="miui">#0dffffff</color>
  <color name="cloud_status_highlight_text_color_light" package="miui">#66ffffff</color>
  <color name="action_mode_button_text_color_disable_light" package="miui">#4cffffff</color>
  <color name="svg_icon_color_blue_normal_light" package="miui">H7_COLOR_DIALER</color>
  <bool name="status_bar_color_white">true</bool>
  <color name="editor_hint_text_color_n">#66ffffff</color>
  <color name="dropdown_popup_list_second_text_color_checked">H7_COLOR_DIALER_DISABLED</color>
  <color name="action_button_text_color_disable_light" package="miui">#4cffffff</color>
  <color name="svg_icon_color_disable">#4cffffff</color>
  <color name="immersion_text_color_pressed_light" package="miui">#e6ffffff</color>
  <color name="number_picker_highlight_text_color" package="miui">H7_COLOR_DIALER</color>
  <color name="sliding_button_bar_on_light" package="miui">H7_COLOR_DIALER</color>
  <color name="numberpicker_label" package="miui">H7_COLOR_DIALER</color>
  <color name="preference_primary_text_color_light" package="miui">#e6ffffff</color>
  <color name="accent_color_light" package="miui">H7_COLOR_DIALER</color>
  <color name="miuix_preference_secondary_text_color_checked_light">H7_COLOR_DIALER</color>
  <color name="miuix_preference_arrow_right_pressed_stroke_color">#4dffffff</color>
  <color name="list_text_color_normal_light" package="miui">#e6ffffff</color>
  <color name="miuix_compat_list_text_color_pressed_light">#e6ffffff</color>
  <color name="list_text_color_disable_light" package="miui">#4dffffff</color>
  <color name="dropdown_popup_list_second_text_color_normal">#99ffffff</color>
  <color name="miuix_appcompat_cloud_state_message_bg_color_normal_light">#1affffff</color>
  <color name="action_button_text_color_normal_light" package="miui">#e6ffffff</color>
  <color name="miuix_appcompat_alphabet_indexer_overlay_text_color">#ffffffff</color>
  <color name="cloud_state_message_bg_color_normal_light" package="miui">#1affffff</color>
  <color name="contact_title_color">#e6ffffff</color>
  <color name="text_edit_action_popup_title_normal_light" package="miui">#e6ffffff</color>
  <color name="quick_dial_divider_color">#00000000</color>
  <color name="svg_icon_color_blue_selected_light" package="miui">H7_COLOR_DIALER</color>
  <color name="list_secondary_text_color_pressed_light">#99ffffff</color>
  <color name="edit_text_dialog_color_normal_light" package="miui">#e6ffffff</color>
  <color name="color_filter_white">#e6ffffff</color>
  <color name="list_secondary_text_color_normal_light">#99ffffff</color>
  <color name="editor_label_text_color_n">#99ffffff</color>
  <color name="editor_label_text_color_p">#e6ffffff</color>
  <color name="quick_dial_item_bg_color_pressed">#1affffff</color>
  <color name="default_contact_list_item_bg">#00000000</color>
  <color name="dropdown_popup_list_text_color_disabled_light" package="miui">#4dffffff</color>
  <color name="search_action_mode_cancel_text_color_pressed" package="miui">#e6ffffff</color>
  <color name="highlight_normal_light" package="miui">H7_COLOR_DIALER</color>
  <color name="quickcontact_list_item_primary_text_color">#e6ffffff</color>
  <color name="dialog_message_text_color_light">#99ffffff</color>
  <color name="editor_scan_businesscard_btn_txt_color">H7_COLOR_DIALER</color>
  <color name="edit_text_search_bg_color_light">#1affffff</color>
  <color name="header_text_label_color">#99ffffff</color>
  <color name="contact_detail_action_item_textcolor">H7_COLOR_DIALER</color>
  <color name="list_secondary_text_color_normal_light" package="miui">#99ffffff</color>
  <color name="primary_text">#ff000000</color>
  <color name="svg_icon_color_red_pressed_light" package="miui">#99ffffff</color>
  <color name="dropdown_popup_list_item_bg_checked_light" package="miui">H7_COLOR_DIALER_DISABLED</color>
  <color name="miuix_appcompat_alphabet_indexer_text_color">#66ffffff</color>
  <color name="dropdown_popup_list_item_bg_checked_v12">H7_COLOR_DIALER_DISABLED</color>
  <color name="miuix_preference_arrow_right_normal_fill_color_light">#99ffffff</color>
  <color name="highlight_pressed_light" package="miui">H7_COLOR_DIALER</color>
  <color name="button_text_color_guide_disabled_light" package="miui">#4dffffff</color>
  <color name="aggregation_suggestions_item_n">H7_ACTIONBAR</color>
  <color name="miuix_preference_arrow_right_normal_stroke_color">#99ffffff</color>
  <color name="disabled_text_light" package="miui">#4dffffff</color>
  <color name="miuix_compat_list_secondary_text_color_disable_light">#4dffffff</color>
  <color name="action_button_text_color_selected_light" package="miui">H7_COLOR_DIALER</color>
  <color name="sliding_btn_slider_off_pressed_color_light" package="miui">#ffffffff</color>
  <color name="miuix_compat_list_secondary_text_color_checked_light">H7_COLOR_DIALER</color>
  <color name="menu_list_text_color_normal_light" package="miui">#e6ffffff</color>
  <color name="contact_editor_group_name_color">#e6ffffff</color>
  <dimen name="dialerpad_height"/>
  <color name="miuix_compat_list_text_color_normal_light">#e6ffffff</color>
  <color name="action_mode_title_text_color_light" package="miui">#e6ffffff</color>
  <color name="action_mode_button_text_color_pressed_light" package="miui">#99ffffff</color>
  <dimen name="dialerpad_padding_end"/>
  <color name="dialog_title_text_color" package="miui">#e6ffffff</color>
  <color name="miuix_compat_list_secondary_text_color_pressed_light">#99ffffff</color>
  <color name="aggregation_suggestions_item_p">H7_BACKGROUND</color>
  <color name="svg_icon_color_red_disable_light" package="miui">#4cffffff</color>
  <color name="quick_dial_item_name_text">#e6ffffff</color>
  <color name="search_action_mode_cancel_text_color_normal" package="miui">H7_COLOR_DIALER</color>
  <color name="svg_icon_color_blue_pressed_light" package="miui">#99ffffff</color>
  <color name="dialog_title_text_color">#e6ffffff</color>
  <integer name="checkwidget_background_disable_alpha_light" package="miui">12</integer>
  <color name="high_light_text">H7_COLOR_DIALER</color>
  <color name="svg_icon_color_disable_light" package="miui">#4cffffff</color>
  <color name="contact_detail_cover_bg_color">H7_BACKGROUND</color>
</MIUI_Theme_Values>
