<?xml version='1.0' encoding='utf-8' standalone='yes' ?>
<MIUI_Theme_Values>

	<drawable name="action_bar_bg_dark.9.png">actionbar.9.png</drawable>
	<drawable name="action_bar_bg_light.9.png">actionbar.9.png</drawable>
	<drawable name="action_bar_bg_navigation_dark.9.png">actionbar.9.png</drawable>
	<drawable name="action_bar_bg_navigation_light.9.png">actionbar.9.png</drawable>
	<drawable name="action_bar_embeded_tabs_bg_dark.9.png">actionbar.9.png</drawable>
	<drawable name="action_bar_embeded_tabs_bg_light.9.png">actionbar.9.png</drawable>
	<drawable name="action_bar_split_bg_dark.9.png">actionbar.9.png</drawable>
	<drawable name="action_bar_split_bg_expanded_dark.9.png">actionbar.9.png</drawable>
	<drawable name="action_bar_split_bg_expanded_light.9.png">actionbar.9.png</drawable>
	<drawable name="action_bar_split_bg_dark.9.png">actionbar.9.png</drawable>
	<drawable name="action_bar_split_bg_light.9.png">actionbar.9.png</drawable>
	<drawable name="action_bar_split_bg_navigation_dark.9.png">actionbar.9.png</drawable>
	<drawable name="action_bar_split_bg_navigation_light.9.png">actionbar.9.png</drawable>
	<drawable name="action_bar_title_stack_bg_dark.9.png">actionbar.9.png</drawable>
	<drawable name="action_bar_title_stack_bg_light.9.png">actionbar.9.png</drawable>
	<drawable name="action_mode_bg_dark.9.png">actionbar.9.png</drawable>
	<drawable name="action_mode_bg_dialog_light.9.png">actionbar.9.png</drawable>
	<drawable name="action_mode_bg_light.9.png">actionbar.9.png</drawable>
	<drawable name="action_mode_bg_navigation_dark.9.png">actionbar.9.png</drawable>
	<drawable name="action_mode_bg_navigation_light.9.png">actionbar.9.png</drawable>
	<drawable name="action_mode_split_bg_dark.9.png">actionbar.9.png</drawable>
	<drawable name="action_mode_split_bg_dialog_light.9.png">actionbar.9.png</drawable>
	<drawable name="action_mode_split_bg_expanded_dark.9.png">actionbar.9.png</drawable>
	<drawable name="action_mode_split_bg_expanded_light.9.png">actionbar.9.png</drawable>
	<drawable name="action_mode_split_bg_light.9.png">actionbar.9.png</drawable>
	<drawable name="action_mode_split_bg_navigation_dark.9.png">actionbar.9.png</drawable>
	<drawable name="action_mode_split_bg_navigation_light.9.png">actionbar.9.png</drawable>
	<drawable name="dialer_title_bg.9.png">dialerpad_background.9.png</drawable>
	<drawable name="ic_contact_group_photo.png">ic_contact_list_picture.png</drawable>
	<drawable name="ic_contact_list_picture2.png">ic_contact_list_picture.png</drawable>
	<drawable name="ic_contact_list_picture3.png">ic_contact_list_picture.png</drawable>
	<drawable name="ic_contact_list_picture3.png">ic_contact_list_picture.png</drawable>
	<drawable name="ic_contact_list_picture4.png">ic_contact_list_picture.png</drawable>
	<drawable name="ic_contact_sp_picture.png">ic_contact_list_picture.png</drawable>
	<drawable name="ic_contact_unknown_picture.png">ic_contact_list_picture.png</drawable>
	<drawable name="pop_up_window_list_bg.9.png">dropdown_listview_bg_light.9.png</drawable>
	<drawable name="progressbar_indeterminate_circle_small_light.png">progressbar_indeterminate_circle_light.png</drawable>
	<drawable name="search_mode_bg_dark.9.png">actionbar.9.png</drawable>
	<drawable name="search_mode_bg_light.9.png">actionbar.9.png</drawable>
	<drawable name="search_mode_input_bg_dark.9.png">actionbar.9.png</drawable>
	<drawable name="search_mode_input_bg_light.9.png">actionbar.9.png</drawable>
	<drawable name="settings_window_bg_dark.9.png">background.9.png</drawable>
	<drawable name="settings_window_bg_light.9.png">background.9.png</drawable>
	<drawable name="v5_tab_indicator_bg_dark.9.png">actionbar.9.png</drawable>
	<drawable name="v5_tab_indicator_bg_light.9.png">actionbar.9.png</drawable>
	<drawable name="v5_tab_indicator_bg_no_title_dark.9.png">actionbar.9.png</drawable>
	<drawable name="v5_tab_indicator_bg_no_title_light.9.png">actionbar.9.png</drawable>
	<drawable name="v5_title_bar_bg_dark.9.png">actionbar.9.png</drawable>
	<drawable name="v5_title_bar_bg_light.9.png">actionbar.9.png</drawable>
	<drawable name="window_bg_dark.9.png">background.9.png</drawable>
	<drawable name="window_bg_light.9.png">background.9.png</drawable>
	
</MIUI_Theme_Values>