<?xml version="1.0" encoding="utf-8"?>
<resources>
    <color name="black_40">#66ffffff</color>
    <color name="black_30">#4Dffffff</color>
    <color name="red">#ff0000</color>
    <color name="notice_view_pad_background">H7_BACKGROUND</color>
    <color name="notice_view_background">H7_BACKGROUND</color>
    <color name="web_view_background">#ffffff</color>
    <color name="error_notice_view_background">#fef6f3</color>
    <color name="tab_text_color_normal">#ffffff</color>
    <color name="tab_text_color_selected">H7_ACCENT_COLOR</color>
    <color name="tab_text_imm_color_normal">#ffffff</color>
    <color name="tab_text_imm_color_selected">#ffffff</color>
    <color name="sub_tab_text_color_normal">#BFFFFFFF</color>
    <color name="sub_tab_text_color_selected">H7_ACCENT_COLOR</color>
    <color name="btn_highlight_bg_text_color_normal">#ffffff</color>
    <color name="section_title_text_color_normal">#ffffff</color>
    <color name="section_assist_text_color_normal">#80FFFFFF</color>
    <color name="section_sub_title_text_color_normal">#C0ffffff</color>
    <color name="auto_line_btn_text_color_normal">#C0ffffff</color>
    <color name="list_item_title_text_color_normal">#ffffff</color>
    <color name="list_item_content_text_color_normal">#80FFFFFF</color>
    <color name="list_item_hint_text_color_normal">#4DFFFFFF</color>
    <color name="edit_text_hint_color_normal">#4DFFFFFF</color>
    <color name="edit_text_color_normal">#ffffff</color>
    <color name="grid_item_title_text_color_normal">#ffffff</color>
    <color name="search_view_text_color_normal">#FFFFFF</color>
    <color name="search_view_text_hint_color_normal">#4DFFFFFF</color>
    <color name="search_view_imm_text_color_normal">#66000000</color>
    <color name="sliding_tab_text_color_normal">#ffffff</color>
    <color name="sliding_tab_text_color_selected">#ffffff</color>
    <color name="notice_view_default_text_color">#80FFFFFF</color>
    <color name="label_text_color_normal">#ffffff</color>
    <color name="label_hint_text_color_normal">#33FFFFFF</color>
    <color name="label_assist_text_color_normal">#80FFFFFF</color>
    <color name="label_highlight_text_color_normal">H7_ACCENT_COLOR</color>
    <color name="label_highlight_text_color_unable">#H7_ACCENT_COLOR_DISABLED</color>
    <color name="label_highlight_text_color_pressed">H7_ACCENT_COLOR</color>
    <color name="paragraph_text_color_normal">#ffffff</color>
    <color name="paragraph_assist_text_color_normal">#99ffffff</color>
    <color name="paragraph_edit_text_color_normal">#80FFFFFF</color>
    <color name="paragraph_highlight_text_color_normal">H7_ACCENT_COLOR</color>
    <color name="url_text_color_normal">H7_ACCENT_COLOR</color>
    <color name="error_text_color_normal">#FF3320</color>
    <color name="waring_text_color_normal">#FFBA1B</color>
    <color name="section_divider_color">#26FFFFFF</color>
    <color name="list_divider_color">#26FFFFFF</color>
    <color name="grid_divider_color">#26FFFFFF</color>
    <color name="tab_bg_color_normal">H7_BACKGROUND</color>
    <color name="tab_imm_bg_color_normal">#01000000</color>
    <color name="tab_slider_bg_color_normal">#26FFFFFF</color>
    <color name="tab_slider_bg_color_selected">H7_ACCENT_COLOR</color>
    <color name="tab_slider_imm_bg_color_normal">#FFFFFFFF</color>
    <color name="tab_slider_imm_bg_color_selected">H7_BACKGROUND00</color>
    <color name="sub_tab_bg_color_normal">H7_BACKGROUND00</color>
    <color name="sub_tab_bg_color_selected">#268891b9</color>
    <color name="sub_tab_stroke_color_normal">#4D8891b9</color>
    <color name="sliding_tab_bg_color_normal">#33FFFFFF</color>
    <color name="sliding_tab_bg_color_selected">H7_ACCENT_COLOR</color>
    <color name="edit_bg_color_normal">#26FFFFFF</color>
    <color name="section_background_color_normal">#14ffffff</color>
    <color name="list_item_selector_color">#19FFFFFF</color>
    <color name="message_dot_bg_color">#ff0000</color>
    <color name="color_point">#E5ebebeb</color>
    <color name="color_point_default">#7febebeb</color>
    <color name="member_growth_line_start">#FFC65EFF</color>
    <color name="member_growth_line_end">#FF9BD4FF</color>
    <color name="member_growth_circle_color">#26ffffff</color>
    <color name="member_growth_circle_filled_color">#fcfcfc</color>
    <color name="member_growth_vertical_line_color">#ffffff</color>
    <color name="member_growth_text_color_normal">#80000000</color>
    <color name="image_view_bg_color_normal">#F4F4F4</color>
    <color name="image_view_cover_color_normal">#0Dffffff</color>
    <color name="wave_side_bar_text_color">#808080</color>
    <color name="personal_actionbar_right_color">#ffffff</color>
    <color name="black_35">#59ffffff</color>
	
	
	
	
	
	
	
	
	
	
	
	    <!-- 窗口背景色 -->
    <color name="pad_window_background">H7_BACKGROUND</color>
    <color name="window_background">H7_BACKGROUND</color>

    <!-- 分割线颜色定义 -->
    <color name="module_base_section_divider_color">#26FFFFFF</color>
    <color name="module_base_list_divider_color">#33FFFFFF</color>
    <color name="module_base_grid_divider_color">#26FFFFFF</color>

    <!-- section背景色定义 -->
    <color name="module_base_section_background_color">#14ffffff</color>

    <color name="module_base_label_text_color_normal">#E6E6E6</color>
    <color name="module_base_label_text_color_normal_70">#BCE6E6E6</color>
    <color name="module_base_label_text_color_normal_50">#80E6E6E6</color>
    <color name="module_base_label_text_color_normal_30">#4DE6E6E6</color>

    <color name="black_40">#66ffffff</color>
    <color name="black_30">#4Dffffff</color>
    <color name="black_20">#33ffffff</color>
    <!-- 主题颜色定义 黑色主题 -->
    <color name="red">#ff0000</color>
    <color name="text_normal_white">H7_BACKGROUND</color>
    <color name="text_normal_white_new">#ffffff</color>
    <!-- 窗口背景色 -->
    <color name="web_view_background">#ffffff</color>
    <!-- 首页淡红色错误提示背景色 -->
    <color name="error_notice_view_background">#3c2222</color>
    <color name="tab_text_color_selected_20">#803F97E9</color>
    <!--text颜色定义-->
    <color name="tab_text_color_normal">#ffffff</color><!-- tab开头的颜色目前只用于首页 -->
    <color name="tab_text_color_selected">H7_ACCENT_COLOR</color>
    <color name="tab_text_color_selected_new">H7_ACCENT_COLOR</color>
    <color name="text_color_selected">H7_ACCENT_COLOR</color>
    <color name="tab_text_imm_color_normal">#ffffff</color>
    <color name="tab_text_imm_color_selected">#ffffff</color>
    <color name="sub_tab_text_color_normal">#BFFFFFFF</color><!-- sub tab类似卡券页面 -->
    <color name="sub_tab_text_color_selected">H7_ACCENT_COLOR</color>
    <color name="btn_highlight_bg_text_color_normal">#ffffff</color>
    <!-- 如果btn背景色自定义为高亮色了 这里需要也自定义text的颜色 -->
    <color name="section_title_text_color_normal">#ffffff</color>
    <!-- 一个section表示一个list里面的一块 参见'我的'页面 -->
    <color name="section_assist_text_color_normal">#80E6E6E6</color>
    <color name="section_sub_title_text_color_normal">#C0ffffff</color>
    <color name="auto_line_btn_text_color_normal">#C0ffffff</color>
    <color name="list_item_title_text_color_normal">#ffffff</color>
    <color name="list_item_content_text_color_normal">#80FFFFFF</color>
    <color name="list_item_hint_text_color_normal">#4DE6E6E6</color>
    <color name="edit_text_hint_color_normal">#4DFFFFFF</color>
    <color name="edit_text_color_normal">#ffffff</color>
    <color name="grid_item_title_text_color_normal">#ffffff</color>
    <color name="search_view_text_color_normal">#FFFFFF</color>
    <color name="search_view_text_hint_color_normal">#4DFFFFFF</color>
    <color name="search_view_imm_text_color_normal">#66000000</color>
    <color name="sliding_tab_text_color_normal">#ffffff</color><!-- 参见搜索结果页面 -->
    <color name="sliding_tab_text_color_selected">#ffffff</color>
    <color name="notice_view_default_text_color">#80FFFFFF</color>
    <color name="label_text_color_normal">#E6E6E6</color><!-- label表示静态文本 -->
    <color name="label_hint_text_color_normal">#33FFFFFF</color>
    <color name="label_assist_text_color_normal">#80FFFFFF</color>
    <color name="label_highlight_text_color_normal">H7_ACCENT_COLOR</color>
    <color name="label_highlight_text_color_unable">H7_ACCENT_COLOR_DISABLED</color>
    <color name="label_highlight_text_color_pressed">H7_ACCENT_COLOR_PRESS</color>
    <color name="paragraph_text_color_normal">#ffffff</color><!-- paragraph表示大段文字 -->
    <color name="paragraph_assist_text_color_normal">#99ffffff</color><!-- paragraph表示大段文字 -->
    <color name="paragraph_edit_text_color_normal">#80FFFFFF</color>
    <color name="paragraph_highlight_text_color_normal">H7_ACCENT_COLOR</color>
    <color name="url_text_color_normal">H7_ACCENT_COLOR</color>
    <color name="error_text_color_normal">#FF3320</color>
    <color name="waring_text_color_normal">#FFBA1B</color>


    <!-- tab背景色定义 -->
    <color name="tab_bg_color_normal">H7_BACKGROUND</color>
    <color name="tab_imm_bg_color_normal">#01000000</color>
    <color name="tab_slider_bg_color_normal">#26FFFFFF</color>
    <color name="tab_slider_bg_color_selected">H7_ACCENT_COLOR</color>
    <color name="tab_slider_imm_bg_color_normal">#FFFFFFFF</color>
    <color name="tab_slider_imm_bg_color_selected">#00000000</color>
    <color name="sub_tab_bg_color_normal">#00000000</color>
    <color name="sub_tab_bg_color_selected">H7_ACCENT_COLOR_DISABLED</color>
    <color name="sub_tab_stroke_color_normal">H7_ACCENT_COLOR_DISABLED</color>
    <color name="sliding_tab_bg_color_normal">#33FFFFFF</color>
    <color name="sliding_tab_bg_color_selected">H7_ACCENT_COLOR</color>

    <!-- edittext 背景色定义 -->
    <color name="edit_bg_color_normal">#26FFFFFF</color>


    <color name="list_item_selector_color">#19FFFFFF</color>

    <color name="message_dot_bg_color">#ff0000</color>

    <!-- 圆点指示器的颜色 -->
    <color name="color_point">#E5ebebeb</color>
    <color name="color_point_default">#7febebeb</color>

    <!-- 会员成长值曲线 -->
    <color name="member_growth_line_start">#FFC65EFF</color>
    <color name="member_growth_line_end">#FF9BD4FF</color>
    <color name="member_growth_circle_color">#26ffffff</color>
    <color name="member_growth_circle_filled_color">#fcfcfc</color>
    <color name="member_growth_vertical_line_color">#ffffff</color>
    <color name="member_growth_text_color_normal">#80000000</color>

    <!-- imageView 背景 -->
    <color name="image_view_bg_color_normal">#F4F4F4</color>
    <color name="image_view_cover_color_normal">#0Dffffff</color>

    <color name="wave_side_bar_text_color">#808080</color>
    <color name="personal_actionbar_right_color">#ffffff</color>

    <color name="black_35">#59ffffff</color>


    <color name="black_for_img">#FFffffff</color>


    <color name="start_location">#80E6E6E6</color>

    <color name="btn_blue">H7_ACCENT_COLOR</color>
    <color name="btn_manual">H7_ACCENT_COLOR</color>
    <color name="action_bar_grey">H7_ACTIONBAR</color>

    <!--ItemActiveColor-->
    <color name="emui_accent">H7_ACCENT_COLOR</color>

    <color name="edit_background">#26FFFFFF</color>
    <color name="action_bar_grey_search">H7_ACTIONBAR</color>
    <color name="emui_black">#E6E6E6</color>
    <color name="emui_color_gray_1">H7_ACTIONBAR</color>
    <color name="emui_color_gray_2">H7_ACTIONBAR</color>
    <color name="emui_color_gray_3">H7_ACTIONBAR</color>
    <color name="emui_color_gray_4">H7_ACTIONBAR</color>
    <color name="emui_color_gray_5">#4CE6E6E6</color>
    <color name="emui_color_gray_6">#666666</color>
    <color name="emui_color_gray_7">#808080</color>
    <color name="emui_color_gray_8">#B3B3B3</color>
    <color name="emui_color_gray_9">#CCCCCC</color>
    <color name="emui_color_gray_10">#E6E6E6</color>

    <color name="black_10">#19ffffff</color>
    <color name="thin_divider_color">#4DFFFFFF</color>
    <color name="toggle_item_bg_color">#33FFFFFF</color>
    <color name="hwedit_emui_black_color_alpha_30">#4CE6E6E6</color>
    <color name="hwedit_emui_edit_text_hint_color">#33ffffff</color>
    <color name="notice_btn_blue">H7_ACCENT_COLOR</color>

    <color name="emui_white">#e6e6e6</color>

    <color name="emui_functional_blue">H7_ACCENT_COLOR</color>

    <color name="member_ordinay_title_color_personalcenter">#AD682D</color>
    <color name="member_sliver_title_color_personalcenter">#9BADC0</color>
    <color name="member_gold_title_color_personalcenter">#C6963D</color>
    <color name="member_platinum_title_color_personalcenter">#D6D6D6</color>
    <color name="member_dimaond_title_color_personalcenter">#E0E0E0</color>
    <color name="member_blue_dimaond_title_color_personalcenter">#6CACBD</color>
    <color name="member_crown_title_color_personalcenter">#D3BD6D</color>
    <color name="member_dimaond_levle_background_color">#33A3A3A3</color>
    <color name="member_blue_diamond_levle_background_color">#33B8D9E3</color>

    <!--华为账号SDK的主题颜色-->
    <color name="CS_emui_color_gray_10">#E6E6E6</color>
    <color name="CS_black_20_percent">#33FFFFFF</color>
    <color name="CS_black_100_percent">#ffFFFFFF</color>
    <color name="CS_black">#FFFFFF</color>
    <color name="CS_background">H7_BACKGROUND</color>
    <color name="CS_black_50_percent">#80ffffff</color>

    <color name="feedback_sdk_problem_submit_normol_bg">#04324C</color>
    <color name="feedback_sdk_problem_submit_select_bg">#0E9FFC</color>


    <color name="feedback_sdk_problem_common_type_info_phone">#747474</color>
    <color name="feedback_sdk_problem_select_question_type">#E6E6E6</color>
    <color name="feedback_sdk_problem_question_info_bg">H7_ACTIONBAR</color>
    <color name="feedback_sdk_problem_question_info_or_phone_text">#FFFFFF</color>
    <color name="feedback_sdk_problem_question_info_or_phone_hint">#606060</color>
    <color name="feedback_sdk_problem_question_number">#676767</color>
    <color name="feedback_sdk_problem_question_max_number">#ff0000</color>
    <color name="feedback_sdk_problem_submit_text">#4F7083</color>
    <color name="feedback_sdk_problem_submit_select_text">#FFFFFF</color>

    <color name="feedback_sdk_problem_recycle_select_question_type">#E6E6E6</color>
    <color name="feedback_sdk_problem_recycle_normol_question_type_bg">#33ffffff</color>
    <color name="feedback_sdk_problem_recycle_select_question_type_bg">#07507D</color>
    <color name="feedback_sdk_problem_photo_bg">H7_ACTIONBAR</color>
    <color name="feedback_sdk_text_normal_black">#E6E6E6</color>
    <color name="feedback_sdk_label_text_color_normal">#E6E6E6</color>
    <color name="feedback_sdk_text_normal_black_50">#80E6E6E6</color>
    <color name="feedback_sdk_common_btn_blue">H7_ACCENT_COLOR</color>
    <color name="feedback_sdk_common_black_20">#33ffffff</color>
    <color name="feedback_sdk_moreservice_text_color">#E6E6E6</color>
    <color name="feedback_sdk_common_black_40">#66ffffff</color>
    <color name="feedback_sdk_tab_slider_bg_color_selected">H7_ACCENT_COLOR</color>
    <color name="feedback_sdk_action_bar_grey">H7_ACTIONBAR</color>
    <color name="feedback_sdk_notice_view_default_text_color">#80E6E6E6</color>
    <color name="feedback_sdk_notice_view_pad_background">H7_BACKGROUND</color>
    <color name="feedback_sdk_notice_view_background">H7_BACKGROUND</color>
    <color name="feedback_sdk_list_item_hint_text_color_normal">#4DE6E6E6</color>
    <color name="feedback_sdk_label_assist_text_color_normal">#80E6E6E6</color>
    <color name="feedback_sdk_grid_divider_color">#33E6E6E6</color>
    <color name="feedback_sdk_common_black_30">#4DE6E6E6</color>
    <color name="feedback_sdk_tab_slider_bg_color_selected_50">#803F97E9</color>
    <color name="feedback_sdk_moreservice_choose_text_color">#80E6E6E6</color>
    <color name="hotline_item_bg">H7_ACTIONBAR</color>
    <color name="hw_dialog_title_color">#FFFFFF</color>
    <color name="emui_white_bg">H7_BACKGROUND</color>
    <color name="service_info_time_color">#99E6E6E6</color>
    <color name="feedback_sdk_common_black_50">#80E6E6E6</color>

    <!--物流进度背景色-->
    <color name="logistics_backgroud_color">H7_ACTIONBAR</color>
    <color name="label_service_work_color_remark">H7_ACCENT_COLOR</color>
    <color name="knowledge_evaluate">H7_ACCENT_COLOR</color>
    <color name="recommend_notice_color">#E6E6E6E6</color>
    <color name="recommend_notice_split_color">#33FFFFFF</color>
    <color name="repick_num_btn_30">#3A5C70</color>

    <color name="function_evaluate">#B3E6E6E6</color>
    <color name="function_evaluate_bg">H7_ACTIONBAR</color>
    <color name="calendar_add_color">#4CBBFF</color>

    <!--聊天记录-->
    <color name="chat_card_background">H7_ACTIONBAR</color>

    <!-- 隐私 -->
    <color name="privacy_txt_color">#99FFFFFF</color>

    <!-- System Color -->
    <color name="emui_color_fg">#FFFFFFFF</color>
    <color name="emui_color_fg_inverse">#E5E5E5</color>
    <color name="emui_color_bg">H7_BACKGROUND</color>
    <color name="emui_accent">H7_ACCENT_COLOR</color>
    <color name="emui_accent_inverse">#FF3F97E9</color>
    <color name="emui_functional_red">#FFFA2A2D</color>
    <color name="emui_color_warning">#FF7500</color>
    <color name="emui_color_handup">#FA2A2D</color>
    <color name="emui_color_connected">#41ba41</color>
    <!-- Widget Color -->
    <color name="emui_control_normal">#19FFFFFF</color>
    <color name="emui_control_normal_disabled">#0AFFFFFF</color>
    <color name="emui_color_list_divider">#33FFFFFF</color>
    <color name="emui_fab_icon">#FFFFFF</color>
    <color name="emui_fab_bg_normal">H7_ACCENT_COLOR</color>
    <color name="emui_fab_bg_pressed">H7_ACCENT_COLOR</color>
    <color name="emui_card_bg">#404040</color>
    <color name="emui_color_subheader_divider">#19FFFFFF</color>
    <!-- Other Color -->
    <color name="emui_text_hint">#7Fffffff</color>
    <color name="emui_text_hint_inverse">#99FFFFFF</color>
    <color name="emui_functional_blue">H7_ACCENT_COLOR</color>
    <color name="emui_functional_blue_inverse">H7_ACCENT_COLOR</color>
    <color name="emui_control_highlight">#FF3F97E9</color>
    <color name="emui_accent_pressed">#FF3F97E9</color>
    <color name="emui_button_default">#1AFFFFFF</color>
    <color name="emui_button_default_disabled">#0AFFFFFF</color>
    <color name="emui_color_divider_horizontal">#33FFFFFF</color>
    <color name="emui_list_separator_text">#80000000</color>
    <!-- Icon Color -->
    <color name="emui_primary">#FFFFFF</color>
    <color name="emui_primary_inverse">#FFFFFF</color>
    <color name="emui_color_primary">#A9FFFFFF</color>
    <color name="emui_color_secondary">#80FFFFFF</color>
    <color name="emui_color_tertiary">#61ffffff</color>
    <!-- Text Color -->
    <color name="emui_text_primary">#FFFFFF</color>
    <color name="emui_text_primary_inverse">#ffffff</color>
    <color name="emui_text_secondary_inverse">#99FFFFFF</color>
    <color name="emui_text_tertiary_inverse">#61FFFFFF</color>
    <color name="emui_color_text_primary">#A9ffffff</color>
    <color name="emui_color_text_secondary">#80FFFFFF</color>
    <color name="emui_color_text_tertiary">#61ffffff</color>
    <color name="emui_color_text_highlight">#613F97E9</color>
    <color name="emui_text_disabled">#61FFFFFF</color>
    <color name="emui_text_inverse_disable">#61FFFFFF</color>
    <!-- 9.x color -->
    <color name="emui_functional_green">#3db03d</color>
    <color name="emui_color_gray_1">H7_ACTIONBAR</color>
    <color name="emui_color_gray_2">H7_ACTIONBAR</color>
    <color name="emui_color_gray_3">H7_ACTIONBAR</color>
    <color name="emui_color_gray_4">H7_ACTIONBAR</color>
    <color name="emui_color_gray_5">#4CE6E6E6</color>
    <color name="emui_color_gray_6">#666666</color>
    <color name="emui_color_gray_7">#808080</color>
    <color name="emui_color_gray_8">#B3B3B3</color>
    <color name="emui_color_gray_9">#CCCCCC</color>
    <color name="emui_color_gray_10">#E6E6E6</color>
    <color name="emui_black">#E6E6E6</color>
    <color name="emui_color_1">#4d5ceb</color>
    <color name="emui_color_2">H7_ACCENT_COLOR</color>
    <color name="emui_color_3">#15a5ad</color>
    <color name="emui_color_4">#40ae3f</color>
    <color name="emui_color_5">#77b40f</color>
    <color name="emui_color_6">#923ae4</color>
    <color name="emui_color_7">#e20277</color>
    <color name="emui_color_8">#ed2a2b</color>
    <color name="emui_color_9">#e16808</color>
    <color name="emui_color_10">#da830b</color>
    <color name="emui_color_11">#d49f0f</color>
    <color name="emui_white">#e6e6e6</color>
    <color name="emui_white_bg">H7_BACKGROUND</color>
    <!-- alpha define dark -->
    <item name="emui_primary_content_alpha" format="float" type="dimen">.66</item>
    <item name="emui_secondary_content_alpha" format="float" type="dimen">.5</item>
    <item name="emui_tertiary_content_alpha" format="float" type="dimen">.38</item>
    <item name="emui_disabled_alpha" format="float" type="dimen">.38</item>
    <item name="emui_highlight_bg_alpha" format="float" type="dimen">.38</item>
    <item name="emui_normal_bg_alpha" format="float" type="dimen">.1</item>
    <item name="emui_tips_bg_alpha" format="float" type="dimen">.1</item>
    <item name="emui_divider_alpha" format="float" type="dimen">.1</item>
    <color name="device_center_bg_color" >#FF1A1A1A</color>
    <color name="text_color_primary" >#A8FFFFFF</color>
    <color name="text_color_secondary" >#80FFFFFF</color>

    <!--  svg color  -->
    <color name="ic_icon_message_fill_color">#007900</color>
    <color name="ic_icon_list_delete_fill_color">#D30003</color>
    <color name="ic_icon_questionnaire_fill_color">#A56200</color>
    <color name="ic_icon_notice_fill_color">#007AAC</color>
    <color name="text_color_activated">H7_ACCENT_COLOR</color>
    <color name="bg_bookmark_thumbup_banner">#F20D0D0D </color>
    <color name="ic_icon_default_svg_color">#B8B8B8</color>
    <color name="ic_icon_default_svg_color_device">#99FFFFFF</color>
    <color name="notice_view_color_filter">#3D3D3D</color>
    <color name="ic_icon_like_public_svg">#A8A8A8</color>
    <color name="ic_icon_default_fill_color">#9e9e9e</color>

    <color name="icon_normal_fill_color">#A8A8A8</color>

    <!--智能检测进度框-->
    <color name="rd_main_scren_circle_degree_background">#9EFFFFFF</color>
    <color name="rd_main_scren_progress_circle_color">#ff999999</color>
    <color name="rd_hsm_widget_circleview_startcolor">#FF3F97E9</color>
    <color name="rd_progress_text_blue">#FFAD82FF</color>
    <color name="rd_red">#FFFF0000</color>
    <color name="rd_green">#FF00FF00</color>
    <color name="rd_blue">#FF0000FF</color>
    <color name="rd_frame_grey">#F2F2F2</color>
    <color name="rd_main_scren_circle_background">#FF999999</color>
    <!-- 空白页面的图标都是这个颜色  start -->
    <color name="normal_icon_color">#61FFFFFF</color>
    <color name="normal_icon_color_black">#99FFFFFF</color>
    <color name="normal_icon_color_white">#A8A8A8</color>
    <color name="normal_icon_color_grey_light">#616161</color>
    <!-- 空白页面的图标都是这个颜色 end -->

    <color name="active_member_bg">#33006CDE</color>

    <!-- hwbottomnavigationview -->
    <color name="hwbottomnavigationview_bg">H7_ACTIONBAR</color>
    <color name="hwbottomnav_blur_color">#FF1A1A1A</color>
    <color name="hwbottomnav_item_default">#7FFFFFFF</color>
    <color name="hwbottomnav_message_bg">#D30003</color>
    <color name="hwbottomnav_emui_accent">H7_ACCENT_COLOR</color>

    <!-- hwcommon -->
    <color name="hwclickeffic_default_color_emui">#19FFFFFF</color>
    <color name="icon_views_related_color">#61FFFFFF</color>


    <!--通用异常错误页面pad下的背景色-->
    <color name="faq_sdk_notice_view_pad_background">H7_BACKGROUND</color>
    <!--通用异常错误页面的背景色-->
    <color name="faq_sdk_notice_view_background">H7_BACKGROUND</color>
    <!--通用异常页面的文字颜色-->
    <color name="faq_sdk_notice_view_default_text_color">#80E6E6E6</color>
    <!--section的背景色-->
    <color name="faq_sdk_section_background_color_normal">#14ffffff</color>
    <!--section的标题文字颜色-->
    <color name="faq_sdk_section_sub_title_text_color_normal">#80E6E6E6</color>
    <!--grid 分割线颜色-->
    <color name="faq_sdk_grid_divider_color">#33E6E6E6</color>
    <!--list 分割线颜色-->
    <color name="faq_sdk_list_divider_color">#33E6E6E6</color>
    <!--list 选中状态背景色-->
    <color name="faq_sdk_list_item_selector_color">#19FFFFFF</color>
    <!--list 每个item文字颜色-->
    <color name="faq_sdk_list_item_title_text_color_normal">#E6E6E6</color>
    <!--正常文本文字颜色-->
    <color name="faq_sdk_label_text_color_normal">#E6E6E6</color>
    <!--次级文本文字颜色-->
    <color name="faq_sdk_label_assist_text_color_normal">#80E6E6E6</color>
    <!--高亮文本文字颜色-->
    <color name="faq_sdk_label_highlight_text_color_normal">H7_ACCENT_COLOR</color>
    <!--list提示文本的颜色-->
    <color name="faq_sdk_list_item_hint_text_color_normal">#4DE6E6E6</color>
    <!--主题颜色-->
    <color name="faq_sdk_action_bar_grey">H7_ACTIONBAR</color>

    <color name="faq_sdk_search_bg">#19ffffff</color>
    <color name="faq_sdk_btn_blue">H7_ACCENT_COLOR</color>
    <!--自定义分享框背景色-->
    <color name="faq_sdk_share_bg">H7_ACTIONBAR</color>
    <color name="btn_blue">H7_ACCENT_COLOR</color>
    <color name="image_view_cover_color_normal">#0Dffffff</color>
    <color name="toggle_item_bg_color">#33FFFFFF</color>
    <color name="list_item_selector_color">#19FFFFFF</color>
    <color name="module_base_list_divider_color">#33FFFFFF</color>
    <color name="faq_sdk_category_menu_bg">H7_ACTIONBAR</color>
    <color name="light_border_divider_color">#33FFFFFF</color>
    <color name="video_camera_icon_color">#33FFFFFF</color>

    <!-- 权益卡片背景 我的页面 和 权益卡片-->
    <color name="device_rights_benefit_bg_color">#1AFFFFFF</color>
    <color name="device_rights_card_bg_color">#FF1F2426</color>

    <color name="bg_bookmark_thumbup_banner">#F20D0D0D</color>
    <color name="logo_background">H7_BACKGROUND</color>
    <color name="logo_startcolor">H7_ACCENT_COLOR</color>
    <color name="logo_endcolor">H7_ACCENT_COLOR</color>
    <color name="awart_rights_card_background">#615D5E</color>
    <color name="awart_rights_button">#CCFFFFFF</color>

    <color name="hwsubtab_indicator_color">H7_ACCENT_COLOR</color>
    <color name="hwsubtab_emui_color_bg">H7_BACKGROUND</color>
    <color name="hwsubtab_emui_subtab_text_on">H7_ACCENT_COLOR</color>
    <color name="hwsubtab_emui_subtab_text_off">#7fffffff</color>
    <color name="hwsubtab_bg_blur">H7_BACKGROUND</color>
    <color name="my_device__item_disable_color">H7_ACTIONBAR</color>

    <color name="appoint_time_seclected">#CCE5FF</color>
    <color name="appoint_time_unseclected">#F2F2F2</color>
    <color name="modify_or_cancel_bg">H7_ACTIONBAR</color>

    <!--敏感手势-->
    <color name="gesture_like">H7_ACCENT_COLOR</color>

    <color name="signal_gray">#1AFFFFFF</color>
    <color name="signal_yellow">#BA5500</color>
    <color name="signal_green">#B300BE8C</color>
    <color name="border_black">#1AFFFFFF</color>
    <color name="input_sn_error_tips">#d30003</color>

    <color name="member_bg_color_start">#FF1F2426</color>
    <color name="member_bg_color_end">#FF1F2426</color>
    <color name="share_dialog_bg_color">H7_ACTIONBAR</color>
    <color name ="recommend_default">H7_ACTIONBAR</color>

    <color name="emui_appbar_title">#DBFFFFFF</color>
    <color name="emui_color_text_secondary">#99FFFFFF</color>
    <color name="emui_bottombar_icon_off">#99FFFFFF</color>
    <color name="emui_bottombar_icon_on">H7_ACCENT_COLOR</color>
    <color name="emui_bottombar_text_off">#99FFFFFF</color>
    <color name="emui_bottombar_text_on">H7_ACCENT_COLOR</color>
    <color name="color_error_bg">#33F7F7F7</color>

    <!-- 智能检测图标  夜间模式   -->
    <color name="emui_button_blue">H7_ACCENT_COLOR</color>
    <!--  九大故障流图标颜色 -->
    <color name="fault_icon">#FFFFFF</color>
	
	
	
	
</resources>
