﻿
<resources>
    <color name="emui_list_separator_default">#bfffffff</color>
    <color name="list_text_color_emui">#ffffff</color>
    <color name="divider_color">#00ffffff</color>
    <color name="adn_list_empty_icon_color">#80FFFFFF</color>
    <color name="adn_list_empty_text_color">#A6FFFFFF</color>
    <color name="incall_button_text_color_selected">#E6E6E6</color>
    <color name="incall_button_text_color_selected_dis">#E6E6E6</color>
    <color name="emui_white">H7_BACKGROUND</color>
</resources>
    

