<?xml version="1.0" encoding="UTF-8"?><resources> 
	<!--ActionBAr-->
	<color name="primary_emui_light">H7_COLOR_QSBG</color>
	<color name="emui_navigationbar_bg_blur">H7_COLOR_QSBG</color>
	<color name="emui_navigationbar_bg">H7_COLOR_QSBG</color>
	<color name="emui_subtab_bg_blur">H7_COLOR_QSBG</color>
	<color name="emui_subtab_bg">H7_COLOR_QSBG</color>
	<color name="emui_black_color_alpha_5">H7_COLOR_QSBG</color>	
	<color name="emui_appbar_bg_blur">H7_COLOR_QSBG</color>
	<color name="emui_appbar_bg">H7_COLOR_QSBG</color>
	<color name="emui_toolbar_bg">H7_COLOR_QSBG</color>
	<color name="emui_toolbar_bg_blur">H7_COLOR_QSBG</color>	
	<color name="hwtoolbar_background">H7_COLOR_QSBG</color>
  	<color name="emui_color_gray_1">H7_COLOR_QSBG</color>
	<color name="emui_white_bg">H7_COLOR_QSBG</color>
	<color name="switch_track_off_bg_emui">H7_COLOR_QSBG</color>
	<color name="navigationbar_emui_light_line">H7_COLOR_QSBG</color>
 	<color name="navigationbar_emui_light">H7_COLOR_QSBG</color>
	<color name="emui_functional_blue">H7_COLOR_SYSTEMUI</color>
	<color name="emui_functioanl_blue_dark">H7_COLOR_SYSTEMUI</color>
	<color name="emui_functional_red">H7_COLOR_SYSTEMUI</color>
	<color name="searchview_cursor_color_emui">H7_COLOR_SYSTEMUI</color>
	<color name="emui_color_gray_8">H7_COLOR_SYSTEMUI</color>
	<color name="emui_switch_bg_on">H7_COLOR_SYSTEMUI</color>
	<color name="emui_progress">H7_COLOR_SYSTEMUI</color>
	<color name="emui_control_hightlight">H7_COLOR_SYSTEMUI</color>
	<color name="emui_subtab_text_on">H7_COLOR_SYSTEMUI</color>
	<color name="emui_subtab_line_on">H7_COLOR_SYSTEMUI</color>
	<color name="emui_bottombar_icon_on">H7_COLOR_SYSTEMUI</color>
	<color name="emui_bottombar_text_on">H7_COLOR_SYSTEMUI</color>
	<color name="emui_checkbox_boxedge">H7_COLOR_SYSTEMUI</color>
	<color name="emui_switch_outline_off">H7_COLOR_SYSTEMUI</color>
	<color name="accent_emui_emphasize">H7_COLOR_SYSTEMUI</color>
	<color name="accent_emui_emphasize_pressed">H7_COLOR_SYSTEMUI</color>
	<color name="accent_emui_emphasize_disabled">H7_COLOR_SYSTEMUI_DISABLED</color>
	<color name="accent_on_disable_emui">H7_COLOR_SYSTEMUI_DISABLED</color>
	<color name="accent_on_disable_dark_emui">H7_COLOR_SYSTEMUI_DISABLED</color>
	<color name="accent_on_dark_emui">H7_COLOR_SYSTEMUI</color>
	<color name="switch_on_disable_dark_emui">H7_COLOR_SYSTEMUI_DISABLED</color>
	<color name="clone_app_mark_bg_color">H7_COLOR_SYSTEMUI</color>
	<color name="mw_divide_bg">H7_COLOR_SYSTEMUI</color>
	<color name="emui_master_color_5">H7_COLOR_SYSTEMUI</color>
	<color name="sub_tab_border_emui">H7_COLOR_SYSTEMUI</color>
	<color name="sub_tab_entity_emui">H7_COLOR_SYSTEMUI</color>
	<color name="notification_expandbutton_progressbar_honor">H7_COLOR_SYSTEMUI</color>
	<color name="notification_expandbutton_progressbar">H7_COLOR_SYSTEMUI</color>
	<color name="ic_menu_download_normal_color">H7_COLOR_SYSTEMUI</color>
	<color name="searchview_cursor_color_emui_emphasize">H7_COLOR_SYSTEMUI</color>
	<color name="ic_menu_download_pressed_color">H7_COLOR_SYSTEMUI</color>
	<color name="actionbar_icon_blackback_pressed">H7_COLOR_SYSTEMUI</color>
	<color name="actionbar_icon_blackback">H7_COLOR_SYSTEMUI</color>
	<color name="shutdown_recommend_empha_text_color">H7_COLOR_SYSTEMUI</color>
	<color name="accent_on_disable_emphasize_emui">#H7_COLOR_SYSTEMUI_DISABLED</color>
	<color name="btn_text_color_disabled_normal_emui_dark">H7_COLOR_SYSTEMUI_DISABLED</color>
	<color name="btn_text_color_normal_emui_dark">H7_COLOR_SYSTEMUI</color>
	<color name="emui_accent">H7_COLOR_SYSTEMUI</color>
	<color name="emui_accent_dark">H7_COLOR_SYSTEMUI</color>
	<color name="game_notice_color">H7_COLOR_SYSTEMUI</color>
	<color name="hwtoolbar_menu_clicked_emui">H7_COLOR_SYSTEMUI</color>
	<color name="switch_on_disable_emphasize_emui">#H7_COLOR_SYSTEMUI_DISABLED</color>
	<color name="tab_title_selected_pressed_emui">H7_COLOR_SYSTEMUI</color>
	<color name="tab_title_selected_pressed_emui_emphasize">H7_COLOR_SYSTEMUI</color>
	<color name="sub_tab_title_normal_pressed_emui_dark">H7_COLOR_SYSTEMUI_DISABLED</color>
	<color name="sub_tab_title_normal_emui_dark">H7_COLOR_SYSTEMUI</color>
	<color name="accent_emui_dark">H7_COLOR_SYSTEMUI</color>
	<color name="emui_list_separator_dark_default">H7_COLOR_SYSTEMUI</color>
	<color name="emui_blue_light">H7_COLOR_SYSTEMUI</color>
	<color name="emui_dialog_blue_light">H7_COLOR_SYSTEMUI</color>
	<color name="accent_emui_pressed">H7_COLOR_SYSTEMUI_PRESS</color>
	<color name="emui_master_color_mark_2">H7_COLOR_SYSTEMUI</color>
	<color name="emui_master_color_mark_2_alpha_70">H7_COLOR_SYSTEMUI_PRESS</color>
	<color name="emui_master_color_mark_2_alpha_20">H7_COLOR_SYSTEMUI_DISABLED</color>
	<color name="sub_tab_title_emui">H7_COLOR_SYSTEMUI</color>
	<color name="sub_tab_title_emui_dark">H7_COLOR_SYSTEMUI</color>
	<color name="sub_tab_title_emui_emphasize">H7_COLOR_SYSTEMUI</color>
	<color name="searchview_cursor_color_light_bg">H7_COLOR_SYSTEMUI</color>
	<color name="emui_svg_icon_dark_disabled">H7_COLOR_SYSTEMUI_DISABLED</color>
 	<color name="action_bar_title_emui">H7_COLOR_SYSTEMUI</color>
	<color name="action_bar_title_emui_dark">H7_COLOR_SYSTEMUI</color>
 	<color name="tab_title_selected_emui_dark">H7_COLOR_SYSTEMUI</color>
 	<color name="accent_emui">H7_COLOR_SYSTEMUI</color>
 	<color name="accent_emui_text_hightlight">H7_COLOR_SYSTEMUI_DISABLED</color>
 	<color name="emui_dialog_title_text_Color">H7_COLOR_SYSTEMUI</color>
 	<color name="sub_tab_title_normal_pressed_emui_emphasize">H7_COLOR_SYSTEMUI_PRESS</color>
 	<color name="sub_tab_title_normal_emui_emphasize">H7_COLOR_SYSTEMUI_PRESS</color>
 	<color name="tab_title_selected_emui_emphasize">H7_COLOR_SYSTEMUI</color> 
 	<color name="emui_progressbar_loading_fill_color">H7_COLOR_SYSTEMUI</color>
	<color name="emui_highlighted_text">H7_COLOR_SYSTEMUI_DISABLED</color>
	<color name="emui_detail_text_pressed">H7_COLOR_SYSTEMUI</color>
	<color name="alphaindexer_selected_alpha_color">H7_COLOR_SYSTEMUI</color>
	<color name="tab_title_selected_emui">H7_COLOR_SYSTEMUI</color>
	<color name="tab_title_selected_pressed_emui">H7_COLOR_SYSTEMUI_PRESS</color>
	<color name="tab_title_selected_emui_emphasize">H7_COLOR_SYSTEMUI</color>
	<color name="tab_title_selected_pressed_emui_emphasize">H7_COLOR_SYSTEMUI</color>
	<color name="sub_tab_title_selected_pressed_emui">H7_COLOR_SYSTEMUI</color>
	<color name="sub_tab_title_selected_emui">H7_COLOR_SYSTEMUI</color>
	<color name="sub_tab_title_selected_pressed_emui_emphasize">H7_COLOR_SYSTEMUI</color>
	<color name="sub_tab_title_selected_emui_emphasize">H7_COLOR_SYSTEMUI</color>
	<color name="selected_text_item">H7_COLOR_SYSTEMUI</color>
	<color name="hw_handle_color">H7_COLOR_SYSTEMUI</color>
	<color name="accent_emui">H7_COLOR_SYSTEMUI</color>
	<color name="accent_emui_pressed">H7_COLOR_SYSTEMUI</color>
	<color name="accent_emui_text_hightlight">H7_COLOR_SYSTEMUI</color>	
	<color name="emui_appbar_bg">H7_COLOR_QSBG</color>
	<color name="emui_appbar_bg_blur">H7_COLOR_QSBG</color>
	<color name="hwtoolbar_background">H7_COLOR_QSBG</color>
	<color name="emui_toolbar_bg">H7_COLOR_QSBG</color>
	<color name="emui_toolbar_bg_blur">H7_COLOR_QSBG</color>
	<color name="emui_navigationbar_bg">H7_COLOR_QSBG</color>
	<color name="emui_navigationbar_bg_blur">H7_COLOR_QSBG</color>
	<color name="navigationbar_emui_light">H7_COLOR_QSBG</color>
	<color name="emui_subtab_bg">H7_COLOR_QSBG</color>
	<color name="emui_subtab_bg_blur">H7_COLOR_QSBG</color>
	<color name="emui_color_tips_bg">H7_COLOR_QSBG</color>
	<color name="emui_color_bg">H7_COLOR_QSBG</color>
	<color name="emui_control_normal">H7_COLOR_QSBG</color>
	<color name="emui_color_connected">H7_COLOR_SYSTEMUI</color>
	<color name="emui_accent">H7_COLOR_SYSTEMUI</color>
	<color name="emui_functional_blue">H7_COLOR_SYSTEMUI</color>
	<color name="emui_switch_bg_on">H7_COLOR_SYSTEMUI</color>
	<color name="emui_progress">H7_COLOR_SYSTEMUI</color>
	<color name="hwsubtab_emui_subtab_text_on">H7_COLOR_SYSTEMUI</color>
	<color name="emui_subtab_text_on">H7_COLOR_SYSTEMUI</color>
	<color name="hwsubtab_indicator_color">H7_COLOR_SYSTEMUI</color>
	<color name="emui_subtab_line_on">H7_COLOR_SYSTEMUI</color>
	<color name="emui_bottombar_icon_on">H7_COLOR_SYSTEMUI</color>
	<color name="emui_bottombar_text_on">H7_COLOR_SYSTEMUI</color>
	<color name="emui_toolbar_icon_actived">H7_COLOR_SYSTEMUI</color>
	<color name="emui_toolbar_text_actived">H7_COLOR_SYSTEMUI</color>
	<color name="emui_fastscroll_lable_bg">H7_COLOR_QSBG</color>
	<color name="switch_track_off_bg_emui">H7_COLOR_QSBG</color>
	<color name="switch_off_disable_emui">H7_COLOR_QSBG</color>
	<color name="emui_checkbox_boxedge">H7_COLOR_SYSTEMUI_PRESS</color>
	<color name="emui_switch_outline_off">H7_COLOR_SYSTEMUI_PRESS</color>
	<color name="emui_switch_bg_off">H7_BACKGROUND</color>
	<color name="emui_white_bg">H7_BACKGROUND</color>
	<color name="emui_dialog_bg">H7_BACKGROUND</color>
	<color name="emui_toast_bg">H7_BACKGROUND</color>
	<color name="clickeffic_default_color_emui">H7_COLOR_SYSTEMUI</color>
	
	
	<color name="emui_control_normal">#19000000</color>
	<color name="emui_color_divider_horizontal">#00000000</color>
	<color name="emui_primary">#E6000000</color>
	<color name="emui_spinner_icon">#FF191919</color>
	<color name="emui_color_spinner_icon">#FF191919</color>
	<color name="emui_text_primary">#E6000000</color>
	<color name="emui_appbar_icon">#E6000000</color>
	<color name="emui_appbar_icon_pressed">#E6000000</color>
	<color name="emui_appbar_title">#E6000000</color>
	<color name="emui_toolbar_icon">#E6000000</color>
	<color name="emui_toolbar_icon_pressed">#E6000000</color>
	<color name="emui_toolbar_text">#E6000000</color>
	<color name="emui_toolbar_text_pressed">#E6000000</color>
	<color name="hwsubtab_emui_subtab_text_off">#E6000000</color>
	<color name="emui_subtab_text_off">#E6000000</color>
	<color name="emui_bottombar_icon_off">#E6000000</color>
	<color name="emui_bottombar_text_off">#E6000000</color>
	<color name="emui_text_hint">#99000000</color>
	<color name="emui_icon_tertiary">#E6000000</color>
	<color name="emui_secondary">#E6000000</color>
	<color name="emui_appbar_subtitle">#E6000000</color>
	<color name="emui_fastscroll_lable_bg">#19000000</color>
	<color name="switch_track_off_bg_emui">#19000000</color>
	<color name="switch_off_disable_emui">#19000000</color>
	<color name="emui_checkbox_boxedge">#4D000000</color>
	<color name="emui_switch_outline_off">#4D000000</color>
	<color name="emui_switch_bg_off">#19000000</color>
	<color name="emui_white_bg">#19000000</color>
	<color name="emui_color_subheader_divider">#33000000</color>
	<color name="clickeffic_default_color_emui">#0C000000</color>
	<color name="emui_color_fg">#FF333333</color>
	<color name="emui_color_fg_inverse">#FFFFFFFF</color>
	<color name="emui_color_gray_10">#E6000000</color>
	<color name="emui_color_gray_7">#E6000000</color>
</resources>