<?xml version="1.0" encoding="UTF-8"?><resources> 

	<!--ActionBAr-->

	<color name="primary_emui_light">H7_ACTIONBAR</color>
	<color name="emui_navigationbar_bg_blur">H7_ACTIONBAR</color>
	<color name="emui_navigationbar_bg">H7_ACTIONBAR</color>
	<color name="emui_subtab_bg_blur">H7_ACTIONBAR</color>
	<color name="emui_subtab_bg">H7_ACTIONBAR</color>
	<color name="emui_black_color_alpha_5">H7_ACTIONBAR</color>	
	<color name="emui_appbar_bg_blur">H7_ACTIONBAR</color>
	<color name="emui_appbar_bg">H7_ACTIONBAR</color>
	<color name="emui_toolbar_bg">H7_ACTIONBAR</color>
	<color name="emui_toolbar_bg_blur">H7_ACTIONBAR</color>	
	<color name="hwtoolbar_background">H7_ACTIONBAR</color>
  	<color name="emui_color_gray_1">H7_ACTIONBAR</color>
	<color name="emui_white_bg">H7_ACTIONBAR</color>
	<color name="switch_track_off_bg_emui">H7_ACTIONBAR</color>

	<color name="navigationbar_emui_light_line">H7_ACTIONBAR</color>
 	<color name="navigationbar_emui_light">H7_ACTIONBAR</color>
	
	<color name="emui_dialog_bg">H7_BACKGROUND</color>
	<color name="emui_color_bg">H7_BACKGROUND</color>	

	<color name="emui_functional_blue">H7_COLOR_CALCULATOR</color>
	<color name="emui_functioanl_blue_dark">H7_COLOR_CALCULATOR</color>
	<color name="emui_functional_red">H7_COLOR_CALCULATOR</color>
	<color name="searchview_cursor_color_emui">H7_COLOR_CALCULATOR</color>
	<color name="emui_color_gray_8">H7_COLOR_CALCULATOR</color>
	<color name="emui_switch_bg_on">H7_COLOR_CALCULATOR</color>
	<color name="emui_progress">H7_COLOR_CALCULATOR</color>
	<color name="emui_control_hightlight">H7_COLOR_CALCULATOR</color>
	<color name="emui_subtab_text_on">H7_COLOR_CALCULATOR</color>
	<color name="emui_subtab_line_on">H7_COLOR_CALCULATOR</color>
	<color name="emui_bottombar_icon_on">H7_COLOR_CALCULATOR</color>
	<color name="emui_bottombar_text_on">H7_COLOR_CALCULATOR</color>
	<color name="emui_checkbox_boxedge">H7_COLOR_CALCULATOR</color>
	<color name="emui_switch_outline_off">H7_COLOR_CALCULATOR</color>
	<color name="accent_emui_emphasize">H7_COLOR_CALCULATOR</color>
	<color name="accent_emui_emphasize_pressed">H7_COLOR_CALCULATOR</color>
	<color name="accent_emui_emphasize_disabled">H7_COLOR_CALCULATOR_DISABLED</color>
	<color name="accent_on_disable_emui">H7_COLOR_CALCULATOR_DISABLED</color>
	<color name="accent_on_disable_dark_emui">H7_COLOR_CALCULATOR_DISABLED</color>
	<color name="accent_on_dark_emui">H7_COLOR_CALCULATOR</color>
	<color name="switch_on_disable_dark_emui">H7_COLOR_CALCULATOR_DISABLED</color>
	<color name="clone_app_mark_bg_color">H7_COLOR_CALCULATOR</color>
	<color name="mw_divide_bg">H7_COLOR_CALCULATOR</color>
	<color name="emui_master_color_5">H7_COLOR_CALCULATOR</color>
	<color name="sub_tab_border_emui">H7_COLOR_CALCULATOR</color>
	<color name="sub_tab_entity_emui">H7_COLOR_CALCULATOR</color>
	<color name="notification_expandbutton_progressbar_honor">H7_COLOR_CALCULATOR</color>
	<color name="notification_expandbutton_progressbar">H7_COLOR_CALCULATOR</color>
	<color name="ic_menu_download_normal_color">H7_COLOR_CALCULATOR</color>
	<color name="searchview_cursor_color_emui_emphasize">H7_COLOR_CALCULATOR</color>
	<color name="ic_menu_download_pressed_color">H7_COLOR_CALCULATOR</color>
	<color name="actionbar_icon_blackback_pressed">H7_COLOR_CALCULATOR</color>
	<color name="actionbar_icon_blackback">H7_COLOR_CALCULATOR</color>
	<color name="shutdown_recommend_empha_text_color">H7_COLOR_CALCULATOR</color>
	<color name="accent_on_disable_emphasize_emui">#H7_COLOR_CALCULATOR_DISABLED</color>
	<color name="btn_text_color_disabled_normal_emui_dark">H7_COLOR_CALCULATOR_DISABLED</color>
	<color name="btn_text_color_normal_emui_dark">H7_COLOR_CALCULATOR</color>
	<color name="emui_accent">H7_COLOR_CALCULATOR</color>
	
	<color name="emui_accent_dark">H7_COLOR_CALCULATOR</color>
	<color name="game_notice_color">H7_COLOR_CALCULATOR</color>
	<color name="hwtoolbar_menu_clicked_emui">H7_COLOR_CALCULATOR</color>
	<color name="switch_on_disable_emphasize_emui">#H7_COLOR_CALCULATOR_DISABLED</color>
	<color name="tab_title_selected_pressed_emui">H7_COLOR_CALCULATOR</color>
	<color name="tab_title_selected_pressed_emui_emphasize">H7_COLOR_CALCULATOR</color>
	<color name="sub_tab_title_normal_pressed_emui_dark">H7_COLOR_CALCULATOR_DISABLED</color>
	<color name="sub_tab_title_normal_emui_dark">H7_COLOR_CALCULATOR</color>
	<color name="accent_emui_dark">H7_COLOR_CALCULATOR</color>
	<color name="emui_list_separator_dark_default">H7_COLOR_CALCULATOR</color>
	<color name="emui_blue_light">H7_COLOR_CALCULATOR</color>
	<color name="emui_dialog_blue_light">H7_COLOR_CALCULATOR</color>
	<color name="accent_emui_pressed">H7_COLOR_CALCULATOR_PRESS</color>
	<color name="emui_master_color_mark_2">H7_COLOR_CALCULATOR</color>
	<color name="emui_master_color_mark_2_alpha_70">H7_COLOR_CALCULATOR_PRESS</color>
	<color name="emui_master_color_mark_2_alpha_20">H7_COLOR_CALCULATOR_DISABLED</color>
	<color name="sub_tab_title_emui">H7_COLOR_CALCULATOR</color>
	<color name="sub_tab_title_emui_dark">H7_COLOR_CALCULATOR</color>
	<color name="sub_tab_title_emui_emphasize">H7_COLOR_CALCULATOR</color>
	<color name="searchview_cursor_color_light_bg">H7_COLOR_CALCULATOR</color>
	<color name="emui_svg_icon_dark_disabled">H7_COLOR_CALCULATOR_DISABLED</color>
 	<color name="action_bar_title_emui">H7_COLOR_CALCULATOR</color>
	<color name="action_bar_title_emui_dark">H7_COLOR_CALCULATOR</color>
 	<color name="tab_title_selected_emui_dark">H7_COLOR_CALCULATOR</color>
 	<color name="accent_emui">H7_COLOR_CALCULATOR</color>
 	<color name="accent_emui_text_hightlight">H7_COLOR_CALCULATOR_DISABLED</color>
 	<color name="emui_dialog_title_text_Color">H7_COLOR_CALCULATOR</color>
 	<color name="sub_tab_title_normal_pressed_emui_emphasize">H7_COLOR_CALCULATOR_PRESS</color>
 	<color name="sub_tab_title_normal_emui_emphasize">H7_COLOR_CALCULATOR_PRESS</color>
 	<color name="tab_title_selected_emui_emphasize">H7_COLOR_CALCULATOR</color> 
 	<color name="emui_progressbar_loading_fill_color">H7_COLOR_CALCULATOR</color>
	<color name="emui_highlighted_text">H7_COLOR_CALCULATOR_DISABLED</color>
	<color name="emui_detail_text_pressed">H7_COLOR_CALCULATOR</color>
	<color name="alphaindexer_selected_alpha_color">H7_COLOR_CALCULATOR</color>
	<color name="tab_title_selected_emui">H7_COLOR_CALCULATOR</color>
	<color name="tab_title_selected_pressed_emui">H7_COLOR_CALCULATOR_PRESS</color>
	<color name="tab_title_selected_emui_emphasize">H7_COLOR_CALCULATOR</color>
	<color name="tab_title_selected_pressed_emui_emphasize">H7_COLOR_CALCULATOR</color>
	<color name="sub_tab_title_selected_pressed_emui">H7_COLOR_CALCULATOR</color>
	<color name="sub_tab_title_selected_emui">H7_COLOR_CALCULATOR</color>
	<color name="sub_tab_title_selected_pressed_emui_emphasize">H7_COLOR_CALCULATOR</color>
	<color name="sub_tab_title_selected_emui_emphasize">H7_COLOR_CALCULATOR</color>
	<color name="selected_text_item">H7_COLOR_CALCULATOR</color>
	<color name="hw_handle_color">H7_COLOR_CALCULATOR</color>
	<color name="accent_emui">H7_COLOR_CALCULATOR</color>
	<color name="accent_emui_pressed">H7_COLOR_CALCULATOR</color>
	<color name="accent_emui_text_hightlight">H7_COLOR_CALCULATOR</color>	

	
	
	
											 
	
	
	<color name="emui_white_dialog_bg">H7_BACKGROUND</color>
	<color name="emui_emphasize_dialog_bg_color">H7_BACKGROUND</color>
	
	
	
	
	
	
	
	
	
	
	
	
	
	
	
	
	
	
	
	

	

 	
 	
 	
 	
 	
 	
	
 	
 	
 	
	
	
		
	
	
	
	
	
	
 	 	
	
	
 	
	
 	
 	

 	
 	
	
 	 
 	
 	
 	
	
 	
 	
 	
 	
 	
 	

 	
 	
 	 
 	 
 	
 	

	
 	
 	
 	
 	
 	 
	
 	
	
 	
 	
	
 	
 	

	
	
	
		<!--White-->
	
  	
  	
  	
  	
  	
  	 
  	
	  	
  	
	
  	
  	
  	
	
	  	
	
  	  	
	
	
	
	
	
	
	
	
	
	
	 
	
	
	
	
	
	
	<!-- pop-->	
	
	
	
	
	
	
	
	
	
	
	
	
	
	
	
	
	
	
	



	<color name="accent_emui">H7_COLOR_CALCULATOR</color>
	<color name="accent_emui_dark">H7_COLOR_CALCULATOR</color>
	<color name="accent_emui_emphasize">H7_COLOR_CALCULATOR</color>
	<color name="accent_emui_emphasize_disabled">H7_COLOR_CALCULATOR_DISABLED</color>
	<color name="accent_emui_emphasize_pressed">H7_COLOR_CALCULATOR</color>
	<color name="accent_emui_pressed">H7_COLOR_CALCULATOR_PRESS</color>
	<color name="accent_emui_text_hightlight">H7_COLOR_CALCULATOR_PRESS</color>
	<color name="accent_emui_text_hightlight_dark">H7_COLOR_CALCULATOR_PRESS</color>
	<color name="accent_on_dark_emui">H7_COLOR_CALCULATOR</color>
	<color name="accent_on_disable_dark_emui">H7_COLOR_CALCULATOR_DISABLED</color>
	<color name="accent_on_disable_emphasize_emui">H7_COLOR_CALCULATOR_DISABLED</color>
	<color name="accent_on_disable_emui">H7_COLOR_CALCULATOR_DISABLED</color>
	<color name="action_bar_title_emui">H7_COLOR_CALCULATOR</color>
	<color name="action_bar_title_emui_dark">H7_COLOR_CALCULATOR</color>
	<color name="actionbar_icon_blackback">H7_COLOR_CALCULATOR</color>
	<color name="actionbar_icon_blackback_pressed">H7_COLOR_CALCULATOR</color>
	<color name="alphaindexer_selected_alpha_color">H7_COLOR_CALCULATOR</color>
	<color name="btn_text_color_disabled_normal_emui_dark">H7_COLOR_CALCULATOR_DISABLED</color>
	<color name="btn_text_color_normal_emui_dark">H7_COLOR_CALCULATOR</color>
	<color name="clone_app_mark_bg_color">H7_COLOR_CALCULATOR</color>
	<color name="emui_accent">H7_COLOR_CALCULATOR</color>
	<color name="emui_accent_dark">H7_COLOR_CALCULATOR</color>
	<color name="emui_accent_dark_inverse">H7_COLOR_CALCULATOR</color>
	<color name="emui_accent_pressed">H7_COLOR_CALCULATOR</color>
	<color name="emui_blue_light">H7_COLOR_CALCULATOR</color>
	<color name="emui_bottombar_icon_on">H7_COLOR_CALCULATOR</color>
	<color name="emui_bottombar_icon_on_dark">H7_COLOR_CALCULATOR</color>
	<color name="emui_bottombar_text_on">H7_COLOR_CALCULATOR</color>
	<color name="emui_bottombar_text_on_dark">H7_COLOR_CALCULATOR</color>

	<color name="emui_center_color">H7_COLOR_CALCULATOR</color>
	<color name="emui_checkbox_boxedge">H7_COLOR_CALCULATOR</color>
	<color name="emui_color_1">H7_COLOR_CALCULATOR</color>
	<color name="emui_color_1_dark">H7_COLOR_CALCULATOR</color>
	<color name="emui_color_1_translucent">H7_COLOR_CALCULATOR</color>
	<color name="emui_color_2">H7_COLOR_CALCULATOR</color>
	<color name="emui_color_2_dark">H7_COLOR_CALCULATOR</color>
	<color name="emui_color_2_translucent">H7_COLOR_CALCULATOR</color>
	<color name="emui_color_3">H7_COLOR_CALCULATOR</color>
	<color name="emui_color_3_dark">H7_COLOR_CALCULATOR</color>
	<color name="emui_color_3_translucent">H7_COLOR_CALCULATOR</color>
	<color name="emui_color_4">H7_COLOR_CALCULATOR</color>
	<color name="emui_color_4_dark">H7_COLOR_CALCULATOR</color>
	<color name="emui_color_4_translucent">H7_COLOR_CALCULATOR</color>
	<color name="emui_color_5">H7_COLOR_CALCULATOR</color>
	<color name="emui_color_5_dark">H7_COLOR_CALCULATOR</color>
	<color name="emui_color_5_translucent">H7_COLOR_CALCULATOR</color>
	<color name="emui_color_6">H7_COLOR_CALCULATOR</color>
	<color name="emui_color_6_dark">H7_COLOR_CALCULATOR</color>
	<color name="emui_color_6_translucent">H7_COLOR_CALCULATOR</color>
	<color name="emui_color_7">H7_COLOR_CALCULATOR</color>
	<color name="emui_color_7_dark">H7_COLOR_CALCULATOR</color>
	<color name="emui_color_7_translucent">H7_COLOR_CALCULATOR</color>
	<color name="emui_color_8">H7_COLOR_CALCULATOR</color>
	<color name="emui_color_8_dark">H7_COLOR_CALCULATOR</color>
	<color name="emui_color_8_translucent">H7_COLOR_CALCULATOR</color>
	<color name="emui_color_9">H7_COLOR_CALCULATOR</color>
	<color name="emui_color_9_dark">H7_COLOR_CALCULATOR</color>
	<color name="emui_color_9_translucent">H7_COLOR_CALCULATOR</color>
	<color name="emui_color_10">H7_COLOR_CALCULATOR</color>
	<color name="emui_color_10_dark">H7_COLOR_CALCULATOR</color>
	<color name="emui_color_10_translucent">H7_COLOR_CALCULATOR</color>
	<color name="emui_color_11">H7_COLOR_CALCULATOR</color>
	<color name="emui_color_11_dark">H7_COLOR_CALCULATOR</color>
	<color name="emui_color_11_translucent">H7_COLOR_CALCULATOR</color>
	<color name="emui_color_badge">H7_COLOR_CALCULATOR</color>
	<color name="emui_color_connected">H7_COLOR_CALCULATOR</color>
	<color name="emui_control_hightlight">H7_COLOR_CALCULATOR</color>
	<color name="emui_detail_text_pressed">H7_COLOR_CALCULATOR</color>
	<color name="emui_dialog_blue_light">H7_COLOR_CALCULATOR</color>
	<color name="emui_end_color">H7_COLOR_CALCULATOR</color>
	<color name="emui_fab_bg_normal">H7_COLOR_CALCULATOR</color>
	<color name="emui_fab_bg_pressed">H7_COLOR_CALCULATOR_PRESS</color>
	<color name="emui_fab_pressed">H7_COLOR_CALCULATOR</color>
	<color name="emui_functioanl_blue_dark">H7_COLOR_CALCULATOR</color>
	<color name="emui_functional_blue">H7_COLOR_CALCULATOR</color>
	<color name="emui_functional_blue_inverse">H7_COLOR_CALCULATOR</color>
	<color name="emui_functional_green">H7_COLOR_CALCULATOR</color>
	<color name="emui_highlighted_text">H7_COLOR_CALCULATOR_DISABLED</color>
	<color name="emui_master_color_5">H7_COLOR_CALCULATOR</color>
	<color name="emui_master_color_mark_2">H7_COLOR_CALCULATOR</color>
	<color name="emui_master_color_mark_2_alpha_20">H7_COLOR_CALCULATOR_DISABLED</color>
	<color name="emui_master_color_mark_2_alpha_70">H7_COLOR_CALCULATOR_PRESS</color>
	<color name="emui_primary">H7_COLOR_CALCULATOR</color>
	<color name="emui_progress">H7_COLOR_CALCULATOR</color>
	<color name="emui_progressbar_loading_fill_color">H7_COLOR_CALCULATOR</color>
	<color name="emui_start_color">H7_COLOR_CALCULATOR</color>
	<color name="emui_subtab_line_on">H7_COLOR_CALCULATOR</color>
	<color name="emui_subtab_line_on_dark">H7_COLOR_CALCULATOR</color>
	<color name="emui_subtab_text_on">H7_COLOR_CALCULATOR</color>
	<color name="emui_subtab_text_on_dark">H7_COLOR_CALCULATOR</color>
	<color name="emui_switch_bg_on">H7_COLOR_CALCULATOR</color>
	<color name="emui_switch_outline_off">H7_COLOR_CALCULATOR</color>
	<color name="emui_toggle_on_bg">H7_COLOR_CALCULATOR</color>
	<color name="emui_toolbar_icon_actived">H7_COLOR_CALCULATOR</color>
	<color name="emui_toolbar_icon_actived_dark">H7_COLOR_CALCULATOR</color>
	<color name="emui_toolbar_text_actived">H7_COLOR_CALCULATOR</color>
	<color name="emui_toolbar_text_actived_dark">H7_COLOR_CALCULATOR</color>
	<color name="game_notice_color">H7_COLOR_CALCULATOR</color>
	<color name="hw_handle_color">H7_COLOR_CALCULATOR</color>
	<color name="hwsubtab_emui_subtab_text_on">H7_COLOR_CALCULATOR</color>
	<color name="hwsubtab_indicator_color">H7_COLOR_CALCULATOR</color>
	<color name="hwtoolbar_menu_clicked_emui">H7_COLOR_CALCULATOR</color>
	<color name="ic_menu_download_normal_color">H7_COLOR_CALCULATOR</color>
	<color name="ic_menu_download_pressed_color">H7_COLOR_CALCULATOR</color>
	<color name="mw_divide_bg">H7_COLOR_CALCULATOR</color>
	<color name="notification_expandbutton_progressbar">H7_COLOR_CALCULATOR</color>
	<color name="notification_expandbutton_progressbar_honor">H7_COLOR_CALCULATOR</color>
	<color name="searchview_cursor_color_emui">H7_COLOR_CALCULATOR</color>
	<color name="searchview_cursor_color_emui_emphasize">H7_COLOR_CALCULATOR</color>
	<color name="searchview_cursor_color_light_bg">H7_COLOR_CALCULATOR</color>
	<color name="selected_text_item">H7_COLOR_CALCULATOR</color>
	<color name="shutdown_recommend_empha_text_color">H7_COLOR_CALCULATOR</color>
	<color name="sub_tab_border_emui">H7_COLOR_CALCULATOR</color>
	<color name="sub_tab_title_emui">H7_COLOR_CALCULATOR</color>
	<color name="sub_tab_title_emui_dark">H7_COLOR_CALCULATOR</color>
	<color name="sub_tab_title_emui_emphasize">H7_COLOR_CALCULATOR</color>
	<color name="sub_tab_title_normal_emui_dark">H7_COLOR_CALCULATOR</color>
	<color name="sub_tab_title_normal_emui_emphasize">H7_COLOR_CALCULATOR_PRESS</color>
	<color name="sub_tab_title_normal_pressed_emui_dark">H7_COLOR_CALCULATOR_PRESS</color>
	<color name="sub_tab_title_normal_pressed_emui_emphasize">H7_COLOR_CALCULATOR_PRESS</color>
	<color name="sub_tab_title_selected_emui">H7_COLOR_CALCULATOR</color>
	<color name="sub_tab_title_selected_emui_emphasize">H7_COLOR_CALCULATOR</color>
	<color name="sub_tab_title_selected_pressed_emui">H7_COLOR_CALCULATOR</color>
	<color name="sub_tab_title_selected_pressed_emui_emphasize">H7_COLOR_CALCULATOR</color>
	<color name="switch_on_disable_dark_emui">H7_COLOR_CALCULATOR_DISABLED</color>
	<color name="switch_on_disable_emphasize_emui">H7_COLOR_CALCULATOR_DISABLED</color>

	<color name="tab_title_selected_emui">H7_COLOR_CALCULATOR</color>
	<color name="tab_title_selected_emui_dark">H7_COLOR_CALCULATOR</color>
	<color name="tab_title_selected_emui_emphasize">H7_COLOR_CALCULATOR</color> 
	<color name="tab_title_selected_pressed_emui">H7_COLOR_CALCULATOR_PRESS</color>
	<color name="tab_title_selected_pressed_emui_dark">H7_COLOR_CALCULATOR_PRESS</color>
	<color name="tab_title_selected_pressed_emui_emphasize">H7_COLOR_CALCULATOR_PRESS</color>

 
</resources>