<?xml version="1.0" encoding="utf-8"?>
<resources>

    <color name="hw_privicy_color">H7_ACCENT_COLOR</color>
    <color name="hw_privicy_color_highlight">H7_ACCENT_COLOR</color>

    <color name="hw_notice_content_color">#FFFFFFFF</color>
    <color name="about_text_color">#80FFFFFF</color>

    <!-- update sdk -->
    <color name="upsdk_black">#FFFFFFFF</color>
    <color name="upsdk_half_black">#80FFFFFF</color>
    <color name="emui_color_gray_1">H7_ACTIONBAR</color>
    <color name="emui_color_gray_7">#808080</color>
    <color name="emui_color_gray_10">#E6E6E6</color>

     <!--EMUI 9.0 -->
    <color name="hw_privicy_emui9_color">H7_ACCENT_COLOR</color>

    <color name="app_down_normal">H7_ACCENT_COLOR</color>
    <color name="app_down_normal_pressed">H7_ACCENT_COLOR</color>

    <color name="app_down_processing_progress">H7_ACCENT_COLOR_PRESS</color>
    <color name="app_down_processing_backgroud">#B3000000</color>
    <color name="app_down_processing_text">#e6e6e6</color>

    <color name="app_down_installing_borde">H7_ACCENT_COLOR_DISABLED</color>
    <color name="app_down_installing_backgroud">#4D000000</color>
    <color name="app_down_installing_text">#4De6e6e6</color>

    <color name="app_permission_text_color">H7_ACCENT_COLOR</color>
    <color name="app_down_cancel_color">#e6e6e6</color>

    <color name="about_appname_gray_10">#e6e6e6</color>

    <!--EMUI 8.0-->
    <color name="app_down_emui8_normal">H7_ACCENT_COLOR</color>
    <color name="app_down_processing_emui8_progress">H7_ACCENT_COLOR_DISABLED</color>
    <color name="app_down_processing_emui8_text">H7_ACCENT_COLOR</color>

    <color name="app_down_installing_emui8_borde">H7_ACCENT_COLOR_DISABLED</color>
    <color name="app_down_installing_emui8_text">H7_ACCENT_COLOR_DISABLED</color>

    <color name="app_permission_text_emui8_color">H7_ACCENT_COLOR</color>
    <color name="app_down_cancel_emui8_color">H7_ACCENT_COLOR</color>

</resources>