﻿<?xml version="1.0" encoding="utf-8"?>

<resources> 


    <color name="tab_title_selected_pressed_emui">H7_ACCENT_COLOR</color>
    <color name="tab_title_selected_pressed_emui_emphasize">H7_ACCENT_COLOR</color>
    <color name="sub_tab_title_normal_pressed_emui_dark">H7_ACCENT_COLOR_PRESS</color>
    <color name="sub_tab_title_normal_emui_dark">H7_ACCENT_COLOR</color>
    <color name="accent_emui_dark">H7_ACCENT_COLOR</color>
    <color name="accent_on_disable_emui">H7_ACCENT_COLOR_PRESS</color>
    <color name="emui_list_separator_dark_default">H7_ACCENT_COLOR</color>
	<color name="emui_blue_light">H7_ACCENT_COLOR</color>
	<color name="emui_detail_text_pressed">H7_ACCENT_COLOR</color>
	<color name="emui_dialog_blue_light">H7_ACCENT_COLOR</color>
	<color name="alphaindexer_selected_alpha_color">H7_ACCENT_COLOR</color>
	<color name="selected_text_item">H7_ACCENT_COLOR</color>
	<color name="hw_handle_color">H7_ACCENT_COLOR</color>
	<color name="accent_emui_pressed">H7_ACCENT_COLOR_PRESS</color>
	<color name="accent_on_disable_dark_emui">H7_ACCENT_COLOR_DISABLED</color>
	<color name="switch_on_disable_dark_emui">H7_ACCENT_COLOR_DISABLED</color>
	<color name="clone_app_mark_bg_color">H7_ACCENT_COLOR</color>
	<color name="mw_divide_bg">H7_ACCENT_COLOR</color>
	<color name="emui_master_color_5">H7_ACCENT_COLOR</color>
	<color name="emui_master_color_mark_2">H7_ACCENT_COLOR</color>
	<color name="emui_master_color_mark_2_alpha_70">H7_ACCENT_COLOR_PRESS</color>
	<color name="emui_master_color_mark_2_alpha_20">H7_ACCENT_COLOR_DISABLED</color>
	<color name="sub_tab_title_emui">H7_ACCENT_COLOR</color>
	<color name="sub_tab_title_emui_dark">H7_ACCENT_COLOR</color>
	<color name="sub_tab_title_emui_emphasize">H7_ACCENT_COLOR</color>
	<color name="sub_tab_border_emui">H7_ACCENT_COLOR_PRESS</color>
	<color name="sub_tab_entity_emui">H7_ACCENT_COLOR_PRESS</color>
	<color name="notification_expandbutton_progressbar">H7_ACCENT_COLOR</color>
	<color name="ic_menu_download_normal_color">H7_ACCENT_COLOR</color>
	<color name="searchview_cursor_color_emui">H7_ACCENT_COLOR</color>
	<color name="searchview_cursor_color_emui_emphasize">H7_ACCENT_COLOR</color>
	<color name="ic_menu_download_pressed_color">H7_ACCENT_COLOR</color>
	<color name="actionbar_icon_blackback_pressed">H7_ACCENT_COLOR_PRESS</color>
	<color name="actionbar_icon_blackback">H7_ACCENT_COLOR</color>
	<color name="shutdown_recommend_empha_text_color">H7_ACCENT_COLOR</color>
	<color name="btn_text_color_disabled_normal_emui_dark">H7_ACCENT_COLOR_DISABLED</color>
	<color name="btn_text_color_normal_emui_dark">H7_ACCENT_COLOR</color>
	<color name="searchview_cursor_color_light_bg">H7_ACCENT_COLOR</color>
	<color name="emui_svg_icon_dark_disabled">H7_ACCENT_COLOR_DISABLED</color>
 	<color name="action_bar_title_emui">H7_ACCENT_COLOR</color>
	<color name="action_bar_title_emui_dark">H7_ACCENT_COLOR</color>
	<color name="accent_on_dark_emui">H7_ACCENT_COLOR</color>
    <color name="tab_title_selected_emui">H7_ACCENT_COLOR</color>
    <color name="tab_title_selected_emui_dark">H7_ACCENT_COLOR</color>
    <color name="sub_tab_title_selected_emui">H7_ACCENT_COLOR</color>
    <color name="sub_tab_title_selected_pressed_emui">H7_ACCENT_COLOR</color>
	<color name="emui_list_separator_default">H7_ACCENT_COLOR</color>
    <color name="accent_emui">H7_ACCENT_COLOR</color>
    <color name="accent_emui_text_hightlight">H7_ACCENT_COLOR_DISABLED</color>
    <color name="emui_dialog_title_text_Color">H7_ACCENT_COLOR</color>
    <color name="accent_emui_emphasize">H7_ACCENT_COLOR</color>
    <color name="accent_emui_emphasize_pressed">H7_ACCENT_COLOR_PRESS</color>   
	<color name="accent_emui_emphasize_disabled">H7_ACCENT_COLOR_DISABLED</color>
    <color name="sub_tab_title_selected_pressed_emui_emphasize">H7_ACCENT_COLOR</color>
    <color name="sub_tab_title_selected_emui_emphasize">H7_ACCENT_COLOR</color>
    <color name="sub_tab_title_normal_pressed_emui_emphasize">H7_ACCENT_COLOR</color>
    <color name="sub_tab_title_normal_emui_emphasize">H7_ACCENT_COLOR</color>
    <color name="tab_title_selected_emui_emphasize">H7_ACCENT_COLOR</color> 
	<color name="emui_highlighted_text">H7_ACCENT_COLOR_PRESS</color>
    <color name="emui_progressbar_loading_fill_color">H7_ACCENT_COLOR</color>
	
	<color name="emui_master_color_0">#ffff242e</color>
	<color name="emui_master_color_1">#ffea242e</color>
	<color name="emui_master_color_2">#ffd3242e</color>
	<color name="emui_master_color_3">#ffc3242e</color>
	<color name="emui_master_color_4">#ffbb242e</color>
	<color name="emui_master_color_6">#ff90242e</color>
	<color name="emui_master_color_7">#ff85242e</color>
	<color name="emui_master_color_8">#ff6a242e</color>
	<color name="emui_master_color_9">#ff62242e</color>
	<color name="emui_master_color_10">#ff54242e</color>
	
	<color name="emui_master_color_mark_0">#ffd1242e</color>
	<color name="emui_master_color_mark_1">#ffb5242e</color>
	
	<color name="emui_master_color_mark_0_alpha_70">#b3d1242e</color>
	<color name="emui_master_color_mark_1_alpha_70">#b3b5242e</color>
	<color name="emui_master_color_mark_0_alpha_20">#33d1242e</color>
	<color name="emui_master_color_mark_1_alpha_20">#33b5242e</color>
	

	<color name="emui_svg_icon_light_default">#00000000</color>
	<color name="emui_svg_icon_light_disabled">#00000000</color>
	<color name="emui_svg_icon_dark_default">#00000000</color>

	<color name="navigationbar_emui_light_line">H7_ACTIONBAR</color>
    <color name="navigationbar_emui_light">H7_ACTIONBAR</color>
    <color name="primary_emui_light">H7_ACTIONBAR</color>
	<color name="hw_title_header_text">808080</color>

	
	
    <color name="emui_listitem_text_color">#808080</color>

    <color name="tab_title_normal_emui">#808080</color>
    <color name="tab_title_normal_pressed_emui">#808080</color>
    <color name="tab_title_normal_emui_dark">#808080</color>
    <color name="tab_title_normal_emui_emphasize">#808080</color>
    <color name="tab_title_normal_pressed_emui_dark">#808080</color>
    <color name="tab_title_normal_pressed_emui_emphasize">#80FFFFFF</color>
    <color name="tab_title_selected_pressed_emui_dark">#80FFFFFF</color>
	
    <color name="tab_bg_normal_emui">H7_BACKGROUND</color>
    <color name="tab_bg_normal_emui_dark">#26FFFFFF</color>
    <color name="tab_bg_normal_emui_emphasize">H7_ACTIONBAR</color>
	
	<color name="preference_divider_grey">#00000000</color>
	<color name="divider_horizontal_color_emui">#00000000</color>	
	
	<color name="emui_tab_title_off">#80808080</color>
	<color name="emui_tab_title_on">#808080</color>
	<color name="emui_label_primary_text">#808080</color>
	
	<color name="emui_list_primary_default">#808080</color>
    <color name="emui_list_secondray_text">#80808080</color>   
	<color name="list_text_color_emui">#808080</color>

	
    <color name="emui_text_dark">#808080</color>
	
    <color name="emui_secondary_text_dark_disabled">#33808080</color>
    <color name="emui_secondary_text_dark">#80808080</color>

    <color name="sub_tab_title_normal_emui">#88808080</color>
    <color name="sub_tab_title_normal_pressed_emui">#88808080</color>
   
	
	
    <color name="accent_off_disable_emui">#33081115</color> 


   
    <color name="emui_spinner_item_default">#808080</color>
    <color name="emui_spinner_item_pressed">#88808080</color>
    <color name="emui_spinner_item_disabled">#33808080</color>
    
    <color name="menuitem_default_checkedcolor">#808080</color>
    <color name="menuitem_default_checkedcolor_pressed">#88808080</color>
    <color name="menuitem_default_checkedcolor_disabled">#33808080</color>
    <color name="menuitem_default_uncheckedcolor">#808080</color>
    <color name="menuitem_default_uncheckedcolor_pressed">#88808080</color>
    <color name="menuitem_default_uncheckedcolor_disabled">#33808080</color>

    <color name="emui_numberpicker_small_textcolor">#808080</color>
	
    <color name="emui_message_text_color">#808080</color>
	
	<color name="emui_searchview_text_color">#808080</color>
    <color name="emui_searchview_text_color_dark">#808080</color>
    <color name="emui_searchview_text_hint_color">#88808080</color>
    <color name="emui_searchview_text_hint_color_dark">#88808080</color>
	
	
    <color name="switch_bg_off_emui">H7_ACTIONBAR</color> 
    <color name="switch_bg_off_disable_emui">#33808080</color> 
    <color name="switch_thumb_emui">#808080</color>
    <color name="switch_thumb_disable_emui">#88808080</color>
	
	<color name="menuitem_default_dark_uncheckedcolor">#808080</color>
    <color name="menuitem_default_dark_uncheckedcolor_disabled">#33808080</color>
    <color name="menuitem_default_dark_uncheckedcolor_pressed">#88808080</color>
    <color name="menuitem_default_dark_checkedcolor">#808080</color>
    <color name="menuitem_default_dark_checkedcolor_disabled">#33808080</color>
    <color name="menuitem_default_dark_checkedcolor_pressed">#88808080</color> 
	

    <color name="emui_button_text_color">#808080</color>
    <color name="emui_button_text_disabled">#33808080</color>
		
	<color name="emui_button_text_emphasize_disabled">#41000000</color>
    <color name="emui_button_text_emphasize_color">#D8000000</color>

	<color name="emui_spinner_dropdown_item_default_emphasize">#616161</color>
    <color name="emui_spinner_dropdown_item_pressed_emphasize">#616161</color>
    <color name="emui_spinner_dropdown_item_disabled_emphasize">#3f616161</color>
	
	
	<color name="tab_title_normal_emui_emphasize">#80808080</color>
    <color name="tab_title_normal_pressed_emui_emphasize">#80808080</color>
    <color name="tab_title_selected_pressed_emui_emphasize">#80808080</color>
 
</resources>

