<?xml version="1.0" encoding="UTF-8"?><resources>

    <bool name="dark_mode_enable">true</bool>

    
    


    
    
    
    
    
    
    <color name="btn_fab_default_bcg_color">H7_ACCENT_COLOR</color>
    
    
    <color name="chips_item_bg">H7_ACTIONBAR</color>
    
    <color name="default_shadow_start_color">H7_BACKGROUND</color>
    
    <color name="emui_accent">H7_ACCENT_COLOR</color>
    <color name="emui_accent_inverse">H7_ACCENT_COLOR</color>
    <color name="emui_accent_pressed">H7_ACCENT_COLOR</color>
    
    
    
    
    
    
    
    
    
    
    
    
    
    
    
    <color name="emui_color_bg">H7_BACKGROUND</color>
    
    
    
    
    
    
    <color name="emui_color_gray_2">H7_ACTIONBAR</color>
    <color name="emui_color_gray_3">H7_ACTIONBAR</color>
    <color name="emui_color_gray_4">H7_ACTIONBAR</color>
    
    
    
    
    
    
    
    
    
    
    
    
    
    
    
    
    <color name="emui_control_highlight">H7_ACCENT_COLOR</color>
    
    
    <color name="emui_fab_bg_normal">H7_ACCENT_COLOR</color>
    <color name="emui_fab_bg_pressed">H7_ACCENT_COLOR</color>
    
    <color name="emui_functional_blue">H7_ACCENT_COLOR</color>
    <color name="emui_functional_blue_inverse">H7_ACCENT_COLOR</color>
    
    
    
    
    
    
    
    
    
    
    
    
    
    
    
    
    
    
    <color name="hwsubtab_emui_color_bg">H7_BACKGROUND</color>
    
    <color name="hwsubtab_emui_subtab_text_on">H7_ACCENT_COLOR</color>
    <color name="hwsubtab_indicator_color">H7_ACCENT_COLOR</color>
    
    
    <color name="light_gray">H7_BACKGROUND</color>
    
    
    
    
    
    
    
    
    
    
    
    
    
    
    <color name="toolbar_actived">H7_ACCENT_COLOR</color>
    <color name="toolbar_bg">H7_ACTIONBAR</color>
    
    
    
    <color name="white_100">H7_BACKGROUND</color>
    
    <color name="account_setup_account_type_exchange_action">H7_BACKGROUND</color>
    <color name="account_setup_other_action">H7_ACCENT_COLOR</color>
    
    <color name="holo_light_background_color">H7_BACKGROUND</color>










    
    
    
    
    
    <color name="default_background_color">H7_BACKGROUND</color>
    <color name="checkbox_background_color">H7_ACCENT_COLOR</color>
    <color name="time_axis_background_color">H7_BACKGROUND</color>
    
    
    
    
    
    
    
    
    
    
    
    
    
    
    <color name="white_50">#H7_BACKGROUND</color>
    <color name="white_100">H7_BACKGROUND</color>
    
    
    
    
    
    
    
    <color name="chips_drop_down_item_bg">H7_BACKGROUND</color>
    
    
    
    
    
    <color name="conversation_list_default_for_pad">H7_BACKGROUND</color>
    
    
    <color name="status_bar_bg_color">H7_ACTIONBAR</color>
    <color name="status_bar_bg_color_with_drawer">H7_ACTIONBAR</color>
    
    
    
    <color name="swiped_bg_color">H7_BACKGROUND</color>
    <color name="holo_light_background_color">H7_BACKGROUND</color>
    <color name="default_folder_background_color">H7_BACKGROUND</color>
    <color name="list_background_color">H7_BACKGROUND</color>
    
    
    
    <!--<color name="search_result_key_foreground_color">#ff12d4dc</color>-->
    
    <color name="add_new_account_text_color">H7_ACCENT_COLOR</color>
    
    <color name="menu_state_pressed_dark_icon">H7_ACCENT_COLOR</color>
    <color name="menu_state_focused_dark_icon">H7_ACCENT_COLOR</color>
    <color name="menu_state_selected_dark_icon">H7_ACCENT_COLOR</color>
    <color name="menu_state_disabled_dark_icon">H7_ACCENT_COLOR_DISABLED</color>
    <color name="menu_state_default_dark_icon">H7_ACCENT_COLOR</color>
    <color name="searchview_container_background_color">H7_ACTIONBAR</color>
    
    <color name="drawer_background_color">H7_BACKGROUND</color>
    
    
    
    
    
    
    
    
    
    <color name="tips_bg_color">H7_BACKGROUND</color>
    
    <color name="wait_for_sync_bg_color">H7_ACTIONBAR</color>
    <color name="default_shadow_start_color">H7_ACTIONBAR</color>
    <color name="folder_title_count_bg_color">H7_BACKGROUND</color>
    
    <color name="searchview_in_actionbar_background_color">H7_BACKGROUND</color>
    <color name="list_load_more_view_normal_text_color">H7_ACCENT_COLOR</color>
    
    <color name="account_setup_account_type_exchange_action">H7_ACTIONBAR</color>
    <color name="account_setup_other_action">H7_ACCENT_COLOR</color>
    
    
    
    
    <color name="search_result_key_foreground_color">H7_ACCENT_COLOR</color>
    
    
    <color name="mdm_account_password_bg_color">H7_ACTIONBAR</color>
    <color name="email_cust_actionbar_icon_color">H7_ACCENT_COLOR</color>
    <color name="email_cust_actionbar_icon_color_pressed">H7_ACCENT_COLOR</color>
    <color name="email_cust_actionbar_icon_color_disabled">H7_ACCENT_COLOR_DISABLED</color>
    <!-- Add for smime  -->
    
    
    
    
    
    <!-- DTS2018032011481 l00248649 20180329 begin -->
    <color name="translate_area_bg">H7_ACTIONBAR</color>
    <color name="translate_text_button_color">H7_ACCENT_COLOR</color>
    
    
    
    
    
    
    <!-- DTS2018032011481 l00248649 20180329 end -->
    
    <color name="light_gray">H7_ACTIONBAR</color>
    <color name="subheader_header_splitter_color">H7_ACTIONBAR</color>
    <color name="bottom_toolbar_for_pad">H7_ACTIONBAR</color>
    <color name="chips_item_bg">H7_ACTIONBAR</color>
    <!-- EMUI Primary Colors -->
    
    
    <color name="emui_accent">H7_ACCENT_COLOR</color>
    <color name="emui_white">H7_BACKGROUND</color>
    <!-- Black and Gray Shades -->
    
    <color name="emui_color_gray_1">H7_ACTIONBAR</color>
    <color name="emui_color_gray_2">H7_ACTIONBAR</color>
    <color name="emui_color_gray_3">H7_ACTIONBAR</color>
    <color name="emui_color_gray_4">H7_ACTIONBAR</color>
    
    
    
    
    
    
    <!-- Functional Colors -->
    
    
    <color name="emui_functional_blue">H7_ACCENT_COLOR</color>
	
	
	
    
    
    
    
    
    
    <color name="btn_fab_default_bcg_color">H7_ACCENT_COLOR</color>
    
    
    <color name="chips_item_bg">H7_ACTIONBAR</color>
    
    <color name="default_shadow_start_color">H7_BACKGROUND</color>
    
    <color name="emui_accent">H7_ACCENT_COLOR</color>
    <color name="emui_accent_inverse">H7_ACCENT_COLOR</color>
    <color name="emui_accent_pressed">H7_ACCENT_COLOR</color>
    
    
    
    
    
    
    
    <color name="emui_color_2">H7_ACCENT_COLOR</color>
    
    
    
    
    
    
    
    <color name="emui_color_bg">H7_BACKGROUND</color>
    
    
    <color name="emui_color_fg">H7_ACTIONBAR</color>
    
    
    
    <color name="emui_color_gray_2">H7_ACTIONBAR</color>
    <color name="emui_color_gray_3">H7_ACTIONBAR</color>
    <color name="emui_color_gray_4">H7_ACTIONBAR</color>
    
    
    
    
    
    
    
    
    
    
    
    
    
    
    
    
    <color name="emui_control_highlight">H7_ACCENT_COLOR</color>
    
    
    <color name="emui_fab_bg_normal">H7_ACCENT_COLOR</color>
    <color name="emui_fab_bg_pressed">H7_ACCENT_COLOR</color>
    <color name="emui_fab_icon">H7_ACCENT_COLOR</color>
    <color name="emui_functional_blue">H7_ACCENT_COLOR</color>
    <color name="emui_functional_blue_inverse">H7_ACCENT_COLOR</color>
    
    
    
    <color name="emui_primary">H7_ACTIONBAR</color>
    <color name="emui_primary_inverse">H7_ACTIONBAR</color>
    
    
    
    
    
    
    
    
    <color name="emui_white">H7_BACKGROUND</color>
    <color name="functional_blue_text">H7_ACCENT_COLOR</color>
    
    
    
    <color name="hwsubtab_emui_color_bg">H7_BACKGROUND</color>
    
    <color name="hwsubtab_emui_subtab_text_on">H7_ACCENT_COLOR</color>
    <color name="hwsubtab_indicator_color">H7_ACCENT_COLOR</color>
    
    
    <color name="light_gray">H7_BACKGROUND</color>
    
    
    
    
    
    
    
    
    
    
    
    
    <color name="swiped_bg_color">H7_ACTIONBAR</color>
    
    <color name="toolbar_actived">H7_ACCENT_COLOR</color>
    <color name="toolbar_bg">H7_ACTIONBAR</color>
    
    
    
    <color name="white_100">H7_BACKGROUND</color>
    
    <color name="account_setup_account_type_exchange_action">H7_BACKGROUND</color>
    <color name="account_setup_other_action">H7_ACCENT_COLOR</color>
    
    <color name="holo_light_background_color">H7_BACKGROUND</color>	
	
	
</resources>