<?xml version="1.0" encoding="utf-8"?>
<resources>
    <color name="color_list_divider">#33ffffff</color>
    <color name="divider_color">H7_ACTIONBAR</color>
    <color name="emui_color_text_primary">#dbffffff</color>
    <color name="emui_color_text_secondary">#dbffffff</color>
    <color name="emui_primary_inverse">#ffe5e5e5</color>
    <color name="emui_white">#ffe6e6e6</color>
    <color name="grey_text_color">#ff808080</color>
    <color name="icon_color">#61000000</color>
    <color name="search_view_background_color">#33ffffff</color>
    <color name="share_background_color">H7_BACKGROUND</color>
    <color name="share_common_background">H7_ACTIONBAR</color>
    <color name="share_switch_gray">#33ffffff</color>
    <color name="title_bar_color">#a9ffffff</color>
</resources>
