<?xml version="1.0" encoding="utf-8"?>
<resources>
    <color name="root_icon_color">#FFFFFF</color>
    <color name="root_title_color">#FFFFFF</color>
    <color name="drawer_background">H7_ACTIONBAR</color>
    <color name="directory_background">H7_BACKGROUND</color>
    <color name="item_doc_title">#FFFFFF</color>
    <color name="item_doc_details">#FFFFFF</color>
    <color name="item_doc_background">#33D8D8D8</color>
    <color name="item_doc_background_selected">#00000000</color>
    <color name="item_doc_background_grid">#33D8D8D8</color>
    <color name="ic_public_folder">#4CFFFFFF</color>
    <color name="actionbar_text_color">#FFFFFF</color>
    <color name="toolbar_title">#FFFFFF</color>
    <color name="item_subdir_title">#FFFFFF</color>
    <color name="item_subdir">#FFFFFF</color>
    <color name="ic_breadcrumb_arrow">H7_ACCENT_COLOR</color>
    <color name="selected_delete_number">#FFFFFF</color>
    <color name="dialog_title">#FFFFFF</color>
    <color name="empty_icon">#4CFFFFFF</color>
    <color name="emptyfolder_text">#99FFFFFF</color>
    <color name="colorControlActivated">H7_ACCENT_COLOR</color>
    <color name="root_activated_color">H7_ACCENT_COLOR</color>
    <color name="primary">H7_ACCENT_COLOR</color>
    <color name="divider_color">#33FFFFFF</color>
</resources>
