<?xml version="1.0" encoding="UTF-8"?><resources>
    
    
    <color name="drawer_background">H7_ACTIONBAR</color>
    <color name="directory_background">H7_BACKGROUND</color>
    
    
    
    
    
    
    
    
    
    
    <color name="ic_breadcrumb_arrow">H7_ACCENT_COLOR</color>
    
    
    
    
    <color name="colorControlActivated">H7_ACCENT_COLOR</color>
    <color name="root_activated_color">H7_ACCENT_COLOR</color>
    <color name="primary">H7_ACCENT_COLOR</color>
    
</resources>