<?xml version="1.0" encoding="utf-8"?>

<MIUI_Theme_Values template="DarkTemplate">
  <color name="hint_edit_text_dialog_color_light" package="miui">#66ffffff</color>
  <color name="card_view_value_checked_color">#99ffffff</color>
  <color name="sos_player_linear_bg">#1affffff</color>
  <color name="preference_secondary_text_color_pressed_light" package="miui">#99ffffff</color>
  <color name="wifi_signal_icon_connected_color">#e6ffffff</color>
  <color name="unlock_text_light">#e6ffffff</color>
  <color name="list_text_color_checked_light" package="miui">H7_COLOR_SETTINGS</color>
  <color name="edit_text_color_light" package="miui">#e6ffffff</color>
  <color name="dialog_list_text_color_normal_light" package="miui">#e6ffffff</color>
  <color name="dialog_checkbox_text_color_light" package="miui">#99ffffff</color>
  <color name="divider_color_light" package="miui">#0dffffff</color>
  <color name="button_text_color_light" package="miui">#99ffffff</color>
  <color name="turn_off_password_color">#fff22424</color>
  <color name="text_edit_action_popup_more_normal_light" package="miui">H7_COLOR_SETTINGS</color>
  <color name="miuix_preference_checkable_item_fill_color_normal_light">#1affffff</color>
  <color name="bt_refresh_bg_color">#1affffff</color>
  <color name="bright_foreground_light_disabled" package="miui">#4dffffff</color>
  <color name="wifi_detail_item_icon_color">#99ffffff</color>
  <color name="edit_text_search_bg_color_light" package="miui">#1affffff</color>
  <color name="checkbox_btn_on_background_color_light" package="miui">H7_COLOR_SETTINGS</color>
  <color name="action_mode_button_text_color_normal_light" package="miui">#e6ffffff</color>
  <color name="button_text_color_guide_normal_light" package="miui">#e6ffffff</color>
  <color name="miuix_preference_connect_summary_disconnected_color_light">#99ffffff</color>
  <color name="progressDisableColor" package="miui">H7_COLOR_SETTINGS</color>
  <color name="progress_card_view_background_color">#1affffff</color>
  <color name="text_edit_action_popup_summary_normal_light" package="miui">#99ffffff</color>
  <color name="dim_foreground_light" package="miui">#99ffffff</color>
  <color name="input_method_keyboard_bg_color">H7_COLOR_SETTINGS</color>
  <color name="recommend_item_link">H7_COLOR_SETTINGS</color>
  <color name="dialog_bg_color_light" package="miui">H7_ACTIONBAR</color>
  <color name="number_picker_hint_text_color" package="miui">#99ffffff</color>
  <integer name="window_translucent_status" package="miui">2</integer>
  <color name="edit_text_search_hint_color_light" package="miui">#66ffffff</color>
  <color name="input_method_keyboard_des_text_color_selected">H7_COLOR_SETTINGS</color>
  <color name="text_select_item_bg_color_pressed_light" package="miui">#0dffffff</color>
  <color name="edit_text_color_light_disabled" package="miui">#4dffffff</color>
  <color name="dialog_message_text_color_light" package="miui">#e6ffffff</color>
  <color name="choose_unlock_item_bg_selected">H7_COLOR_SETTINGS</color>
  <color name="preference_primary_text_color_pressed_light" package="miui">#e6ffffff</color>
  <color name="text_edit_action_popup_info_normal_light" package="miui">#66ffffff</color>
  <color name="error_color_material_light">#fff22424</color>
  <color name="miuix_compat_spinner_text_color_light">#66ffffff</color>
  <color name="blank_page_text_color_light" package="miui">#66ffffff</color>
  <color name="sliding_button_bar_off_light" package="miui">#26ffffff</color>
  <color name="list_item_bg_color_checked_light" package="miui">H7_COLOR_SETTINGS_DISABLED</color>
  <color name="miuix_preference_highlight_pressed_light">H7_COLOR_SETTINGS</color>
  <color name="default_text_color">#e6ffffff</color>
  <color name="dropdown_popup_list_item_bg_pressed_light" package="miui">#0dffffff</color>
  <color name="color_radio_button_text">#e6ffffff</color>
  <color name="miuix_preference_connect_icon_connected_color">#e6ffffff</color>
  <color name="wifi_add_network_title_color">H7_COLOR_SETTINGS</color>
  <color name="add_fingerprint_finish_title_text_color">#e6ffffff</color>
  <color name="action_title_color_light" package="miui">#e6ffffff</color>
  <color name="checkbox_btn_on_foreground_color_light" package="miui">#ffffffff</color>
  <color name="menu_list_text_color_disabled_light" package="miui">#4dffffff</color>
  <color name="accessibility_settings_action_bar_inactive_color">#66ffffff</color>
  <color name="list_secondary_text_color_pressed_light" package="miui">#66ffffff</color>
  <color name="action_bar_subtitle_text_light" package="miui">#99ffffff</color>
  <color name="miuix_preference_list_secondary_text_color_normal_light">#99ffffff</color>
  <color name="choose_unlock_item_bg_normal">#1affffff</color>
  <color name="list_secondary_text_color_disable_light" package="miui">#4dffffff</color>
  <color name="svg_icon_color_normal_light" package="miui">#e6ffffff</color>
  <color name="edit_text_search_color_light" package="miui">#e6ffffff</color>
  <color name="bluetooth_dialog_text_color">#99ffffff</color>
  <color name="filter_sort_view_bg_color_light" package="miui">#ffe5e5e5</color>
  <color name="miuix_preference_list_secondary_text_color_checked_light">H7_COLOR_SETTINGS</color>
  <color name="account_info_text_color">#e6ffffff</color>
  <color name="edit_text_border_color" package="miui">H7_COLOR_SETTINGS</color>
  <color name="font_size_view_background">#1affffff</color>
  <color name="progressPrimaryColor" package="miui">H7_COLOR_SETTINGS</color>
  <color name="checkbox_btn_disable_background_color_light" package="miui">#ffffffff</color>
  <color name="text_edit_action_popup_text_pressed" package="miui">H7_COLOR_SETTINGS</color>
  <color name="list_card_background">#00ffffff</color>
  <color name="button_bg_primary_color_normal_light" package="miui">H7_COLOR_SETTINGS</color>
  <color name="card_style_summary_selected_color">#99ffffff</color>
  <color name="svg_icon_color_pressed_light" package="miui">#99ffffff</color>
  <color name="detal_description_color">#99ffffff</color>
  <color name="volume_seekbar_title_color">#e6ffffff</color>
  <color name="sliding_btn_slider_off_normal_color_light" package="miui">#ffffffff</color>
  <color name="usage_stats_black60">#99ffffff</color>
  <color name="miuix_preference_checkable_item_fill_color_checked_light">H7_COLOR_SETTINGS_DISABLED</color>
  <color name="miuix_compat_list_text_color_disable_light">#4dffffff</color>
  <color name="preference_secondary_text_color_light" package="miui">#99ffffff</color>
  <color name="recommend_title_color">#99ffffff</color>
  <color name="font_weight_view_small_color">H7_COLOR_SETTINGS_DISABLED</color>
  <color name="edit_text_dialog_bg_solid_light" package="miui">H7_ACTIONBAR</color>
  <color name="svg_icon_color_disable_light">#4dffffff</color>
  <color name="miuix_preference_primary_text_color_light">#e6ffffff</color>
  <color name="emergency_contact_item_bg">#00ffffff</color>
  <color name="transparent_60_balck">#99ffffff</color>
  <color name="need_update_text_color">H7_COLOR_SETTINGS</color>
  <color name="dropdown_popup_list_item_bg_normal_light" package="miui">#00ffffff</color>
  <color name="preference_primary_text_color_disable_light" package="miui">#4dffffff</color>
  <color name="fold_description_text_color">#66ffffff</color>
  <integer name="checkwidget_stroke_disable_alpha_light" package="miui">25</integer>
  <color name="miuix_preference_first_last_divider_line_light">#1affffff</color>
  <color name="button_bg_primary_color_disabled_light" package="miui">#15ffffff</color>
  <color name="sliding_btn_slider_on_pressed_color_light" package="miui">#ffffffff</color>
  <color name="font_size_view_big_center_color">#ffffffff</color>
  <color name="forget_password_dialog_title_text_color">#e6ffffff</color>
  <color name="white">#00ffffff</color>
  <color name="miuix_preference_list_secondary_text_color_disable_light">#4dffffff</color>
  <color name="preference_secondary_text_color_disable_light" package="miui">#4dffffff</color>
  <color name="miuix_preference_arrow_right_pressed_fill_color_light">#66ffffff</color>
  <color name="svg_icon_color_blue_disable_light" package="miui">#4dffffff</color>
  <color name="text_select_item_bg_color_normal_light" package="miui">#00ffffff</color>
  <color name="checkbox_btn_stroke_color_light" package="miui">#ffffffff</color>
  <color name="text_edit_action_popup_text_normal" package="miui">#e6ffffff</color>
  <color name="notch_radio_button_text_checked">H7_COLOR_SETTINGS</color>
  <color name="number_picker_label_color" package="miui">H7_COLOR_SETTINGS</color>
  <color name="font_size_view_big_color">H7_COLOR_SETTINGS</color>
  <color name="dropdown_popup_list_text_color_normal_light" package="miui">#e6ffffff</color>
  <color name="sos_player_linear_pressed_bg">#1affffff</color>
  <color name="miuix_preference_secondary_text_color_light">#99ffffff</color>
  <color name="progressbar_indeterminate_circle_color_light" package="miui">#e6ffffff</color>
  <color name="dialog_list_text_color_pressed_light" package="miui">#e6ffffff</color>
  <color name="settings_default_bg_color">#00ffffff</color>
  <color name="miuix_preference_connect_summary_connected_color">#99ffffff</color>
  <color name="dropdown_popup_list_text_color_checked_light" package="miui">H7_COLOR_SETTINGS</color>
  <color name="wifi_detail_modify_color">H7_COLOR_SETTINGS</color>
  <color name="card_style_summary_normal_color">#99ffffff</color>
  <color name="dialog_list_text_color_disabled_light" package="miui">#4dffffff</color>
  <color name="action_mode_button_text_color_selected_light" package="miui">H7_COLOR_SETTINGS</color>
  <color name="bright_foreground_light" package="miui">#e6ffffff</color>
  <color name="folme_color_touch_tint" package="miui">#0dffffff</color>
  <color name="miuix_preference_primary_text_color_disable_light">#4dffffff</color>
  <color name="action_bar_title_text_color_light" package="miui">#e6ffffff</color>
  <color name="unlock_text_title">#e6ffffff</color>
  <color name="action_button_text_color_pressed_light" package="miui">#99ffffff</color>
  <color name="input_method_keyboard_des_text_color_unselected">#e6ffffff</color>
  <color name="miuix_compat_integrated_spinner_text_color_light">#66ffffff</color>
  <color name="device_card_background">#0dffffff</color>
  <color name="sliding_btn_slider_on_normal_color_light" package="miui">#ffffffff</color>
  <color name="list_text_color_pressed_light" package="miui">#e6ffffff</color>
  <color name="holo_blue_light" package="android">H7_COLOR_SETTINGS</color>
  <color name="transparent_80_balck">#e6ffffff</color>
  <color name="miuix_preference_btn_radio_arrow_color">H7_COLOR_SETTINGS</color>
  <color name="sos_player_bg">#99ffffff</color>
  <color name="basic_info_item_summary_color">#99ffffff</color>
  <color name="basic_info_item_title_color">#e6ffffff</color>
  <color name="dropdown_popup_list_text_color_pressed_light" package="miui">#e6ffffff</color>
  <color name="account_info_summary">#99ffffff</color>
  <color name="miuix_preference_category_text_color_light">#66ffffff</color>
  <color name="miuix_preference_bright_foreground_light">#e6ffffff</color>
  <color name="miuix_preference_highlight_normal_light">H7_COLOR_SETTINGS</color>
  <integer name="checkwidget_background_normal_alpha_light" package="miui">25</integer>
  <color name="ringtone_item_value_color">#99ffffff</color>
  <color name="button_bg_primary_color_pressed_light" package="miui">H7_COLOR_SETTINGS</color>
  <integer name="checkwidget_stroke_normal_alpha_light" package="miui">50</integer>
  <color name="preference_secondary_text_color_checked_light" package="miui">H7_COLOR_SETTINGS</color>
  <color name="miuix_preference_list_secondary_text_color_pressed_light">#99ffffff</color>
  <color name="miuix_compat_list_secondary_text_color_normal_light">#99ffffff</color>
  <color name="miuix_preference_secondary_text_color_disable_light">#4dffffff</color>
  <color name="miuix_preference_bright_foreground_light_disabled">#4dffffff</color>
  <color name="card_view_checked_color">H7_COLOR_SETTINGS</color>
  <color name="menu_list_text_color_pressed_light" package="miui">#e6ffffff</color>
  <color name="wifi_signal_icon_color">#e6ffffff</color>
  <color name="volume_icon_color">#66ffffff</color>
  <color name="miuix_compat_list_text_color_checked_light">H7_COLOR_SETTINGS</color>
  <color name="preference_category_text_color_light" package="miui">#66ffffff</color>
  <color name="unlock_text_summary">#99ffffff</color>
  <color name="accessibility_settings_action_bar_active_color">#ccffffff</color>
  <color name="card_style_title_normal_color">#e6ffffff</color>
  <color name="miuix_preference_connect_icon_disconnected_color_light">#e6ffffff</color>
  <color name="miuix_preference_connect_title_disconnected_color_light">#e6ffffff</color>
  <color name="filter_sort_tab_view_text_normal_light">#cc000000</color>
  <color name="highlight_disabled_light" package="miui">H7_COLOR_SETTINGS_PRESS</color>
  <color name="miuix_preference_connect_title_connected_color">#e6ffffff</color>
  <color name="miuix_folme_color_touch_tint">#0dffffff</color>
  <color name="svg_icon_color_red_normal_light" package="miui">#ffff2a48</color>
  <color name="list_item_bg_color_pressed_light" package="miui">#0dffffff</color>
  <color name="add_fingerprint_title_text_color">#e6ffffff</color>
  <color name="action_mode_button_text_color_disable_light" package="miui">#4dffffff</color>
  <color name="wifi_detail_delete_color">#fff22424</color>
  <color name="action_button_text_color_disable_light" package="miui">#4dffffff</color>
  <color name="number_picker_highlight_text_color" package="miui">H7_COLOR_SETTINGS</color>
  <color name="sliding_button_bar_on_light" package="miui">H7_COLOR_SETTINGS</color>
  <color name="edit_text_dialog_color_disabled_light" package="miui">#4dffffff</color>
  <color name="preference_primary_text_color_light" package="miui">#e6ffffff</color>
  <color name="ringtone_item_title_color">#e6ffffff</color>
  <color name="main_page_background">H7_BACKGROUND</color>
  <color name="miuix_preference_secondary_text_color_checked_light">H7_COLOR_SETTINGS</color>
  <color name="visual_check_textview_checked_text_color">H7_COLOR_SETTINGS</color>
  <color name="choose_password_forget_text_color_light">#66ffffff</color>
  <color name="list_text_color_normal_light" package="miui">#e6ffffff</color>
  <color name="miuix_compat_list_text_color_pressed_light">#e6ffffff</color>
  <color name="list_text_color_disable_light" package="miui">#4dffffff</color>
  <color name="reset_hint_content">#99ffffff</color>
  <color name="card_view_title_checked_color">#e6ffffff</color>
  <color name="action_button_text_color_normal_light" package="miui">#e6ffffff</color>
  <color name="ringtone_item_region_color">#1affffff</color>
  <color name="hint_foreground_light" package="miui">#66ffffff</color>
  <color name="text_edit_action_popup_title_normal_light" package="miui">#e6ffffff</color>
  <color name="add_fingerprint_msg_text_color">#99ffffff</color>
  <color name="svg_icon_color_blue_selected_light" package="miui">H7_COLOR_SETTINGS</color>
  <color name="card_view_background_color">#1affffff</color>
  <color name="visual_check_textview_unchecked_text_color">#e6ffffff</color>
  <color name="edit_text_dialog_color_normal_light" package="miui">#e6ffffff</color>
  <color name="list_secondary_text_color_normal_light">#66ffffff</color>
  <color name="action_button_edit_color">#e6ffffff</color>
  <color name="instructions_text_color">#99ffffff</color>
  <color name="miuix_preference_highlight_disabled_light">H7_COLOR_SETTINGS_PRESS</color>
  <color name="card_view_title_color">#e6ffffff</color>
  <color name="card_view_value_color">#99ffffff</color>
  <color name="emergency_contact_number_color">#99ffffff</color>
  <color name="svg_icon_color_pressed_light">#99ffffff</color>
  <color name="font_size_view_small_color">H7_COLOR_SETTINGS</color>
  <color name="search_action_mode_cancel_text_color_pressed" package="miui">#e6ffffff</color>
  <color name="dropdown_popup_list_text_color_disabled_light" package="miui">#4dffffff</color>
  <dimen name="miuix_preference_high_light_radius"/>
  <color name="new_version_text_color">H7_COLOR_SETTINGS</color>
  <color name="slider_color_header">#99ffffff</color>
  <color name="preference_first_last_divider_line_light">#1affffff</color>
  <color name="seekbar_progress_color" package="miui">#e6ffffff</color>
  <color name="card_background_stroke_color">#1affffff</color>
  <color name="highlight_normal_light" package="miui">H7_COLOR_SETTINGS</color>
  <color name="miuix_preference_white">#00ffffff</color>
  <color name="list_secondary_text_color_normal_light" package="miui">#66ffffff</color>
  <color name="svg_icon_color_red_pressed_light" package="miui">#99ffffff</color>
  <color name="prompt_text_color">#66ffffff</color>
  <color name="choose_unlock_item_bg_selected_pressed">H7_COLOR_SETTINGS</color>
  <color name="new_version_button_color">H7_COLOR_SETTINGS_DISABLED</color>
  <color name="visual_check_borderlayout_bg_stroke_color">H7_COLOR_SETTINGS</color>
  <color name="notch_radio_button_text">#e6ffffff</color>
  <color name="dropdown_popup_list_item_bg_checked_light" package="miui">H7_COLOR_SETTINGS_DISABLED</color>
  <color name="svg_icon_color_normal_light">#e6ffffff</color>
  <color name="miuix_preference_arrow_right_normal_fill_color_light">#66ffffff</color>
  <color name="highlight_pressed_light" package="miui">H7_COLOR_SETTINGS</color>
  <color name="button_text_color_guide_disabled_light" package="miui">#4dffffff</color>
  <color name="progress_paint_color">H7_COLOR_SETTINGS</color>
  <color name="disabled_text_light" package="miui">#4dffffff</color>
  <color name="recommend_region_color">#1affffff</color>
  <color name="miuix_compat_list_secondary_text_color_disable_light">#4dffffff</color>
  <color name="bright_foreground_light">#e6ffffff</color>
  <color name="action_button_text_color_selected_light" package="miui">H7_COLOR_SETTINGS</color>
  <color name="sliding_btn_slider_off_pressed_color_light" package="miui">#ffffffff</color>
  <color name="forget_password_dialog_content_text_color">#66ffffff</color>
  <color name="transparent_40_balck">#66ffffff</color>
  <color name="miuix_compat_list_secondary_text_color_checked_light">H7_COLOR_SETTINGS</color>
  <color name="edit_text_bg_color_light" package="miui">H7_ACTIONBAR</color>
  <color name="menu_list_text_color_normal_light" package="miui">#e6ffffff</color>
  <color name="miuix_compat_list_text_color_normal_light">#e6ffffff</color>
  <color name="action_mode_button_text_color_pressed_light" package="miui">#99ffffff</color>
  <color name="action_mode_title_text_color_light" package="miui">#e6ffffff</color>
  <color name="dialog_title_text_color" package="miui">#e6ffffff</color>
  <color name="card_style_title_selected_color">#e6ffffff</color>
  <color name="miuix_compat_list_secondary_text_color_pressed_light">#99ffffff</color>
  <color name="svg_icon_color_red_disable_light" package="miui">#4dffffff</color>
  <color name="progressBackground_light" package="miui">#1affffff</color>
  <color name="search_action_mode_cancel_text_color_normal" package="miui">H7_COLOR_SETTINGS</color>
  <color name="unlock_text_tips">#66ffffff</color>
  <integer name="checkwidget_background_disable_alpha_light" package="miui">12</integer>
  <color name="bt_refresh_color">#e6ffffff</color>
  <color name="bootloader_status_default_color">#e6ffffff</color>
  <color name="recommend_item_link_pressed">H7_COLOR_SETTINGS_PRESS</color>
  <color name="sos_text_color">#99ffffff</color>
  <color name="fold_feedback_link_color">H7_COLOR_SETTINGS</color>
  <color name="emergency_contact_name_color">#e6ffffff</color>
  <color name="choose_unlock_item_bg_pressed">#1affffff</color>
  <color name="svg_icon_color_disable_light" package="miui">#4dffffff</color>
  <color name="device_icon_fill_color">#99ffffff</color>
  <color name="bluetooth_dialog_text_color_2">#99ffffff</color>
</MIUI_Theme_Values>
