﻿<?xml version="1.0" encoding="utf-8"?>
<resources>
	<color name="hwoucDividerColor">#33ffffff</color>
	<color name="hwouc_backgrColor">H7_ACCENT_COLOR</color>


	<color name="device_info_emui_check_text">#ffffffff</color>
	<color name="device_info_emui_check_state_text">#7fffffff</color>

	<color name="new_version_type_100_percent">#fff0460e</color>
	<color name="current_version_type_100_percent">#ffffffff</color>

	<color name="changelog_lable_color">#ffffffff</color>
	<color name="changelog_text_color">#7fffffff</color>
	<color name="warn_lable_color">#ffffffff</color>

	<color name="version_link_color">#ff26a69a</color>
	<color name="version_name_color">#ffffffff</color>
	<color name="version_size_color">#ffffffff</color>
	<color name="patch_package_num_text">#7fffffff</color>
	<color name="firmware_detail_text_color">#ffffffff</color>
	<color name="download_progress_text_color">#ffffffff</color>
	<color name="percentSymbol_color">#ffffffff</color>
	<color name="download_status_color">#ffffffff</color>

	<color name="white">H7_ACTIONBAR</color>    
	<color name="black">#FFffffff</color>
	<color name="blue">H7_ACCENT_COLOR</color>
	<color name="highlight_color">H7_ACCENT_COLOR</color>

	<color name="black_90_percent">#e6ffffff</color>
	<!-- 85% black -->
	<color name="black_85_percent">#daffffff</color>
	<!-- 75% black -->
	<color name="black_75_percent">#c0ffffff</color>
	<!-- 70% black -->
	<color name="black_70_percent">#b3ffffff</color>
	<!-- 65% black -->
	<color name="black_65_percent">#a6ffffff</color>
	<!-- 30% black -->
	<color name="black_30_percent">#4cffffff</color>
	<!-- 10% black -->
	<color name="black_10_percent">#66ffffff</color>
	<!-- DTS2014120805072 zhanghaibo/00202427 20150225 begin -->
	<color name="white">#FFFFFF</color>
	<color name="cotaUpdateDivideBg">H7_ACTIONBAR</color>
	<!-- DTS2014120805072 zhanghaibo/00202427 20150225 end -->

	<color name="changelog_text_color">#ffffff</color>
	<color name="changelog_lable_color">#ffffff</color>

	<color name="warn_text_color">#ffffff</color>

	<color name="black">#ffffff</color>
	<color name="text_color1">#ffffff</color>
	<color name="text_color2">#ffffff</color>
	<color name="text_black_75">#ffffff</color>

	<color name="text_black_forquestion">#ffffff</color>

	<!-- DTS2017102404202  qinpeng/qwx399752 20171024 begin -->
	<color name="cota_emotion_new_version_label_color">#ffffffff</color> <!-- -->
	<!-- DTS2017112108041 maoying/mwx499780 20171123 begin -->
	<color name="cota_upgrade_describe_color">#80ffffff</color>
	<!-- DTS2017112108041 maoying/mwx499780 20171123 end -->
	<color name="cota_changelog_label_color">#ffffff</color>  <!-- -->
	<!-- DTS2017112108041 maoying/mwx499780 20171123 begin -->
	<color name="cota_changelog_text_color">#80ffffff</color>
	<!-- DTS2017112108041 maoying/mwx499780 20171123 end -->
	<color name="main_page_version_name_color">#7fffffff</color>
	<!-- DTS2017102404202  qinpeng/qwx399752 20171024 end -->

	<color name="download_button_color">#E6E6E6</color>
	<color name="main_page_emui_version_color">#E6E6E6</color>
	<color name="emui_primary_text">#E6E6E6</color>
	<color name="changelog_title_close">#4CBBFF</color>
	<color name="divider_color">#00303030</color>
	<color name="main_page_version_big_name_color">#E6E6E6</color>
	<color name="devider_line_color">#33FFFFFF</color>
	<color name="text_link_color">#4CBBFF</color>
	<color name="statusbar_bg">H7_ACTIONBAR</color>
	<color name="textview_bg_pressed">#0E0E0E</color>
</resources>