﻿<?xml version="1.0" encoding="utf-8"?>

<resources>
    <color name="common_text_color">#e6e6e6</color>
    <color name="common_text_50_color">#7fe6e6e6</color>
    <color name="emui_color_gray_2_80">#808080</color>
    <color name="emui_functional_blue">H7_ACCENT_COLOR</color>
    <color name="pop_window_background">#1c1c1e</color>
    <color name="setting_link_color">H7_ACCENT_COLOR</color>
    <color name="divider_horizontal_color_emui">#33FFFFFF</color>
    <color name="url_text_color">H7_ACCENT_COLOR</color>
    <color name="wave_view_tag_color">H7_ACCENT_COLOR</color>
    <color name="black_half">#7FFFFFFF</color>
    <color name="text_color_spinner_item">#FFFFFF</color>
    <color name="fastapp_blue_text_007dff">H7_ACCENT_COLOR</color>
    <color name="fastapp_black">#ffffff</color>
    <color name="fastapp_half_black">#ffffff</color>
</resources>