﻿<?xml version="1.0" encoding="utf-8"?>

<resources> 

	<!--ActionBAr-->

	<color name="primary_emui_light">H7_ACTIONBAR</color>
	<color name="emui_navigationbar_bg_blur">H7_ACTIONBAR</color>
	<color name="emui_navigationbar_bg">H7_ACTIONBAR</color>
	<color name="emui_subtab_bg_blur">H7_ACTIONBAR</color>
	<color name="emui_subtab_bg">H7_ACTIONBAR</color>
	<color name="emui_black_color_alpha_5">H7_ACTIONBAR</color>	
	<color name="emui_appbar_bg_blur">H7_ACTIONBAR</color>
	<color name="emui_appbar_bg">H7_ACTIONBAR</color>
	<color name="emui_toolbar_bg">H7_ACTIONBAR</color>
	<color name="emui_toolbar_bg_blur">H7_ACTIONBAR</color>	
	<color name="hwtoolbar_background">H7_ACTIONBAR</color>
  	<color name="emui_color_gray_1">H7_ACTIONBAR</color>
	<color name="emui_white_bg">H7_ACTIONBAR</color>
	<color name="switch_track_off_bg_emui">H7_ACTIONBAR</color>

	<color name="navigationbar_emui_light_line">H7_ACTIONBAR</color>
 	<color name="navigationbar_emui_light">H7_ACTIONBAR</color>
	
	<color name="emui_dialog_bg">H7_BACKGROUND</color>
	<color name="emui_color_bg">H7_BACKGROUND</color>	

	<color name="emui_functional_blue">H7_COLOR_CALCULATOR</color>
	<color name="emui_functioanl_blue_dark">H7_COLOR_CALCULATOR</color>
	<color name="emui_functional_red">H7_COLOR_CALCULATOR</color>
	<color name="searchview_cursor_color_emui">H7_COLOR_CALCULATOR</color>
	<color name="emui_color_gray_8">H7_COLOR_CALCULATOR</color>
	<color name="emui_switch_bg_on">H7_COLOR_CALCULATOR</color>
	<color name="emui_progress">H7_COLOR_CALCULATOR</color>
	<color name="emui_control_hightlight">H7_COLOR_CALCULATOR</color>
	<color name="emui_subtab_text_on">H7_COLOR_CALCULATOR</color>
	<color name="emui_subtab_line_on">H7_COLOR_CALCULATOR</color>
	<color name="emui_bottombar_icon_on">H7_COLOR_CALCULATOR</color>
	<color name="emui_bottombar_text_on">H7_COLOR_CALCULATOR</color>
	<color name="emui_checkbox_boxedge">H7_COLOR_CALCULATOR</color>
	<color name="emui_switch_outline_off">H7_COLOR_CALCULATOR</color>
	<color name="accent_emui_emphasize">H7_COLOR_CALCULATOR</color>
	<color name="accent_emui_emphasize_pressed">H7_COLOR_CALCULATOR</color>
	<color name="accent_emui_emphasize_disabled">H7_COLOR_CALCULATOR_DISABLED</color>
	<color name="accent_on_disable_emui">H7_COLOR_CALCULATOR_DISABLED</color>
	<color name="accent_on_disable_dark_emui">H7_COLOR_CALCULATOR_DISABLED</color>
	<color name="accent_on_dark_emui">H7_COLOR_CALCULATOR</color>
	<color name="switch_on_disable_dark_emui">H7_COLOR_CALCULATOR_DISABLED</color>
	<color name="clone_app_mark_bg_color">H7_COLOR_CALCULATOR</color>
	<color name="mw_divide_bg">H7_COLOR_CALCULATOR</color>
	<color name="emui_master_color_5">H7_COLOR_CALCULATOR</color>
	<color name="sub_tab_border_emui">H7_COLOR_CALCULATOR</color>
	<color name="sub_tab_entity_emui">H7_COLOR_CALCULATOR</color>
	<color name="notification_expandbutton_progressbar_honor">H7_COLOR_CALCULATOR</color>
	<color name="notification_expandbutton_progressbar">H7_COLOR_CALCULATOR</color>
	<color name="ic_menu_download_normal_color">H7_COLOR_CALCULATOR</color>
	<color name="searchview_cursor_color_emui_emphasize">H7_COLOR_CALCULATOR</color>
	<color name="ic_menu_download_pressed_color">H7_COLOR_CALCULATOR</color>
	<color name="actionbar_icon_blackback_pressed">H7_COLOR_CALCULATOR</color>
	<color name="actionbar_icon_blackback">H7_COLOR_CALCULATOR</color>
	<color name="shutdown_recommend_empha_text_color">H7_COLOR_CALCULATOR</color>
	<color name="accent_on_disable_emphasize_emui">#H7_COLOR_CALCULATOR_DISABLED</color>
	<color name="btn_text_color_disabled_normal_emui_dark">H7_COLOR_CALCULATOR_DISABLED</color>
	<color name="btn_text_color_normal_emui_dark">H7_COLOR_CALCULATOR</color>
	<color name="emui_accent">H7_COLOR_CALCULATOR</color>
	<color name="emui_accent_alpha_10">#1a26a69a</color>
	<color name="emui_accent_dark">H7_COLOR_CALCULATOR</color>
	<color name="game_notice_color">H7_COLOR_CALCULATOR</color>
	<color name="hwtoolbar_menu_clicked_emui">H7_COLOR_CALCULATOR</color>
	<color name="switch_on_disable_emphasize_emui">#H7_COLOR_CALCULATOR_DISABLED</color>
	<color name="tab_title_selected_pressed_emui">H7_COLOR_CALCULATOR</color>
	<color name="tab_title_selected_pressed_emui_emphasize">H7_COLOR_CALCULATOR</color>
	<color name="sub_tab_title_normal_pressed_emui_dark">H7_COLOR_CALCULATOR_DISABLED</color>
	<color name="sub_tab_title_normal_emui_dark">H7_COLOR_CALCULATOR</color>
	<color name="accent_emui_dark">H7_COLOR_CALCULATOR</color>
	<color name="emui_list_separator_dark_default">H7_COLOR_CALCULATOR</color>
	<color name="emui_blue_light">H7_COLOR_CALCULATOR</color>
	<color name="emui_dialog_blue_light">H7_COLOR_CALCULATOR</color>
	<color name="accent_emui_pressed">H7_COLOR_CALCULATOR_PRESS</color>
	<color name="emui_master_color_mark_2">H7_COLOR_CALCULATOR</color>
	<color name="emui_master_color_mark_2_alpha_70">H7_COLOR_CALCULATOR_PRESS</color>
	<color name="emui_master_color_mark_2_alpha_20">H7_COLOR_CALCULATOR_DISABLED</color>
	<color name="sub_tab_title_emui">H7_COLOR_CALCULATOR</color>
	<color name="sub_tab_title_emui_dark">H7_COLOR_CALCULATOR</color>
	<color name="sub_tab_title_emui_emphasize">H7_COLOR_CALCULATOR</color>
	<color name="searchview_cursor_color_light_bg">H7_COLOR_CALCULATOR</color>
	<color name="emui_svg_icon_dark_disabled">H7_COLOR_CALCULATOR_DISABLED</color>
 	<color name="action_bar_title_emui">H7_COLOR_CALCULATOR</color>
	<color name="action_bar_title_emui_dark">H7_COLOR_CALCULATOR</color>
 	<color name="tab_title_selected_emui_dark">H7_COLOR_CALCULATOR</color>
 	<color name="accent_emui">H7_COLOR_CALCULATOR</color>
 	<color name="accent_emui_text_hightlight">H7_COLOR_CALCULATOR_DISABLED</color>
 	<color name="emui_dialog_title_text_Color">H7_COLOR_CALCULATOR</color>
 	<color name="sub_tab_title_normal_pressed_emui_emphasize">H7_COLOR_CALCULATOR_PRESS</color>
 	<color name="sub_tab_title_normal_emui_emphasize">H7_COLOR_CALCULATOR_PRESS</color>
 	<color name="tab_title_selected_emui_emphasize">H7_COLOR_CALCULATOR</color> 
 	<color name="emui_progressbar_loading_fill_color">H7_COLOR_CALCULATOR</color>
	<color name="emui_highlighted_text">H7_COLOR_CALCULATOR_DISABLED</color>
	<color name="emui_detail_text_pressed">H7_COLOR_CALCULATOR</color>
	<color name="alphaindexer_selected_alpha_color">H7_COLOR_CALCULATOR</color>
	<color name="tab_title_selected_emui">H7_COLOR_CALCULATOR</color>
	<color name="tab_title_selected_pressed_emui">H7_COLOR_CALCULATOR_PRESS</color>
	<color name="tab_title_selected_emui_emphasize">H7_COLOR_CALCULATOR</color>
	<color name="tab_title_selected_pressed_emui_emphasize">H7_COLOR_CALCULATOR</color>
	<color name="sub_tab_title_selected_pressed_emui">H7_COLOR_CALCULATOR</color>
	<color name="sub_tab_title_selected_emui">H7_COLOR_CALCULATOR</color>
	<color name="sub_tab_title_selected_pressed_emui_emphasize">H7_COLOR_CALCULATOR</color>
	<color name="sub_tab_title_selected_emui_emphasize">H7_COLOR_CALCULATOR</color>
	<color name="selected_text_item">H7_COLOR_CALCULATOR</color>
	<color name="hw_handle_color">H7_COLOR_CALCULATOR</color>
	<color name="accent_emui">H7_COLOR_CALCULATOR</color>
	<color name="accent_emui_pressed">H7_COLOR_CALCULATOR</color>
	<color name="accent_emui_text_hightlight">H7_COLOR_CALCULATOR</color>	

	<color name="accent_emui_dark_color">#e6ffffff</color>
	<color name="emui_spinner_item_pressed_dark">#d9d9d9</color>
	<color name="emui_fab_pressed">#d9d9d9</color>
	<color name="emui_color_gray_9">#d9d9d9</color>										 
	<color name="accent_emui_text_hightlight_dark">#d9d9d9</color>
	<color name="emui_list_separator_default">#bdc0c5</color>
	<color name="emui_white_dialog_bg">H7_BACKGROUND</color>
	<color name="emui_emphasize_dialog_bg_color">H7_BACKGROUND</color>
	<color name="accent_emui_dark">#b3ffffff</color>
	<color name="emui_master_color_0">#ffff242e</color>
	<color name="emui_master_color_1">#ffea242e</color>
	<color name="emui_master_color_2">#ffd3242e</color>
	<color name="emui_master_color_3">#ffc3242e</color>
	<color name="emui_master_color_4">#ffbb242e</color>
	<color name="emui_master_color_6">#ff90242e</color>
	<color name="emui_master_color_7">#ff85242e</color>
	<color name="emui_master_color_8">#ff6a242e</color>
	<color name="emui_master_color_9">#ff62242e</color>
	<color name="emui_master_color_10">#ff54242e</color>
	<color name="emui_master_color_mark_0">#ffd1242e</color>
	<color name="emui_master_color_mark_1">#ffb5242e</color>
	<color name="emui_master_color_mark_0_alpha_70">#b3d1242e</color>
	<color name="emui_master_color_mark_1_alpha_70">#b3b5242e</color>
	<color name="emui_master_color_mark_0_alpha_20">#33d1242e</color>
	<color name="emui_master_color_mark_1_alpha_20">#33b5242e</color>
	<color name="emui_svg_icon_light_default">#ffffff</color>
	<color name="emui_svg_icon_light_disabled">#33ffffff</color>
	<color name="emui_svg_icon_dark_default">#ffffff</color>

	<color name="hw_title_header_text">ffffff</color>

 	<color name="tab_title_normal_emui">#80A0A0A0</color>
 	<color name="tab_title_normal_pressed_emui">#33A0A0A0</color>
 	<color name="tab_title_selected_pressed_emui">#80A0A0A0</color>
 	<color name="tab_title_normal_emui_dark">#80A0A0A0</color>
 	<color name="tab_title_normal_pressed_emui_dark">#33A0A0A0</color>
 	<color name="tab_title_selected_pressed_emui_dark">#33A0A0A0</color>
	
 	<color name="tab_bg_normal_emui_dark">#202020</color>
 	<color name="tab_bg_normal_emui">#202020</color>
 	<color name="tab_bg_normal_emui_emphasize">#202020</color>
	
	<color name="preference_divider_grey">#00000000</color>
	<color name="divider_horizontal_color_emui">#00000000</color>	
	
	<color name="emui_tab_title_off">#80ffffff</color>
	<color name="emui_tab_title_on">#ffffff</color>
	<color name="emui_label_primary_text">#ffffff</color>
	
	<color name="emui_list_primary_default">#ffffff</color>
 	<color name="emui_list_secondray_text">#80ffffff</color> 	
	<color name="list_text_color_emui">#ffffffff</color>
	
 	<color name="emui_text_dark">#A0A0A0</color>
	
 	<color name="emui_secondary_text_dark_disabled">#33A0A0A0</color>
 	<color name="emui_secondary_text_dark">#80A0A0A0</color>

 	<color name="sub_tab_title_normal_emui">#88ffffff</color>
 	<color name="sub_tab_title_normal_pressed_emui">#88ffffff</color>
	
 	<color name="accent_off_disable_emui">#33081115</color> 
 	
 	<color name="emui_spinner_item_default">#ffffff</color>
 	<color name="emui_spinner_item_pressed">#88ffffff</color>
	
 	<color name="menuitem_default_checkedcolor">#909090</color>
 	<color name="menuitem_default_checkedcolor_pressed">#88909090</color>
 	<color name="menuitem_default_checkedcolor_disabled">#33909090</color>
 	<color name="menuitem_default_uncheckedcolor">#909090</color>
 	<color name="menuitem_default_uncheckedcolor_pressed">#88909090</color>
 	<color name="menuitem_default_uncheckedcolor_disabled">#33909090</color>

 	<color name="emui_numberpicker_small_textcolor">#909090</color>
 	<color name="emui_message_text_color">#ffffff</color>
 	<color name="switch_bg_off_emui">#9a9a9a</color> 
 	<color name="switch_bg_off_disable_emui">#33808080</color> 
 	<color name="switch_thumb_emui">#ffffff</color>
 	<color name="switch_thumb_disable_emui">#88ffffff</color>

	<color name="menuitem_default_dark_uncheckedcolor">#ffffff</color>
 	<color name="menuitem_default_dark_uncheckedcolor_disabled">#33ffffff</color>
 	<color name="menuitem_default_dark_uncheckedcolor_pressed">#88ffffff</color>
 	<color name="menuitem_default_dark_checkedcolor">#ffffff</color>
 	<color name="menuitem_default_dark_checkedcolor_disabled">#33ffffff</color>
 	<color name="menuitem_default_dark_checkedcolor_pressed">#88ffffff</color> 
	<color name="emui_button_text_emphasize_disabled">#41000000</color>
 	<color name="emui_button_text_emphasize_color">#D8000000</color>
	<color name="emui_spinner_dropdown_item_default_emphasize">#616161</color>
 	<color name="emui_spinner_dropdown_item_pressed_emphasize">#616161</color>
 	<color name="emui_spinner_dropdown_item_disabled_emphasize">#3f616161</color>
	<color name="tab_title_normal_emui_emphasize">#80909090</color>
 	<color name="tab_title_normal_pressed_emui_emphasize">#80909090</color>
 	<color name="tab_title_selected_pressed_emui_emphasize">#80909090</color>

	
	
	
		<!--White-->
	<color name="emui_searchview_text_color">#ffffff</color>
  	<color name="emui_searchview_text_color_dark">#ffffff</color>
  	<color name="emui_searchview_text_hint_color">#80ffffff</color>
  	<color name="emui_searchview_text_hint_color_dark">#80ffffff</color>
  	<color name="ic_searchview_color_emui">#ffffff</color>
  	<color name="ic_searchview_color_emui_dark">#ffffff</color>
  	<color name="emui_gray_2">#d9ffffff</color> 
  	<color name="primary_text_emui">#ffffff</color>
	<color name="emui_list_primary_default">#ffffff</color>  	
  	<color name="permission_list_text_color">#ffffff</color>
	<color name="permission_group_text_color">#ffffff</color>
  	<color name="emui_list_primary_text">#ffffff</color>
  	<color name="emui_color_gray_4">#33ffffff</color>
  	<color name="emui_primary">#ffffff</color>
	<color name="emui_black_color_alpha_30">#33a0a0a0</color>
	<color name="emui_color_gray_5">#ffffff</color>  	
	<color name="emui_color_gray_6">#ffffff</color>
  	<color name="emui_color_gray_10">#ffffff</color>  	
	<color name="emui_black">#a0a0a0</color>
	<color name="emui_button_text_color">#ffffff</color>
	<color name="emui_button_text_disabled">#33ffffff</color>
	<color name="emui_listitem_text_color">#ffffff</color>
	<color name="emui_text_disabled">#33ffffff</color>
	<color name="emui_color_gray_7">#ffffff</color>
	<color name="spinner_item_disabled">#33ffffff</color>
	<color name="emui_color_gray_2">#d9ffffff</color>
	<color name="emui_button_text_color">#ffffff</color>
	<color name="emui_button_text_disabled">#80ffffff</color>
	<color name="emui_message_text_color">#ffffff</color> 
	<color name="emui_text_disabled">#50ffffff</color>
	<color name="spinner_item_disabled">#ffffff</color>
	<color name="emui_secondary_text_dark">#80ffffff</color>
	<color name="emui_secondary_text_dark_disabled">#50ffffff</color>
	<color name="emui_black_color_alpha_30">#90ffffff</color>
	<color name="emui_color_gray_5">#90ffffff</color>
	<!-- pop-->	
	<color name="emui_primary_inverse">#ffffff</color>
	<color name="emui_secondary">#FFFFFF</color>
	<color name="emui_color_divider_horizontal">#20ffffff</color>
	<color name="pop_button_line_bg_detail_recv">#20ffffff</color>
	<color name="emui_color_fg">#20ffffff</color>
	<color name="emui_appbar_title">#ffffff</color>
	<color name="emui_appbar_icon">#ffffff</color>
	<color name="emui_appbar_icon_pressed">#ffffff</color>
	<color name="emui_toolbar_icon">#ffffff</color>
	<color name="emui_toolbar_icon_pressed">#ffffff</color>
	<color name="emui_toolbar_text">#ffffff</color>
	<color name="emui_toolbar_text_pressed">#ffffff</color>
	<color name="emui_spinner_icon">#ffffff</color>
	<color name="emui_icon_tertiary">#ffffff</color>
	<color name="emui_text_primary">#ffffff</color>
	<color name="emui_appbar_subtitle">#50ffffff</color>
	<color name="emui_bottombar_text_off">#50ffffff</color>
	<color name="emui_subtab_text_off">#50ffffff</color>
	<color name="emui_text_hint">#90ffffff</color>



	<color name="accent_emui">H7_COLOR_CALCULATOR</color>
	<color name="accent_emui_dark">H7_COLOR_CALCULATOR</color>
	<color name="accent_emui_emphasize">H7_COLOR_CALCULATOR</color>
	<color name="accent_emui_emphasize_disabled">H7_COLOR_CALCULATOR_DISABLED</color>
	<color name="accent_emui_emphasize_pressed">H7_COLOR_CALCULATOR</color>
	<color name="accent_emui_pressed">H7_COLOR_CALCULATOR_PRESS</color>
	<color name="accent_emui_text_hightlight">H7_COLOR_CALCULATOR_PRESS</color>
	<color name="accent_emui_text_hightlight_dark">H7_COLOR_CALCULATOR_PRESS</color>
	<color name="accent_on_dark_emui">H7_COLOR_CALCULATOR</color>
	<color name="accent_on_disable_dark_emui">H7_COLOR_CALCULATOR_DISABLED</color>
	<color name="accent_on_disable_emphasize_emui">H7_COLOR_CALCULATOR_DISABLED</color>
	<color name="accent_on_disable_emui">H7_COLOR_CALCULATOR_DISABLED</color>
	<color name="action_bar_title_emui">H7_COLOR_CALCULATOR</color>
	<color name="action_bar_title_emui_dark">H7_COLOR_CALCULATOR</color>
	<color name="actionbar_icon_blackback">H7_COLOR_CALCULATOR</color>
	<color name="actionbar_icon_blackback_pressed">H7_COLOR_CALCULATOR</color>
	<color name="alphaindexer_selected_alpha_color">H7_COLOR_CALCULATOR</color>
	<color name="btn_text_color_disabled_normal_emui_dark">H7_COLOR_CALCULATOR_DISABLED</color>
	<color name="btn_text_color_normal_emui_dark">H7_COLOR_CALCULATOR</color>
	<color name="clone_app_mark_bg_color">H7_COLOR_CALCULATOR</color>
	<color name="emui_accent">H7_COLOR_CALCULATOR</color>
	<color name="emui_accent_dark">H7_COLOR_CALCULATOR</color>
	<color name="emui_accent_dark_inverse">H7_COLOR_CALCULATOR</color>
	<color name="emui_accent_pressed">H7_COLOR_CALCULATOR</color>
	<color name="emui_blue_light">H7_COLOR_CALCULATOR</color>
	<color name="emui_bottombar_icon_on">H7_COLOR_CALCULATOR</color>
	<color name="emui_bottombar_icon_on_dark">H7_COLOR_CALCULATOR</color>
	<color name="emui_bottombar_text_on">H7_COLOR_CALCULATOR</color>
	<color name="emui_bottombar_text_on_dark">H7_COLOR_CALCULATOR</color>

	<color name="emui_center_color">H7_COLOR_CALCULATOR</color>
	<color name="emui_checkbox_boxedge">H7_COLOR_CALCULATOR</color>
	<color name="emui_color_1">H7_COLOR_CALCULATOR</color>
	<color name="emui_color_1_dark">H7_COLOR_CALCULATOR</color>
	<color name="emui_color_1_translucent">H7_COLOR_CALCULATOR</color>
	<color name="emui_color_2">H7_COLOR_CALCULATOR</color>
	<color name="emui_color_2_dark">H7_COLOR_CALCULATOR</color>
	<color name="emui_color_2_translucent">H7_COLOR_CALCULATOR</color>
	<color name="emui_color_3">H7_COLOR_CALCULATOR</color>
	<color name="emui_color_3_dark">H7_COLOR_CALCULATOR</color>
	<color name="emui_color_3_translucent">H7_COLOR_CALCULATOR</color>
	<color name="emui_color_4">H7_COLOR_CALCULATOR</color>
	<color name="emui_color_4_dark">H7_COLOR_CALCULATOR</color>
	<color name="emui_color_4_translucent">H7_COLOR_CALCULATOR</color>
	<color name="emui_color_5">H7_COLOR_CALCULATOR</color>
	<color name="emui_color_5_dark">H7_COLOR_CALCULATOR</color>
	<color name="emui_color_5_translucent">H7_COLOR_CALCULATOR</color>
	<color name="emui_color_6">H7_COLOR_CALCULATOR</color>
	<color name="emui_color_6_dark">H7_COLOR_CALCULATOR</color>
	<color name="emui_color_6_translucent">H7_COLOR_CALCULATOR</color>
	<color name="emui_color_7">H7_COLOR_CALCULATOR</color>
	<color name="emui_color_7_dark">H7_COLOR_CALCULATOR</color>
	<color name="emui_color_7_translucent">H7_COLOR_CALCULATOR</color>
	<color name="emui_color_8">H7_COLOR_CALCULATOR</color>
	<color name="emui_color_8_dark">H7_COLOR_CALCULATOR</color>
	<color name="emui_color_8_translucent">H7_COLOR_CALCULATOR</color>
	<color name="emui_color_9">H7_COLOR_CALCULATOR</color>
	<color name="emui_color_9_dark">H7_COLOR_CALCULATOR</color>
	<color name="emui_color_9_translucent">H7_COLOR_CALCULATOR</color>
	<color name="emui_color_10">H7_COLOR_CALCULATOR</color>
	<color name="emui_color_10_dark">H7_COLOR_CALCULATOR</color>
	<color name="emui_color_10_translucent">H7_COLOR_CALCULATOR</color>
	<color name="emui_color_11">H7_COLOR_CALCULATOR</color>
	<color name="emui_color_11_dark">H7_COLOR_CALCULATOR</color>
	<color name="emui_color_11_translucent">H7_COLOR_CALCULATOR</color>
	<color name="emui_color_badge">H7_COLOR_CALCULATOR</color>
	<color name="emui_color_connected">H7_COLOR_CALCULATOR</color>
	<color name="emui_control_hightlight">H7_COLOR_CALCULATOR</color>
	<color name="emui_detail_text_pressed">H7_COLOR_CALCULATOR</color>
	<color name="emui_dialog_blue_light">H7_COLOR_CALCULATOR</color>
	<color name="emui_end_color">H7_COLOR_CALCULATOR</color>
	<color name="emui_fab_bg_normal">H7_COLOR_CALCULATOR</color>
	<color name="emui_fab_bg_pressed">H7_COLOR_CALCULATOR_PRESS</color>
	<color name="emui_fab_pressed">H7_COLOR_CALCULATOR</color>
	<color name="emui_functioanl_blue_dark">H7_COLOR_CALCULATOR</color>
	<color name="emui_functional_blue">H7_COLOR_CALCULATOR</color>
	<color name="emui_functional_blue_inverse">H7_COLOR_CALCULATOR</color>
	<color name="emui_functional_green">H7_COLOR_CALCULATOR</color>
	<color name="emui_highlighted_text">H7_COLOR_CALCULATOR_DISABLED</color>
	<color name="emui_master_color_5">H7_COLOR_CALCULATOR</color>
	<color name="emui_master_color_mark_2">H7_COLOR_CALCULATOR</color>
	<color name="emui_master_color_mark_2_alpha_20">H7_COLOR_CALCULATOR_DISABLED</color>
	<color name="emui_master_color_mark_2_alpha_70">H7_COLOR_CALCULATOR_PRESS</color>
	<color name="emui_primary">H7_COLOR_CALCULATOR</color>
	<color name="emui_progress">H7_COLOR_CALCULATOR</color>
	<color name="emui_progressbar_loading_fill_color">H7_COLOR_CALCULATOR</color>
	<color name="emui_start_color">H7_COLOR_CALCULATOR</color>
	<color name="emui_subtab_line_on">H7_COLOR_CALCULATOR</color>
	<color name="emui_subtab_line_on_dark">H7_COLOR_CALCULATOR</color>
	<color name="emui_subtab_text_on">H7_COLOR_CALCULATOR</color>
	<color name="emui_subtab_text_on_dark">H7_COLOR_CALCULATOR</color>
	<color name="emui_switch_bg_on">H7_COLOR_CALCULATOR</color>
	<color name="emui_switch_outline_off">H7_COLOR_CALCULATOR</color>
	<color name="emui_toggle_on_bg">H7_COLOR_CALCULATOR</color>
	<color name="emui_toolbar_icon_actived">H7_COLOR_CALCULATOR</color>
	<color name="emui_toolbar_icon_actived_dark">H7_COLOR_CALCULATOR</color>
	<color name="emui_toolbar_text_actived">H7_COLOR_CALCULATOR</color>
	<color name="emui_toolbar_text_actived_dark">H7_COLOR_CALCULATOR</color>
	<color name="game_notice_color">H7_COLOR_CALCULATOR</color>
	<color name="hw_handle_color">H7_COLOR_CALCULATOR</color>
	<color name="hwsubtab_emui_subtab_text_on">H7_COLOR_CALCULATOR</color>
	<color name="hwsubtab_indicator_color">H7_COLOR_CALCULATOR</color>
	<color name="hwtoolbar_menu_clicked_emui">H7_COLOR_CALCULATOR</color>
	<color name="ic_menu_download_normal_color">H7_COLOR_CALCULATOR</color>
	<color name="ic_menu_download_pressed_color">H7_COLOR_CALCULATOR</color>
	<color name="mw_divide_bg">H7_COLOR_CALCULATOR</color>
	<color name="notification_expandbutton_progressbar">H7_COLOR_CALCULATOR</color>
	<color name="notification_expandbutton_progressbar_honor">H7_COLOR_CALCULATOR</color>
	<color name="searchview_cursor_color_emui">H7_COLOR_CALCULATOR</color>
	<color name="searchview_cursor_color_emui_emphasize">H7_COLOR_CALCULATOR</color>
	<color name="searchview_cursor_color_light_bg">H7_COLOR_CALCULATOR</color>
	<color name="selected_text_item">H7_COLOR_CALCULATOR</color>
	<color name="shutdown_recommend_empha_text_color">H7_COLOR_CALCULATOR</color>
	<color name="sub_tab_border_emui">H7_COLOR_CALCULATOR</color>
	<color name="sub_tab_title_emui">H7_COLOR_CALCULATOR</color>
	<color name="sub_tab_title_emui_dark">H7_COLOR_CALCULATOR</color>
	<color name="sub_tab_title_emui_emphasize">H7_COLOR_CALCULATOR</color>
	<color name="sub_tab_title_normal_emui_dark">H7_COLOR_CALCULATOR</color>
	<color name="sub_tab_title_normal_emui_emphasize">H7_COLOR_CALCULATOR_PRESS</color>
	<color name="sub_tab_title_normal_pressed_emui_dark">H7_COLOR_CALCULATOR_PRESS</color>
	<color name="sub_tab_title_normal_pressed_emui_emphasize">H7_COLOR_CALCULATOR_PRESS</color>
	<color name="sub_tab_title_selected_emui">H7_COLOR_CALCULATOR</color>
	<color name="sub_tab_title_selected_emui_emphasize">H7_COLOR_CALCULATOR</color>
	<color name="sub_tab_title_selected_pressed_emui">H7_COLOR_CALCULATOR</color>
	<color name="sub_tab_title_selected_pressed_emui_emphasize">H7_COLOR_CALCULATOR</color>
	<color name="switch_on_disable_dark_emui">H7_COLOR_CALCULATOR_DISABLED</color>
	<color name="switch_on_disable_emphasize_emui">H7_COLOR_CALCULATOR_DISABLED</color>

	<color name="tab_title_selected_emui">H7_COLOR_CALCULATOR</color>
	<color name="tab_title_selected_emui_dark">H7_COLOR_CALCULATOR</color>
	<color name="tab_title_selected_emui_emphasize">H7_COLOR_CALCULATOR</color> 
	<color name="tab_title_selected_pressed_emui">H7_COLOR_CALCULATOR_PRESS</color>
	<color name="tab_title_selected_pressed_emui_dark">H7_COLOR_CALCULATOR_PRESS</color>
	<color name="tab_title_selected_pressed_emui_emphasize">H7_COLOR_CALCULATOR_PRESS</color>



    <color name="emui_accent">H7_COLOR_CALCULATOR</color>
    <color name="emui_accent_pressed">H7_COLOR_CALCULATOR</color>
    <color name="emui_activated">H7_COLOR_CALCULATOR</color>
    <color name="emui_activated_end">H7_COLOR_CALCULATOR</color>
    <color name="emui_activated_start">H7_COLOR_CALCULATOR</color>
    <color name="emui_appbar_bg">H7_BACKGROUND</color>
    <color name="emui_appbar_icon">#dbffffff</color>
    <color name="emui_appbar_icon_pressed">#dbffffff</color>
    <color name="emui_appbar_subbg">H7_BACKGROUND</color>
    <color name="emui_appbar_subtitle">#99ffffff</color>
    <color name="emui_appbar_title">#dbffffff</color>
    <color name="emui_appbar_title_off">#99ffffff</color>
    <color name="emui_badge_red">#ffd94838</color>
    <color name="emui_black">#ffe6e6e6</color>
    <color name="emui_bottombar_bg">H7_BACKGROUND</color>
    <color name="emui_bottombar_bg_blur">H7_BACKGROUND</color>
    <color name="emui_bottombar_icon_off">#33ffffff</color>
    <color name="emui_bottombar_icon_off_auxcolor_01">#3fffffff</color>
    <color name="emui_bottombar_icon_off_auxcolor_02">#66ffffff</color>
    <color name="emui_bottombar_icon_on">H7_COLOR_CALCULATOR</color>
    <color name="emui_bottombar_icon_on_auxcolor_02">H7_COLOR_CALCULATOR_PRESS</color>
    <color name="emui_bottombar_subbg">H7_BACKGROUND</color>
    <color name="emui_bottombar_subbg_blur">H7_BACKGROUND</color>
    <color name="emui_bottombar_text_off">#99ffffff</color>
    <color name="emui_bottombar_text_on">H7_COLOR_CALCULATOR</color>
    <color name="emui_bottomsheet_bg">H7_ACTIONBAR</color>
    <color name="emui_button_default">#19ffffff</color>
    <color name="emui_button_default_disabled">#0affffff</color>
    <color name="emui_card_bg">#ff2e3033</color>
    <color name="emui_card_panel_bg">H7_ACTIONBAR</color>
    <color name="emui_center_color">H7_COLOR_CALCULATOR</color>
    <color name="emui_clickeffic_default_color">#26ffffff</color>
    <color name="emui_color_1">#ff5f58c7</color>
    <color name="emui_color_10">#ffe08c3a</color>
    <color name="emui_color_11">#ffd1a738</color>
    <color name="emui_color_2">#ff4796c4</color>
    <color name="emui_color_3">#ff5aada0</color>
    <color name="emui_color_4">#ff5ba854</color>
    <color name="emui_color_5">#ff86ad53</color>
    <color name="emui_color_6">#ff8c55c2</color>
    <color name="emui_color_7">#ffd64966</color>
    <color name="emui_color_8">#ffd94838</color>
    <color name="emui_color_9">#ffdb6b42</color>
    <color name="emui_color_badge">H7_COLOR_CALCULATOR</color>
    <color name="emui_color_bg">H7_BACKGROUND</color>
    <color name="emui_color_connected">#ff5ba854</color>
    <color name="emui_color_divider_horizontal">#33ffffff</color>
    <color name="emui_color_fg">#ffffffff</color>
    <color name="emui_color_fg_1">#ff5550a6</color>
    <color name="emui_color_fg_10">#ff9e7349</color>
    <color name="emui_color_fg_11">#ff997e39</color>
    <color name="emui_color_fg_2">#ff467794</color>
    <color name="emui_color_fg_3">#ff4c7a73</color>
    <color name="emui_color_fg_4">#ff5c8059</color>
    <color name="emui_color_fg_5">#ff6b8052</color>
    <color name="emui_color_fg_6">#ff634794</color>
    <color name="emui_color_fg_7">#ffa14a5c</color>
    <color name="emui_color_fg_8">#ff9c554b</color>
    <color name="emui_color_fg_9">#ff9e644f</color>
    <color name="emui_color_fg_inverse">#ffe5e5e5</color>
    <color name="emui_color_fg_inverse_disable">#ff666666</color>
    <color name="emui_color_fourth">#33ffffff</color>
    <color name="emui_color_gray_1">#ff262626</color>
    <color name="emui_color_gray_10">#ffe6e6e6</color>
    <color name="emui_color_gray_2">#ff1a1a1a</color>
    <color name="emui_color_gray_3">#ff262626</color>
    <color name="emui_color_gray_4">#ff333333</color>
    <color name="emui_color_gray_5">#4ce6e6e6</color>
    <color name="emui_color_gray_6">#ff666666</color>
    <color name="emui_color_gray_8">#ffb3b3b3</color>
    <color name="emui_color_gray_9">#ffcccccc</color>
    <color name="emui_color_handup">#ffd94838</color>
    <color name="emui_color_primary">#dbffffff</color>
    <color name="emui_color_progress">#99ffffff</color>
    <color name="emui_color_secondary">#99ffffff</color>
    <color name="emui_color_spinner_icon">#dbffffff</color>
    <color name="emui_color_subbg">H7_BACKGROUND</color>
    <color name="emui_color_subheader_divider">#19ffffff</color>
    <color name="emui_color_tertiary">#66ffffff</color>
    <color name="emui_color_text_highlight">H7_COLOR_CALCULATOR_PRESS</color>
    <color name="emui_color_text_primary">#dbffffff</color>
    <color name="emui_color_text_secondary">#99ffffff</color>
    <color name="emui_color_text_tertiary">#66ffffff</color>
    <color name="emui_color_tips_bg">#ff404040</color>
    <color name="emui_color_tooltips_bg">#ff404040</color>
    <color name="emui_color_warning">#ffdb6b42</color>
    <color name="emui_control_focused">H7_COLOR_CALCULATOR</color>
    <color name="emui_control_focused_outline">H7_COLOR_CALCULATOR</color>
    <color name="emui_control_highlight">H7_COLOR_CALCULATOR</color>
    <color name="emui_control_hover">#19ffffff</color>
    <color name="emui_control_normal">#19ffffff</color>
    <color name="emui_control_normal_disabled">#0affffff</color>
    <color name="emui_dialog_bg">H7_ACTIONBAR</color>
    <color name="emui_end_color">H7_COLOR_CALCULATOR</color>
    <color name="emui_fab_bg_normal">H7_COLOR_CALCULATOR</color>
    <color name="emui_fab_bg_pressed">#ff4587f7</color>
    <color name="emui_fab_shadow_end">H7_COLOR_CALCULATOR_DISABLED</color>
    <color name="emui_fab_shadow_start">H7_COLOR_CALCULATOR_DISABLED</color>
    <color name="emui_focused_color_1">#e5ffffff</color>
    <color name="emui_focused_color_2">#99ffffff</color>
    <color name="emui_focused_color_3">#66ffffff</color>
    <color name="emui_functional_blue">H7_COLOR_CALCULATOR</color>
    <color name="emui_functional_green">#ff007900</color>
    <color name="emui_functional_red">#ffd94838</color>
    <color name="emui_inputbox_bg">#19ffffff</color>
    <color name="emui_inputbox_subbg">#19ffffff</color>
    <color name="emui_mask_light">#99000000</color>
    <color name="emui_mask_regular">#b2000000</color>
    <color name="emui_mask_thick">#e5000000</color>
    <color name="emui_mask_thin">#66000000</color>
    <color name="emui_navigationbar_bg">#e5000000</color>
    <color name="emui_primary">#ffffffff</color>
    <color name="emui_primary_inverse">#ffe5e5e5</color>
    <color name="emui_special_color_1">#ff392f49</color>
    <color name="emui_special_color_11">#ff4a4333</color>
    <color name="emui_special_color_2">#ff343e4a</color>
    <color name="emui_special_color_4">#ff3c4b34</color>
    <color name="emui_special_color_7">#ff443038</color>
    <color name="emui_special_color_9">#ff463630</color>
    <color name="emui_start_color">H7_COLOR_CALCULATOR</color>
    <color name="emui_subtab_bg">H7_BACKGROUND</color>
    <color name="emui_subtab_line_on">H7_COLOR_CALCULATOR</color>
    <color name="emui_subtab_text_off">#99ffffff</color>
    <color name="emui_subtab_text_on">H7_COLOR_CALCULATOR</color>
    <color name="emui_switch_bg_off">#33000000</color>
    <color name="emui_switch_outline_off">#66ffffff</color>
    <color name="emui_text_disabled">#66ffffff</color>
    <color name="emui_text_hint">#99ffffff</color>
    <color name="emui_text_primary">#ffffffff</color>
    <color name="emui_text_primary_inverse">#ffe5e5e5</color>
    <color name="emui_textedit_cursor">H7_COLOR_CALCULATOR</color>
    <color name="emui_toolbar_bg">H7_BACKGROUND</color>
    <color name="emui_toolbar_icon">#dbffffff</color>
    <color name="emui_toolbar_icon_actived">H7_COLOR_CALCULATOR</color>
    <color name="emui_toolbar_subbg">H7_BACKGROUND</color>
    <color name="emui_toolbar_text">#dbffffff</color>
    <color name="emui_toolbar_text_actived">H7_COLOR_CALCULATOR</color>
    <color name="emui_white">#ffe6e6e6</color>
    <color name="hwadvancedcardview_Shadow_Color_light">H7_BACKGROUND</color>
    <color name="hwscrollbarview_thumb">#66ffffff</color>

 
</resources>

