<?xml version="1.0" encoding="UTF-8"?><resources>


    
    
    <color name="device_info_safe_bg">H7_ACTIONBAR</color>
    <color name="emui_accent">H7_ACCENT_COLOR</color>
    <color name="emui_accent_inverse">H7_ACCENT_COLOR</color>
    <color name="emui_accent_pressed">H7_ACCENT_COLOR</color>
    
    
    
    
    
    
    
    
    
    
    
    
    
    <color name="emui_color_bg">H7_ACTIONBAR</color>
    
    
    
    
    
    <color name="emui_color_gray_1">H7_ACTIONBAR</color>
    
    
    <color name="emui_color_gray_3">H7_ACTIONBAR</color>
    <color name="emui_color_gray_4">H7_ACTIONBAR</color>
    
    
    
    
    
    
    
    
    
    
    
    
    
    
    
    <color name="emui_control_highlight">H7_ACCENT_COLOR</color>
    
    
    <color name="emui_fab_bg_normal">H7_ACCENT_COLOR</color>
    
    
    
    
    
    
    
    
    
    
    
    
    
    
    
    
    <color name="hwdatepicker_backgroud_color">H7_ACTIONBAR</color>
    
    
    <color name="hwsubtab_emui_color_bg">H7_ACTIONBAR</color>
    
    
    
    
    
    
    
    <color name="hwtimepicker_backgroud_color">H7_ACTIONBAR</color>
    
    
    
    
    
    
    <color name="searchview_background_color">H7_ACTIONBAR</color>
    
    

    <drawable name="pin_edittext_background">H7_ACTIONBAR</drawable>
    <color name="abc_input_method_navigation_guard">H7_ACTIONBAR</color>
    <color name="search_view_bg_color">H7_ACTIONBAR</color>
    <color name="searchview_background_color">H7_ACTIONBAR</color>
	
    <drawable name="hwtoolbar_background_color_normal">H7_ACTIONBAR</drawable>
    <drawable name="hwtoolbar_background_color_white">H7_ACTIONBAR</drawable>
    <color name="bright_foreground_inverse_material_dark">H7_ACTIONBAR</color>
    <color name="bright_foreground_inverse_material_light">H7_ACTIONBAR</color>
    <color name="preference_divider_grey">H7_ACTIONBAR</color>
    <color name="wifi_signal_light_color">H7_ACTIONBAR</color>
    <color name="authentication_info_background">H7_ACTIONBAR</color>
    <color name="background_floating_material_dark">H7_ACTIONBAR</color>
    <color name="background_floating_material_light">H7_ACTIONBAR</color>
    <color name="background_material_dark">H7_ACTIONBAR</color>
    <color name="background_material_light">H7_ACTIONBAR</color>
    <color name="abc_search_url_text_normal">H7_ACTIONBAR</color>
    <color name="abc_search_url_text_pressed">H7_ACTIONBAR</color>
    <color name="abc_search_url_text_selected">H7_ACTIONBAR</color>
    <color name="appwidget_color">H7_ACTIONBAR</color>
    <color name="card_background">H7_ACTIONBAR</color>
    <color name="card_background_grey">H7_ACTIONBAR</color>
    <color name="card_background_white">H7_ACTIONBAR</color>
    <color name="cardview_dark_background">H7_ACTIONBAR</color>
    <color name="cardview_light_background">H7_ACTIONBAR</color>
    <color name="button_bar_background">H7_ACTIONBAR</color>
    <color name="cardview_shadow_end_color">H7_ACTIONBAR</color>
    <color name="bright_foreground_material_dark">H7_ACTIONBAR</color>
    <color name="bright_foreground_material_light">H7_ACTIONBAR</color>
    <color name="color_face3dscan_progress_bg">H7_ACTIONBAR</color>
    <color name="condition_card_background">H7_ACTIONBAR</color>
    <color name="ic_dfp_prompt_exclamation">H7_ACTIONBAR</color>
    <color name="importance_disabled_tint">H7_ACTIONBAR</color>
    <color name="importance_icon_tint">H7_ACTIONBAR</color>
    <color name="list_item_pressed_color">H7_ACTIONBAR</color>
    <color name="locate_item_list_view">H7_ACTIONBAR</color>
    <color name="lock_pattern_background">H7_ACTIONBAR</color>
    <color name="main_scren_circle_background">H7_ACTIONBAR</color>
    <color name="main_scren_circle_degree_background">H7_ACTIONBAR</color>
    <color name="main_scren_circle_first_color">H7_ACTIONBAR</color>
    <color name="main_scren_circle_first_shader_color0">H7_ACTIONBAR</color>
    <color name="main_scren_circle_first_shader_color1">H7_ACTIONBAR</color>
    <color name="main_scren_circle_second_color">H7_ACTIONBAR</color>
    <color name="main_scren_circle_second_shader_color0">H7_ACTIONBAR</color>
    <color name="main_scren_circle_second_shader_color1">H7_ACTIONBAR</color>
    <color name="main_scren_progress_circle_color">H7_ACTIONBAR</color>
    <color name="master_preference_divider_color">H7_ACTIONBAR</color>
    <color name="material_grey_100">H7_ACTIONBAR</color>
    <color name="material_grey_200">H7_ACTIONBAR</color>
    <color name="material_grey_300">H7_ACTIONBAR</color>
    <color name="meter_background_color">H7_ACTIONBAR</color>
    <color name="mtrl_btn_bg_color_disabled">H7_ACTIONBAR</color>
    <color name="mtrl_card_bg_color">H7_ACTIONBAR</color>
    <color name="mtrl_scrim_color">H7_ACTIONBAR</color>
    <color name="mtrl_textinput_filled_box_default_background_color">H7_ACTIONBAR</color>
    <color name="navigation_bar_color">H7_ACTIONBAR</color>
    <color name="navigation_bar_color_menu">H7_ACTIONBAR</color>
    <color name="password_tip_hint">H7_ACTIONBAR</color>
    <color name="pin_edit_bk_color">H7_ACTIONBAR</color>
    <color name="pin_figure_header_color">H7_ACTIONBAR</color>
    <color name="pressure_experience_dialog_background_color">H7_ACTIONBAR</color>
    <color name="preview_pager_background">H7_ACTIONBAR</color>
    <color name="private_dns_normal_tip_color">H7_ACTIONBAR</color>
    <color name="progress_bg_color_3d_liujie">H7_ACTIONBAR</color>
    <color name="recommend_item_background_color">H7_ACTIONBAR</color>
    <color name="ripple_material_light">H7_ACTIONBAR</color>
    <color name="roundpercentbar_black">H7_ACTIONBAR</color>
    <color name="roundpercentbar_black_alpha_50">H7_ACTIONBAR</color>
    <color name="setup_divider_color_light">H7_ACTIONBAR</color>
    <color name="setup_wizard_wifi_color_light">H7_ACTIONBAR</color>
    <color name="shortcut_background">H7_ACTIONBAR</color>
    <color name="smart_cover_type_color">H7_ACTIONBAR</color>
    <color name="smart_cover_type_title_color">H7_ACTIONBAR</color>
    <color name="status_bar_backgroud_color">H7_ACTIONBAR</color>
    <color name="status_bar_background_china_color">H7_ACTIONBAR</color>
    <color name="status_bar_background_global_color">H7_ACTIONBAR</color>
    <color name="suggestion_condition_background">H7_ACTIONBAR</color>
    <color name="suw_color_background_dark">H7_ACTIONBAR</color>
    <color name="suw_color_background_light">H7_ACTIONBAR</color>
    <color name="suw_glif_background_color_dark">H7_ACTIONBAR</color>
    <color name="suw_glif_background_color_light">H7_ACTIONBAR</color>
    <color name="suw_navbar_bg_dark">H7_ACTIONBAR</color>
    <color name="suw_navbar_bg_light">H7_ACTIONBAR</color>
    <color name="switch_bar_background">H7_ACTIONBAR</color>
    <color name="switchbar_background_color">H7_ACTIONBAR</color>
    <color name="tooltip_background_dark">H7_ACTIONBAR</color>
    <color name="tooltip_background_light">H7_ACTIONBAR</color>
    <color name="unlock_pattern_view_regular_color">H7_ACTIONBAR</color>
    <color name="user_experience_background_color">H7_ACTIONBAR</color>
    <color name="verify_dlg_edit_background_color">H7_ACTIONBAR</color>
    <color name="white">H7_ACTIONBAR</color>
    <color name="white_100">H7_ACTIONBAR</color>
    <color name="white_30">H7_ACTIONBAR</color>
    <color name="wifi_setup_background">H7_ACTIONBAR</color>
    <color name="cardview_shadow_start_color">H7_ACTIONBAR</color>
    <color name="design_fab_shadow_mid_color">H7_ACTIONBAR</color>
    <color name="design_fab_shadow_start_color">H7_ACTIONBAR</color>
    <color name="design_fab_stroke_end_inner_color">H7_ACTIONBAR</color>
    <color name="design_fab_stroke_end_outer_color">H7_ACTIONBAR</color>
    <color name="divide_line_color">H7_ACTIONBAR</color>
    <color name="divider_color">H7_ACTIONBAR</color>
    <color name="divider_horizontal_color_emui">H7_ACTIONBAR</color>
    <color name="confirm_device_credential_transparent_black">H7_ACTIONBAR</color>
    <color name="conversation_background">H7_ACTIONBAR</color>
    <color name="design_bottom_navigation_shadow_color">H7_ACTIONBAR</color>
    <color name="device_info_safe_bg">H7_ACTIONBAR</color>
    <color name="devices_view">H7_ACTIONBAR</color>
    <color name="display_background_color">H7_ACTIONBAR</color>
    <color name="emui_fab_bg">H7_ACTIONBAR</color>
    <color name="emui_fab_normal">H7_ACTIONBAR</color>
    <color name="emui_status_bar_color">H7_ACTIONBAR</color>
    <color name="eye_comfort_warm_color">H7_ACTIONBAR</color>
    <color name="fingerprint_background">H7_ACTIONBAR</color>
    <color name="fingerprint_progress_ring_bg">H7_ACTIONBAR</color>
    <color name="foreground_material_dark">H7_ACTIONBAR</color>
    <color name="foreground_material_light">H7_ACTIONBAR</color>
    <color name="fp_dialog_background_color">H7_ACTIONBAR</color>
    <color name="fp_preference_common_color">H7_ACTIONBAR</color>
    <color name="gestures_setting_background_color">H7_ACTIONBAR</color>
    <color name="password_tip_inform_msg">H7_ACTIONBAR</color>
    <color name="pressure_set_tip_background_color">H7_ACTIONBAR</color>
    <color name="wifi_setup_statusbar">H7_ACTIONBAR</color>
    <color name="wifi_help_item_background">H7_ACTIONBAR</color>
    <color name="suw_glif_v3_nav_bar_divider_color_light">H7_ACTIONBAR</color>
    <color name="fingerprint_indicator_background_resting">H7_ACTIONBAR</color>
    <color name="emui_transparent">H7_ACTIONBAR</color>
    <color name="emui_fab_pressed">H7_ACTIONBAR</color>
    <color name="design_snackbar_background_color">H7_ACTIONBAR</color>
    <color name="design_fab_shadow_end_color">H7_ACTIONBAR</color>

    <drawable name="fp_enrollment_header_landscape">H7_COLOR_SETTINGS</drawable>
    <drawable name="notification_template_icon_bg">H7_COLOR_SETTINGS</drawable>
    <drawable name="notification_template_icon_low_bg">H7_COLOR_SETTINGS</drawable>
    <color name="suggestions_title_collapsed_color">H7_COLOR_SETTINGS</color>
    <color name="main_screen_scan_item_text">H7_COLOR_SETTINGS</color>
    <color name="flow_layout_text_bg_pressed">H7_COLOR_SETTINGS_PRESS</color>
    <color name="fingerprint_circle_color">H7_COLOR_SETTINGS</color>
    <color name="clear_search_history_text_color">H7_COLOR_SETTINGS</color>
    <color name="face_recognize_success_info_color">H7_COLOR_SETTINGS</color>
    <color name="color_wifi_add_other_network_title">H7_COLOR_SETTINGS</color>
    <color name="face_recognize_button">H7_COLOR_SETTINGS</color>
    <color name="link_blue">H7_COLOR_SETTINGS</color>
    <color name="icon_accent">H7_COLOR_SETTINGS</color>
    <color name="menu_state_default_dark_icon">H7_COLOR_SETTINGS</color>
    <color name="menu_state_pressed_dark_icon">H7_COLOR_SETTINGS</color>
    <color name="message_bubble_outgoing">H7_COLOR_SETTINGS</color>
    <color name="blue">H7_COLOR_SETTINGS</color>
    <color name="blue_area_color">H7_COLOR_SETTINGS</color>
    <color name="search_voice_color">H7_COLOR_SETTINGS</color>
    <color name="suggestions_title_expanded_color">H7_COLOR_SETTINGS</color>
    <color name="change_type_state_default_color">H7_COLOR_SETTINGS</color>
    <color name="change_type_state_disable_color">H7_COLOR_SETTINGS_DISABLED</color>
    <color name="clean_sub_settings_action_bar_setting_icon">H7_COLOR_SETTINGS</color>
    <color name="color_disabled_yalan">H7_COLOR_SETTINGS_DISABLED</color>
    <color name="color_spots">H7_COLOR_SETTINGS</color>
    <color name="color_face3dscan_progress">H7_COLOR_SETTINGS</color>
    <color name="accent_material_dark">H7_COLOR_SETTINGS</color>
    <color name="accent_material_light">H7_COLOR_SETTINGS</color>
    <color name="design_default_color_primary">H7_COLOR_SETTINGS</color>
    <color name="design_default_color_primary_dark">H7_COLOR_SETTINGS</color>
    
    <color name="color_yalan">H7_COLOR_SETTINGS</color>
    <color name="emui_color_2">H7_COLOR_SETTINGS</color>
    <color name="emui_functional_blue">H7_COLOR_SETTINGS</color>
    <color name="emui_primary">H7_COLOR_SETTINGS</color>
    <color name="emui_text_tips">H7_COLOR_SETTINGS</color>
    <color name="ic_dfp_back_guide_color_path">H7_COLOR_SETTINGS</color>
    <color name="hw_bg_wifi_oobe_china_color">H7_COLOR_SETTINGS</color>
    <color name="gesture_theme_color">H7_COLOR_SETTINGS</color>
    <color name="highlighted_text_material_light">H7_COLOR_SETTINGS</color>
    <color name="green">H7_COLOR_SETTINGS</color>
    <color name="ic_dfp_back_guide_color_path1">H7_COLOR_SETTINGS</color>
    <color name="notification_level_text_color">H7_COLOR_SETTINGS</color>
    <color name="notification_material_background_media_default_color">H7_COLOR_SETTINGS</color>
    <color name="linear_color_bar">H7_COLOR_SETTINGS</color>
    <color name="material_deep_teal_500">H7_COLOR_SETTINGS</color>
    <color name="menu_state_selected_dark_icon">H7_COLOR_SETTINGS</color>
    <color name="menu_state_selected_light_icon">H7_COLOR_SETTINGS</color>
    <color name="menu_state_focused_dark_icon">H7_COLOR_SETTINGS</color>
    <color name="menu_state_focused_light_icon">H7_COLOR_SETTINGS</color>
    <color name="menu_state_default_light_icon">H7_COLOR_SETTINGS</color>
    <color name="menu_state_disabled_dark_icon">H7_COLOR_SETTINGS_DISABLED</color>
    <color name="settings_menu_color">H7_COLOR_SETTINGS</color>
    <color name="settings_menu_color_land">H7_COLOR_SETTINGS</color>
    <color name="voice_interaction_highlight">H7_COLOR_SETTINGS</color>
    <color name="wifi_ap_prompt_text_blue">H7_COLOR_SETTINGS</color>
    <color name="wifi_settings_dialog_back_btn_color">H7_COLOR_SETTINGS</color>

    
    
    
    
    
    
    
    
    
    
    
    
    
    
    
    
    
    
    
    
    
    
    
    
    
    
    
    
    
    
    
    
    
    
    
    
    
    
    
    
    
    
    
    
    
    
    
    
    
    
    
    
    
    
    
    
    
    
    
    
    
    
    
    
    
    
    
    
    
    
    
    
    
    
    
    
    
    
    
    
    
    
    
    
    
    
    
    
    
    
    
    
    
    
    
    
    
    
    
    
    
    
    <color name="fingerprint_progress_ring">H7_COLOR_SETTINGS</color>
    
    
    
    
    
    
    
    
    
    
    
    
    
    
    
    
    
    
    
    
    
    
    
    
    
    
    
    
    
    
    
    
    
    
    
    
    
    
    
    <color name="material_blue_500">H7_COLOR_SETTINGS</color>
    
    
    
    
    
    
    
    
    <color name="material_grey_800">H7_ACTIONBAR</color>
    
    
    
    
    
    
    
    
    
    
    
    
    
    <color name="message_icon_background_outgoing">H7_COLOR_SETTINGS</color>
    
    
    
    
    
    
    
    
    
    
    
    
    
    
    
    
    
    
    
    
    
    
    
    
    
    <color name="preference_add_other_network_color">H7_COLOR_SETTINGS</color>
    
    
    
    
    
    
    
    
    
    <color name="primary_dark_material_light">H7_ACTIONBAR</color>
    <color name="primary_material_dark">H7_ACTIONBAR</color>
    <color name="primary_material_light">H7_ACTIONBAR</color>
    
    
    
    
    
    
    
    <color name="progress_color_3d_liujie">H7_COLOR_SETTINGS</color>
    
    
    
    
    
    
    
    
    
    
    
    
    
    <color name="searchview_cursor_color_light_bg">H7_COLOR_SETTINGS</color>
    
    
    
    
    
    
    
    
    
    
    
    
    
    
    
    
    
    
    
    
    
    
    <color name="suw_color_accent_glif_dark">H7_COLOR_SETTINGS</color>
    <color name="suw_color_accent_glif_light">H7_COLOR_SETTINGS</color>
    
    
    
    
    
    
    
    
    
    
    
    
    
    
    
    
    
    
    
    
    
    
    
    
    
    
    
    
    
    
</resources>