<?xml version="1.0" encoding="utf-8"?>
<resources>
    <color name="user_icon_progress">H7_ACTIONBAR</color>
    <color name="notification_color">H7_ACTIONBAR</color>
    <color name="state_color_sending">H7_ACTIONBAR</color>
    <color name="state_color_success">H7_ACTIONBAR</color>
    <color name="state_color_waiting">H7_ACTIONBAR</color>
    <color name="layout_background_default">H7_ACTIONBAR</color>

    <color name="drop_guid_selected">H7_ACTIONBAR</color>
    <color name="activity_background_color">H7_BACKGROUND</color>
    <color name="scan_icon_enable_bg">H7_ACTIONBAR</color>

</resources>