<?xml version="1.0" encoding="utf-8"?>
<Repair>

    <color name="mgrey_light">#FFCCCCCC</color>
    <color name="mgrey_slightly">#FF999999</color>
    <color name="mgrey_normal">#FF666666</color>
    <color name="mgrey_dim">H7_ACTIONBAR</color>
    <color name="mviolet_dim">#FFFF8247</color>
    <color name="base_font_color">#FFFFFF</color>
    <color name="emui_common_blue">#0D9FFB</color>
    <color name="detect_green">#00d659</color>
    <color name="detect_red">#ff3320</color>
    <color name="blue_twenty">H7_ACCENT_COLOR_DISABLED</color>
    <color name="dt_base_font_color">#FF666666</color>
    <color name="half_black_color">#FF666666</color>
    <color name="emui_color_gray_9">#FF666666</color>
    <color name="black_color">#FF999999</color>
    <color name="text_view_hint_color">#66666666</color>
    <color name="emui_black">#FF999999</color>
    <color name="dt_transparent">H7_ACTIONBAR</color>
    <color name="dt_common_white">#ffffff</color>
    <color name="dt_mmi_gray_7">#808080</color>
    <color name="dt_mmi_gray_9">H7_ACTIONBAR</color>
    <color name="field_base_font_color">#FF999999</color>
    <color name="emui_functional_blue">H7_ACCENT_COLOR</color>
    <color name="emui_black_color_alpha_30">H7_ACTIONBAR</color>
    <color name="rd_remote_base_font_color">#999999</color>
    <color name="rd_remote_color_26a69a">H7_ACCENT_COLOR</color>
    <color name="rd_text_color1">#FF999999</color>
    <color name="emui_color_gray_7">#808080</color>
    <color name="emui_color_gray_9">H7_ACTIONBAR</color>
    <color name="emui_color_gray_10">H7_ACTIONBAR</color>
    <color name="emui_white">#FFFFFF</color>
    <color name="emui_color_2">H7_ACCENT_COLOR</color>
    <color name="emui_gray_2">#808080</color>
    <color name="emui_primary">H7_ACTIONBAR</color>
    <color name="rd_main_scren_circle_background">#FF999999</color>
    <color name="rd_main_scren_circle_first_shader_color0">#FF999999</color>
    <color name="rd_main_scren_circle_first_shader_color1">#FF999999</color>
    <color name="rd_main_scren_circle_first_color">#FF999999</color>
    <color name="rd_main_scren_circle_second_shader_color0">#FF999999</color>
    <color name="rd_main_scren_circle_second_shader_color1">#FF999999</color>
    <color name="rd_main_scren_circle_second_color">#FF999999</color>
    <color name="rd_main_scren_circle_degree_background">#FF999999</color>
    <color name="rd_main_scren_progress_circle_color">#ff999999</color>
    <color name="rd_hsm_widget_circleview_startcolor">#FF846DF8</color>
    <color name="rd_progress_text_blue">H7_ACCENT_COLOR</color>
    <color name="text_view_hint_color">#B3B3B3</color>
    <color name="rd_red">#FFFF0000</color>
    <color name="rd_green">#FF00FF00</color>
    <color name="rd_blue">#FF0000FF</color>
    <color name="rd_frame_grey">#F2F2F2</color>

</Repair>
