﻿<?xml version="1.0" encoding="utf-8"?>
<resources>
	<color name="background_change">#00000000</color>
	
	    
	
	<color name="contact_svg_icon_sim_grey_color">#80ffffff</color>
	
	<color name="searchhint_people">H7_COLOR_DIALER</color>
	<color name="list_item_header_text_color">H7_COLOR_DIALER</color>
	<color name="list_item_header_underline_color">H7_COLOR_DIALER</color>
	<color name="call_log_voicemail_status_action_text_color">H7_COLOR_DIALER</color>
	<color name="item_selected">H7_COLOR_DIALER_PRESS</color>
	<color name="call_log_incoming_call_count">H7_COLOR_DIALER</color>
	<color name="call_log_voicemail_call_count">H7_COLOR_DIALER</color>
	<color name="delete_text_color">H7_COLOR_DIALER</color>
	<color name="tianyi_parting_line_color">H7_COLOR_DIALER</color>
	<color name="tianyi_helper_dialog_text_color">H7_COLOR_DIALER</color>
	<color name="contact_highlight_color_pressed">H7_COLOR_DIALER</color>
	<color name="dialer_theme_color">H7_COLOR_DIALER</color>
	<color name="red_icon_color">H7_COLOR_DIALER</color>
	<color name="contact_svg_icon_base_grey_color">#80ffffff</color>
	<color name="contact_svg_icon_base_grey_color_b">#80ffffff</color>
	<color name="contact_svg_icon_base_grey_color_c">#80ffffff</color>
	<color name="contact_svg_icon_base_green_color">H7_COLOR_DIALER</color>
	<color name="contact_svg_icon_base_green_color_a">H7_COLOR_DIALER</color>
	<color name="contact_svg_icon_base_red_color">H7_COLOR_DIALER</color>
	<color name="contact_svg_icon_base_black_color">H7_COLOR_DIALER</color>
	<color name="contact_svg_photo_base_grey_color">#80ffffff</color>
	<color name="contact_svg_photo_base_grey_color_a">#80ffffff</color>
	<color name="contact_svg_photo_base_grey_color_b">#80ffffff</color>
	<color name="contact_svg_photo_base_grey_color_c">#80ffffff</color>
	<color name="contact_svg_photo_base_transparent_color">#008891b9</color>
	<color name="speed_dial_text_shadow_color">H7_COLOR_DIALER</color>
	<color name="people_app_theme_color">H7_COLOR_DIALER</color>
	<color name="dialer_search_highlightcolor">H7_COLOR_DIALER</color>
	<color name="contact_svg_icon_base_blue_color">H7_COLOR_DIALER</color>
	<color name="contact_svg_icon_base_blue_color_a">H7_COLOR_DIALER</color>
	<color name="menu_state_pressed_dark_icon">H7_COLOR_DIALER</color>
	<color name="menu_state_focused_dark_icon">H7_COLOR_DIALER</color>
	<color name="menu_state_selected_dark_icon">H7_COLOR_DIALER</color>
	<color name="menu_state_default_dark_icon">H7_COLOR_DIALER</color>
	<color name="alpha_scroller_text_selected_color">H7_COLOR_DIALER</color>
	<color name="pinned_header_textview_color">H7_COLOR_DIALER</color>
	<color name="speed_dial_name_has_contact_default_color">H7_COLOR_DIALER</color>
	<color name="call_log_button_group_layout_selected_color">H7_COLOR_DIALER_PRESS</color>
	<color name="contact_highlight_color">H7_COLOR_DIALER</color>
	<color name="contact_svg_icon_base_grey_color_a">#80ffffff</color>
	
	
	<color name="contact_dialpad_digits_text">#ffffffff</color>
	<color name="contact_dialpad_digits_name_text">#b2ffffff</color>
	<color name="contact_list_item_text_color">#e6ffffff</color>
	<color name="contact_list_item_sub_text_color">#80ffffff</color>
	<color name="alpha_scroller_invalid_text_selected_color">#80ffffff</color>
	<color name="alpha_scroller_inactive_text_selected">#80ffffff</color>
	<color name="alpha_scroller_inactive_text">#80ffffff</color>
	<color name="contact_serachlayout_background">H7_BACKGROUND</color>
	<color name="contact_searchfield_hint_text_normal_color">#80ffffff</color>
	<color name="contact_searchfield_hint_text_pressed_color">#33ffffff</color>
	<color name="contact_eidtor_item_name_color">#ffffffff</color>
	<color name="contact_eidtor_item_content_color">#80ffffff</color>
	<color name="call_log_primary_text_color">#ffffffff</color>
	<color name="call_log_secondary_text_color">#80ffffff</color>
	<color name="contact_eidtor_title_color">#ffffffff</color>
	<color name="contact_section_title_text_color">#ffffffff</color>
	<color name="contact_bt_prepare_title_color">#ffffffff</color>
	<color name="contact_calllog_detail_main_text_color">#ffffffff</color>
	<color name="contact_detail_white_sub_text_color">#80ffffff</color>
	<color name="contact_detail_white_important_text_color">#FFffffff</color>
	<color name="contact_detail_white_sub_text_color">#80ffffff</color>
	<color name="dialpad_huawei_text_color">#80ffffff</color>
	<color name="menu_selector_color_state_focused">H7_COLOR_DIALER_PRESS</color>
	<color name="menu_selector_color_state_pressed">H7_COLOR_DIALER_PRESS</color>
	<color name="menu_selector_color_state_enabled">H7_COLOR_DIALER_PRESS</color>
	<color name="menu_selector_color_state_default">H7_COLOR_DIALER_PRESS</color>
	<color name="empty_contacts_text_color">#80ffffff</color>
	<color name="contact_account_header_number_color">#ffffff</color>
	<color name="contact_account_header_name_color">#ffffff</color>
	<color name="lazy_mode_textview_color">#ffffffff</color>
	<color name="contact_detail_data_text_color">#ffffff</color>
	<color name="contact_detail_item_type_color">#80ffffff</color>
    <drawable name="class_zero_background">#7f040000</drawable>
    <drawable name="text_color_red">#ffff4444</drawable>
    <drawable name="text_color_black">H7_COLOR_DIALER</drawable>
    <color name="mms_sub_text_color">H7_COLOR_DIALER_PRESS</color>
    <color name="text_color_taste_isMms_normal">H7_COLOR_DIALER</color>
    <color name="label_downloading">H7_COLOR_DIALER_PRESS</color>
    <color name="list_item_downlod_btn_disable_color">H7_COLOR_DIALER_DISABLED9</color>
    <color name="list_item_btn_disable_color">H7_COLOR_DIALER_DISABLED9</color>
    <color name="text_color_white">H7_COLOR_DIALER</color>
    <color name="incoming_msg_text_color">H7_COLOR_DIALER</color>
    <color name="mms_send_to_text_color">#DB8891b9</color>
    <color name="slide_page_number_color">H7_COLOR_DIALER_PRESS</color>
    <color name="text_color_button">H7_COLOR_DIALER</color>
    <color name="text_color_white_important">H7_COLOR_DIALER</color>
    <color name="text_color_white_sub">H7_COLOR_DIALER</color>
    <drawable name="splite_line_drawable_white">H7_COLOR_DIALER_DISABLED</drawable>
    <color name="text_color_balck_sub">H7_COLOR_DIALER_PRESS</color>
    <color name="text_color_black_main">H7_COLOR_DIALER</color>
    <color name="mms_unread_text_color">H7_COLOR_DIALER</color>
    <color name="text_color_black_sub_2">H7_COLOR_DIALER_DISABLED</color>
    <color name="text_color_black_sub_1">H7_COLOR_DIALER_DISABLED</color>
    <color name="text_color">H7_COLOR_DIALER</color>
    <color name="sms_number_set_warning">#f0460e</color>
    <color name="attach_panel_item_color">H7_COLOR_DIALER</color>
    <color name="attach_panel_grid_line_color">H7_COLOR_DIALER_DISABLED</color>
	<color name="text_color_black_important">#E500cb8b</color>
    <color name="sign_view_select_color">#66df1a00</color>
    <color name="sign_view_unselect_color">#19df1a00</color>
    <color name="mms_bg_change">#00000000</color>
    <color name="text_color_white_sub_1">#7Fffffff</color>
    <color name="text_color_white_sub_2">#4Cffffff</color>
    <color name="text_color_white_splite_line">#33ffffff</color>
    <color name="text_color_white_main">#D8ffffff</color>
    <color name="dialpad_guidle_letter_color">H7_COLOR_DIALER</color>
    <color name="menu_state_pressed_light_icon">H7_COLOR_DIALER</color>
    <color name="menu_state_focused_light_icon">H7_COLOR_DIALER</color>
    <color name="menu_state_selected_light_icon">H7_COLOR_DIALER</color>
    <color name="menu_state_disabled_light_icon">#33ffffff</color>
    <color name="menu_state_default_light_icon">H7_COLOR_DIALER</color>
    <color name="normal_state_icon_color">#80ffffff</color>
    <color name="normal_state_icon_light_color">#ffffff</color>
    <color name="orange_icon_color">#FB6522</color>
    <color name="yellow_icon_color">#FFBA1B</color>
    <color name="text_color_spinner_item">#ffffff</color>
    <color name="favorites_tile_name_text_pressed_color">#80ffffff</color>
    <color name="shortcut_item_type_textcolor">#ffffff</color>
    <color name="shortcut_item_data_textcolor">#80ffffff</color>
    <color name="empty_icon_color">#4dffffff</color>
    <color name="list_text_color_emui_summary">#80ffffff</color>
    <color name="voicemail_status_background">#f1ceca</color>
    <color name="contact_eidtor_account_name_color">#ffffff</color>
    <color name="contacts_item_background_color">#0Dffffff</color>
    <color name="btn_detail_normal_icon_color">#33ffffff</color>
    <color name="people_background">H7_BACKGROUND</color>
    <color name="numbermark_tip_main_info_text_color">#ffffff</color>
    <color name="numbermark_tip_sub_info_text_color">#A6ffffff</color>
    <color name="numbermark_special_item_text_color">#33ffffff</color>
    <color name="searchLayout_background_color">H7_BACKGROUND</color>
    <color name="contact_dialog_content">#ffffff</color>
    <color name="background_primary">H7_BACKGROUND</color>
    <color name="upgrade_in_progress_text_color">#80ffffff</color>
    <color name="numbermark_background_color">H7_BACKGROUND</color>
    <color name="speed_dial_number_default_color">#80ffffff</color>
    <color name="autorecord_list_item_number_text_color">#ffffff</color>
	<color name="autorecord_user_list_noname_color">#D9ffffff</color>
	<color name="autorecord_user_list_hasname_color">#A6ffffff</color>
	<color name="primary_text_color_activated">#ffffff</color>
	<color name="contact_section_background_color">H7_BACKGROUND</color>
    <color name="contact_detail_qrcode_text_color">#80ffffff</color>
    <color name="contact_eidtor_account_hint_color">#33ffffff</color>
    <color name="contact_eidtor_source_account_type_color">#ffffff</color>
    <color name="contact_eidtor_source_account_name_color">#80ffffff</color>
    <color name="contact_eidtor_title_container_color">H7_BACKGROUND</color>
    <color name="empty_contacts_text_color">#80ffffff</color>
    <color name="empty_contact_list_text_color">#80ffffff</color>
    <color name="text_clickabe_selector_color">H7_COLOR_DIALER</color>
    <color name="contact_eidtor_item_content_color">#80ffffff</color>
    <color name="profile_simple_card_container_primary_text_color">#80ffffff</color>
    <color name="contact_dialog_dontremindme_text_color">#ffffff</color>
    <color name="draglistview_backgroud_selected_color">#054064</color>
    <color name="dialpad_guide_content_text_color">#80ffffff</color>
    <color name="contact_highlight_text_color">H7_COLOR_DIALER</color>
    <color name="contacts_dialpad_key_number_color">#ffffff</color>
    <color name="contacts_dialpad_key_letter_color">#80ffffff</color>
    <color name="rcs_text_color_grey">#4DFFFFFF</color>
    <color name="rcs_text_color_black">#FFFFFF</color>
    <color name="rcs_title_text_lan_color">#ffffff</color>
    <color name="contacts_list_text_color_emui_summary">#80ffffff</color>
    <color name="digits_edit_text_dialer_cursor_color">H7_COLOR_DIALER</color>
    <color name="associate_account_statement_text_color">#80ffffff</color>
    <color name="download_selector_color_state_default">H7_COLOR_DIALER</color>

</resources>
