<?xml version="1.0" encoding="UTF-8"?><resources>
    <!-- AR000936LE panshuai p00405856 20170608 begin -->
    
    
    <color name="drawer_background">H7_BACKGROUND</color>
    <color name="directory_background">H7_BACKGROUND</color>
    
    
    <color name="item_doc_background">H7_ACTIONBAR</color>
    <color name="item_doc_background_selected">H7_BACKGROUND00</color>
    <color name="item_doc_background_grid">H7_ACTIONBAR</color>
    
    
    
    <!-- DTS2017061201256 panshuai p00405856 20170612 begin -->
    
    
    
    <color name="ic_breadcrumb_arrow">H7_ACCENT_COLOR</color>
    
    <!-- DTS2017061201256 panshuai p00405856 20170612 end -->
    <!-- DTS2017061602114 panshuai p00405856 20170619 begin -->
    
    
    
    <!-- DTS2017061602114 panshuai p00405856 20170619 end -->
    <!-- AR000936LE panshuai p00405856 20170608 end -->
    <color name="colorControlActivated">H7_ACCENT_COLOR</color>
    <color name="root_activated_color">H7_ACCENT_COLOR</color>
    <color name="primary">H7_ACCENT_COLOR</color>
    
    
</resources>