<?xml version="1.0" encoding="utf-8"?>
<resources>
    <color name="emui_button_default">#19ffffff</color>
    <color name="emui_button_default_disabled">#0affffff</color>
    <color name="emui_clickeffic_default_color">#26ffffff</color>
    <color name="emui_color_text_primary">#dbffffff</color>
    <color name="emui_control_focused_outline">H7_ACCENT_COLOR</color>
    <color name="emui_control_hover">#19ffffff</color>
    <color name="emui_functional_blue">H7_ACCENT_COLOR</color>
	
	
	<color name="card_panel_bg">H7_ACTIONBAR</color>
    <color name="color_scroll_slider">#66ffffff</color>
    <color name="common_background">H7_BACKGROUND</color>
    <color name="emui_accent">H7_ACCENT_COLOR</color>
    <color name="emui_activated">H7_ACCENT_COLOR</color>
    <color name="emui_appbar_title">#dbffffff</color>
    <color name="emui_color_fg_inverse">#ffe5e5e5</color>
    <color name="emui_color_fg_inverse_disable">#ff666666</color>
    <color name="emui_color_gray_1">H7_ACTIONBAR</color>
    <color name="emui_color_primary">#dbffffff</color>
    <color name="emui_color_secondary">#99ffffff</color>
    <color name="emui_color_subbg">H7_BACKGROUND</color>
    <color name="emui_color_tertiary">#66ffffff</color>
    <color name="emui_color_text_primary">#e5ffffff</color>
    <color name="emui_color_text_secondary">#99ffffff</color>
    <color name="emui_functional_red">#ffd94838</color>
    <color name="emui_primary">#ffffffff</color>
    <color name="emui_text_disabled">#66ffffff</color>
    <color name="emui_text_primary">#ffffffff</color>
    <color name="hms_ui_color_text_primary">#dbffffff</color>
    <color name="statement_agreementchanged_background">H7_BACKGROUND</color>
    <color name="switch_accent_disable">H7_ACCENT_COLOR_DISABLED</color>
    <color name="switch_control_hover">#19ffffff</color>
    <color name="switch_focused_outline">H7_ACCENT_COLOR</color>
    <color name="switch_track_off_bg_emui">#66ffffff</color>
</resources>
