<?xml version="1.0" encoding="utf-8"?>
<resources>
    <color name="black">#ffffff</color>
    <color name="emui_functional_blue">H7_ACCENT_COLOR</color>
    <color name="hwbutton_functional_blue_disable">H7_ACCENT_COLOR_PRESS</color>
    <color name="emui_color_fg_inverse">#E5E5E5</color>
    <color name="hwbutton_color_fg_inverse_disable">#616161</color>
    <color name="emui_color_text_primary">#A9ffffff</color>
    <color name="page_text_color">#A8A8A8</color>
    <color name="link_background_color">#FFFFFF</color>
    <color name="link_text_color">H7_ACCENT_COLOR</color>
</resources>