<?xml version="1.0" encoding="UTF-8"?><resources>
    <!-- magazine_subscription.xml -->
    
    
    <color name="ic_public_list_add_light_path_a">H7_ACCENT_COLOR</color>
    <color name="ic_public_list_add_light_path_b">H7_ACCENT_COLOR</color>
    <color name="ic_public_ok_tint">H7_ACCENT_COLOR</color>
    
    
    
    
    
    
    
    <!-- UserAgreementDialog -->
    <color name="privacy_policy_click_span">H7_ACCENT_COLOR</color>
    <!-- magazine_channel_preview -->
    
    <color name="progress_start_color">H7_ACCENT_COLOR_DISABLED</color>
    <color name="progress_end_color">H7_ACCENT_COLOR_DISABLED</color>
    <color name="progress_stroke_color">H7_ACCENT_COLOR_PRESS</color>
    <color name="progress_solid_color">H7_ACCENT_COLOR</color>
    <color name="progress_solid_pressed_color">H7_ACCENT_COLOR</color>
    <color name="download_cancel_blue">H7_ACCENT_COLOR</color>
</resources>