<?xml version="1.0" encoding="utf-8"?>

<resources>
    <color name="download_color">#808080</color>
    <color name="line_bg_color">#21FFFFFF</color>
    <color name="blue">H7_ACCENT_COLOR</color>
    <color name="black">#FFFFFF</color>
    <color name="empty_icon_color">#7FFFFFFF</color>
    <color name="divider_view_color">#21FFFFFF</color>
    <color name="navigation_color">#00FFFFFF</color>
    <color name="navigation_color_menu">#4f5257</color>
    <color name="navigation_color_bg">#F24f5257</color>
</resources>
