<?xml version="1.0" encoding="UTF-8"?><resources>
    <color name="a">H7_BACKGROUND</color>
    
    
    
    
    
    <color name="h">H7_ACCENT_COLOR</color>
    <color name="i">H7_ACCENT_COLOR_DISABLED</color>
    <color name="k">H7_ACCENT_COLOR</color>
    
    
    <color name="p">H7_ACCENT_COLOR</color>
    
    
    <color name="b5">H7_BACKGROUND</color>
    
    
    
    
    
    <color name="bc">H7_BACKGROUND</color>
    <color name="bd">H7_ACCENT_COLOR</color>
    <color name="bf">H7_BACKGROUND</color>
    
    
    
    
    <color name="bz">H7_ACCENT_COLOR</color>
    <color name="c0">H7_ACCENT_COLOR</color>
    <color name="c6">H7_ACCENT_COLOR</color>
    <color name="c_">H7_ACCENT_COLOR</color>
    <color name="cb">H7_ACCENT_COLOR</color>
    <color name="ce">H7_ACCENT_COLOR</color>
    <color name="ci">H7_BACKGROUND</color>
    
    
    <color name="cu">H7_BACKGROUND</color>
    
    
    
    
    
    <color name="d_">H7_BACKGROUND</color>
    <color name="da">H7_BACKGROUND</color>
    
    
    
    <color name="do">H7_ACCENT_COLOR</color>
    
    <color name="dx">H7_BACKGROUND</color>
    <color name="dy">H7_BACKGROUND</color>
    
    <color name="e6">H7_ACCENT_COLOR</color>
    <color name="e9">H7_ACTIONBAR</color>
    
    
    <color name="eh">H7_ACTIONBAR</color>
    <color name="ek">H7_ACTIONBAR</color>
    <color name="en">H7_ACCENT_COLOR</color>
    
    <color name="et">H7_ACCENT_COLOR</color>
    
    
    <color name="f2">H7_ACCENT_COLOR</color>
    <color name="f5">H7_ACCENT_COLOR</color>
    
    
    
    
    
    
    <color name="fp">H7_ACCENT_COLOR</color>
    <color name="fs">H7_BACKGROUND</color>
    <color name="fu">H7_ACTIONBAR</color>
    
    
    
    <color name="g5">H7_ACCENT_COLOR</color>
    
    
    
    
    
    
    
    
    
    
    
    
    
    <color name="hb">H7_ACTIONBAR</color>
    
    <color name="hd">H7_ACTIONBAR</color>
    <color name="he">H7_ACTIONBAR</color>
    <color name="hf">H7_ACTIONBAR</color>
    
    
    
    
    
    
    
    
    <color name="i0">H7_BACKGROUND</color>
    
    <color name="i6">H7_BACKGROUND</color>
    
    
    <color name="ie">H7_ACCENT_COLOR_DISABLED</color>
    
    
    
    <color name="iq">H7_ACTIONBAR</color>
    <color name="it">H7_ACTIONBAR</color>
    
    <color name="iz">H7_ACCENT_COLOR</color>
    <color name="j1">H7_ACCENT_COLOR</color>
    <color name="j5">H7_ACCENT_COLOR</color>
    
    
    
    <color name="jg">H7_ACTIONBAR</color>
    <color name="jj">H7_ACCENT_COLOR</color>
    <color name="jm">H7_ACCENT_COLOR</color>
    <color name="jp">H7_ACCENT_COLOR</color>
    <color name="k1">H7_ACCENT_COLOR_DISABLED</color>
    <color name="k4">H7_ACCENT_COLOR_DISABLED</color>
    
    
    
    <color name="kf">H7_ACCENT_COLOR</color>
    
    
    
    
    
    
    
    
    
    
    
    
    
    
    
    
    
    <color name="n8">H7_ACCENT_COLOR</color>
    <color name="nb">H7_BACKGROUND</color>
    <color name="nh">H7_ACCENT_COLOR</color>
    
    <color name="nn">H7_ACCENT_COLOR</color>
    
    
    
    
    
    
    
    <color name="ot">H7_BACKGROUND</color>
    
    <color name="p0">H7_ACCENT_COLOR</color>
    <color name="p8">H7_BACKGROUND</color>
    
    <color name="pb">H7_ACCENT_COLOR</color>
    
    <color name="pr">H7_BACKGROUND</color>
    <color name="pv">H7_BACKGROUND</color>
    
    <color name="qh">H7_ACCENT_COLOR_DISABLED</color>
    
    
    <color name="r4">H7_ACCENT_COLOR_DISABLED</color>
    <color name="hwid_check_theme_color">H7_BACKGROUND</color>
    
    
    
    
    
    <color name="tx">H7_BACKGROUND</color>
    
    <color name="uv">H7_ACCENT_COLOR</color>
    
    <color name="uz">H7_ACTIONBAR</color>
    
    
    
    
    <color name="v9">H7_ACCENT_COLOR</color>
    <color name="va">H7_ACCENT_COLOR</color>
    
    
    
    
    
    
    
    
    
    
    <color name="w0">H7_ACCENT_COLOR</color>
    
    
    <color name="w8">H7_ACCENT_COLOR</color>
    <color name="w_">H7_ACCENT_COLOR</color>
    
    
    
    
    
    
    <color name="wn">H7_ACTIONBAR</color>
    
    <color name="wq">H7_ACCENT_COLOR</color>
    
    
    
    
    
    <color name="xi">#00000000</color>
    <color name="xw">H7_ACCENT_COLOR</color>
    
    <color name="yg">#00000000</color>
    
</resources>
