<?xml version="1.0" encoding="utf-8"?>
<hwthemes>

	<color name="CS_black">#ffffffff</color>
	<color name="CS_black_100_percent">#ffffffff</color>
	<color name="CS_black_10_percent">#19ffffff</color>
	<color name="CS_black_15_percent">#26ffffff</color>
	<color name="CS_black_2_percent">#05ffffff</color>
	<color name="CS_black_30_percent">#4cffffff</color>
	<color name="CS_black_50_percent">#80ffffff</color>
	<color name="CS_black_5_percent">#0dffffff</color>
	<color name="CS_black_60_percent">#99ffffff</color>
	<color name="CS_black_65_percent">#a6ffffff</color>
	<color name="CS_black_70_percent">#b3ffffff</color>
	<color name="CS_black_75_percent">#c0ffffff</color>
	<color name="CS_black_85_percent">#daffffff</color>
	<color name="CS_black_90_percent">#e6ffffff</color>
	<color name="CS_both_black_80_percent">#ccffffff</color>
	<color name="CS_both_black_85_percent">#daffffff</color>
	<color name="CS_gray_color">#33ff0000</color>
	<color name="CS_hint_color">#26ff0000</color>
	<color name="CS_hint_color_emui5">#51ff0000</color>
	<color name="CS_img_picture_selected_color">#0eff0000</color>
	<color name="CS_link_color">#ffff0000</color>
	<color name="action_button_background">#4dff0000</color>
	<color name="black">#ff808080</color>
	<color name="black_100_opacity">#ff808080</color>
	<color name="black_10_opacity">#19808080</color>
	<color name="black_20_opacity">#33808080</color>
	<color name="black_25_trans_opacity">#4d808080</color>
	<color name="black_30_opacity">#4c808080</color>
	<color name="black_35_opacity">#59808080</color>
	<color name="black_40_opacity">#66808080</color>
	<color name="black_50_opacity">#80808080</color>
	<color name="black_54p">#8a808080</color>
	<color name="black_5_opacity">#0c808080</color>
	<color name="black_60_opacity">#99808080</color>
	<color name="black_65_opacity">#a5808080</color>
	<color name="black_70_opacity">#b2808080</color>
	<color name="black_80_opacity">#cc808080</color>
	<color name="black_86p">#de808080</color>
	<color name="black_8_opacity">#14808080</color>
	<color name="checkbox_disable_color">#19808080</color>
	<color name="common_google_signin_btn_text_dark_disabled">#1808080f</color>
	<color name="common_google_signin_btn_text_light_default">#98080800</color>
	<color name="common_google_signin_btn_text_light_disabled">#1808080f</color>
	<color name="common_google_signin_btn_text_light_focused">#98080800</color>
	<color name="common_google_signin_btn_text_light_pressed">#de808080</color>
	<color name="complicationDrawable_borderColor">#88080800</color>
	<color name="dialog_first_text_disable_color">#41808080</color>
	<color name="dialog_second_text_disable_color">#32808080</color>
	<color name="dismiss_overlay_bg">#88080800</color>
	<color name="divider_10">#8080800f</color>
	<color name="feedback_black_03">#07808080</color>
	<color name="feedback_black_10">#19808080</color>
	<color name="feedback_divideline">#26808080</color>
	<color name="feedback_text_color1">#808080ff</color>
	<color name="feedback_text_color2">#88080800</color>
	<color name="feedback_text_color3">#4c808080</color>
	<color name="feedback_text_color_75">#c8080800</color>
	<color name="feedback_text_color_customer_service">#808080ff</color>
	<color name="feedback_text_color_data">#88080800</color>
	<color name="feedback_title_bar_unnormal_color">#0d808080</color>
	<color name="get_lyric_btn_edge_color">#4c808080</color>
	<color name="get_lyric_menu_title_color">#808080ff</color>
	<color name="get_lyric_text_color">#c8080800</color>
	<color name="lyric_screenlock_textshadowcolor">#88080800</color>
	<color name="online_listview_bigfont_color">#808080ff</color>
	<color name="online_listview_smallfontshadow_color">#66808080</color>
	<color name="playback_notification_bg_color">#0c808080</color>
	<color name="scan_music_title">#e6808080</color>
	<color name="search_bar_color_pressed">#33808080</color>
	<color name="search_bar_color_shadow">#3a808080</color>
	<color name="upsdk_black">#808080ff</color>
	<color name="upsdk_half_black">#88080800</color>
	<color name="wallet_sdk_black_message">#7808080f</color>
	<color name="wallet_sdk_black_title">#808080ff</color>
	<color name="widget_disable_color">#33808080</color>

</hwthemes>
