<?xml version="1.0" encoding="UTF-8"?><resources>

    
    
    
    
    
    
    
    
    
    <color name="incoming_msg_text_color">H7_COLOR_DIALER</color>
    
    
    
    
    
    
    
    
    
    
    
    
    
    
    
    
    
    
    
    
    
    
    
    
    
    
    
    
    
    
    
    <color name="duoqu_bubble_bottom_text_unselected_color">H7_COLOR_DIALER</color>
    <color name="duoqu_bubble_bottom_text_selected_color">H7_COLOR_DIALER</color>
    
    
    
    
    
    
    
    
    
    
    
    
    
    
    
    
    
    
    
    
    
    
    <color name="message_pop_send_bg_color">H7_COLOR_DIALER</color>
    
    <color name="attach_panel_item_color">H7_BACKGROUND</color>
    
    
    
    
    
    <color name="signview_normal_color">H7_ACTIONBAR</color>
    
    
    
    
    
    
    
    <color name="menu_state_default_dark_icon">H7_COLOR_DIALER</color>
    <color name="menu_state_pressed_dark_icon">H7_COLOR_DIALER</color>
    
    
    <color name="search_view_background_color">H7_ACTIONBAR</color>
    
    
    <color name="mms_search_header_view_bg_color">H7_BACKGROUND</color>
    
    
    
    
    
    
    
    <color name="emoji_category_panel_dark">H7_ACTIONBAR</color>
    <color name="emoji_category_panel_choose">H7_BACKGROUND</color>
        
    <color name="emui_list_separator_default">H7_COLOR_DIALER</color>
    
    
    <color name="chips_bg_color">H7_COLOR_DIALER_DISABLED</color>
	<color name="attahcment_tab_text_selected">H7_COLOR_DIALER</color>
    
	<color name="attachment_tab_button_selected">H7_COLOR_DIALER</color>
    
	
	<color name="record_panel_bg">H7_BACKGROUND</color>
	
	
	
    
    
    <color name="duoqu_bottom_menu_text_color">H7_COLOR_DIALER</color>
    
    <color name="white">H7_BACKGROUND</color>
    
    
    <color name="mediapicker_perimission_request_text_color">H7_COLOR_DIALER</color>
    
    <color name="mediapicker_view_background">H7_BACKGROUND</color>
    
       
    <color name="ic_sms_album_color">H7_COLOR_DIALER</color>
    <color name="gallery_image_album_default_background">H7_ACTIONBAR</color>
    
    
    
    
    <color name="duoqu_bottom_button_text_color">H7_COLOR_DIALER</color>
    <color name="duoqu_bubble_bottom_text_unselected_color">H7_COLOR_DIALER</color>
    <color name="duoqu_btn_sms_color">H7_COLOR_DIALER</color>
    <color name="duoqu_show_card_color">H7_COLOR_DIALER</color>
    
    <color name="duoqu_actionbar_bg_color">H7_BACKGROUND</color>
    
    
    
    <color name="ic_public_bcak_color">H7_COLOR_DIALER</color>
    
    
    
    
    
    
            
    
    
    
    
    
    
    
    
    <color name="delivery_report_activity_color">H7_BACKGROUND</color>
    
    
    
    
    
    
    
    
    
    <color name="mms_messagelist_background">H7_BACKGROUND</color>
    
    
    <color name="navation_bar_white_color">H7_BACKGROUND</color>
    
    <color name="tips_bg_color">H7_BACKGROUND</color>
    
	<color name="duoqu_web_nearby_point_load_more">H7_COLOR_DIALER</color>
	<color name="duoqu_feature_action_enable_tv_color">H7_COLOR_DIALER</color>
	<color name="duoqu_feature_action_not_enable_tv_color">H7_COLOR_DIALER_PRESS</color>
	<color name="duoqu_url_default_layout_click_to_load_tv_color">H7_COLOR_DIALER</color>
	<color name="cs_forget_password_text_color">H7_COLOR_DIALER</color>
	<color name="incoming_msg_text_color">H7_COLOR_DIALER</color>
	<color name="signview_selected_color">H7_COLOR_DIALER</color>
	<color name="message_pop_rcs_send_bg_color">H7_COLOR_DIALER</color>
	<color name="message_pop_rcs_send_bg_color_pressed">H7_COLOR_DIALER_PRESS</color>
	<color name="ic_unread_message_color">H7_COLOR_DIALER</color>
	<color name="ic_unread_message_mark_point_color">H7_COLOR_DIALER</color>
	<color name="menu_state_pressed_dark_icon">H7_COLOR_DIALER</color>
	<color name="menu_state_disabled_dark_icon">H7_COLOR_DIALER_DISABLED</color>
	<color name="menu_state_default_dark_icon">H7_COLOR_DIALER</color>
	<color name="message_list_item_cancle_count_color">H7_COLOR_DIALER</color>
	
	<color name="emoji_icon_checked_color">H7_COLOR_DIALER</color>
	
	<color name="attahcment_tab_text_selected">H7_COLOR_DIALER</color>
	<color name="attachment_tab_button_selected">H7_COLOR_DIALER</color>
	<color name="mediapicker_perimission_request_text_color">H7_COLOR_DIALER</color>
	<color name="ic_sms_album_color">H7_COLOR_DIALER</color>
	<color name="ic_public_bcak_color">H7_COLOR_DIALER</color>
	<color name="icon_top_bar_add_contact_color">H7_COLOR_DIALER</color>
	<color name="ic_public_call_color">H7_COLOR_DIALER</color>
	<color name="ic_public_ok_color">H7_COLOR_DIALER</color>
	<color name="ic_contact_no_group_color">H7_COLOR_DIALER</color>
	<color name="ic_public_detail_color">H7_COLOR_DIALER</color>
	<color name="mms_menu_item_blue_color">H7_COLOR_DIALER</color>
	<color name="mms_ic_save_color">H7_COLOR_DIALER</color>
	<color name="ic_sms_read_list_background">H7_COLOR_DIALER</color>
	<color name="rcs_creat_group_chat_normal_color">H7_COLOR_DIALER</color>
	<color name="rcs_ic_group_member_add_pressed">H7_COLOR_DIALER</color>
	
	<color name="rcs_group_chat_add_button_background_stroke_color">H7_COLOR_DIALER</color>
	<color name="menu_state_disabled_dark_icon_on_actionbar">H7_COLOR_DIALER_DISABLED</color>
	<color name="menu_state_pressed_dark_icon_on_actionbar">H7_COLOR_DIALER</color>
	<color name="menu_state_default_dark_icon_on_actionbar">H7_COLOR_DIALER</color>
	<color name="mms_stop_btn_color">H7_COLOR_DIALER</color>
	<color name="mms_play_btn_color">H7_COLOR_DIALER</color>
	<color name="message_notice_button_highlight_color">H7_COLOR_DIALER</color>
	<color name="accent_emui">H7_COLOR_DIALER</color>
	<color name="rcs_message_list_invite_btn_receive">H7_COLOR_DIALER</color>
	<color name="ic_shortcut_message_new_color">H7_COLOR_DIALER</color>
	<color name="message_plus_about_bluedot_color">H7_COLOR_DIALER</color>
	<color name="ic_clear_normal_icon_color">H7_COLOR_DIALER</color>
	<color name="rcs_rootstrap_action_image">H7_COLOR_DIALER</color>
	<color name="rcs_voice_icon_color">H7_COLOR_DIALER</color>
	<color name="rcsgroup_pick_audio_color">H7_COLOR_DIALER</color>
	<color name="cursor_color">H7_COLOR_DIALER</color>
	<color name="encrypted_sms_text_color">H7_COLOR_DIALER</color>
	<color name="ic_switchsimcard_forecard_rcs_bg_color">H7_COLOR_DIALER</color>
	<color name="radiobution_checked_color_inner">H7_COLOR_DIALER</color>

</resources>