<?xml version="1.0" encoding="utf-8"?>
<resources>

   <!-- base lib project -->
     <!-- main text color--> 
    <color name="primarycolor">#ffffff</color>
    <!-- main text color disable-->
	<color name="primary_disable_color">#4cffffff</color>
	
	<!-- sub text color -->
	<color name="secondarycolor">#80ffffff</color>
	<color name="secondary_disable_color">#4cffffff</color>  
	
    <color name="nfc_read_card_number_flash_background">#f4f4f4</color>
    <color name="nfc_read_card_number_anim_background">H7_BACKGROUND</color>
	
    <color name="camera_bankcard_tips_guide">H7_BACKGROUND</color>
    <color name="camera_hcoincard_tips_guide">H7_BACKGROUND</color>
    
    <!-- 75% -->
    <color name="huaweipay_black_a_BF">#BFffffff</color>
    <!-- 15% -->
    <color name="huaweipay_black_a_0C">#0Cffffff</color>
    <!-- 90% -->
     <color name="huaweipay_white_a_e5">#E50f1015</color>
     
     <!-- 60% black -->
     <color name="black_60">#99ffffff</color>
     <color name="card_holder_empty_bg">#3F3F3F</color>
     
     <!-- 2% black for pad offset bg-->
     <color name="black_2">#05ffffff</color>
     
     
   <!-- ocr color --> 
    <color name="line_color">H7_ACCENT_COLOR</color>
    <color name="text_color">#A60f1015</color>
    <color name="line_bottom_color">#26ffffff</color>
    <color name="card_num_color">#d9ffffff</color>          
    <color name="result_view">#b0ffffff</color>
    <color name="transparent">H7_BACKGROUND00</color> 
    <color name="new_color">H7_ACCENT_COLOR</color>
    <color name="white_color">#ff0f1015</color>


   <!-- usercenter base project -->
    <color name="black">#ffffffff</color>
    <!-- black 95% -->
    <color name="black_0_c">#0cffffff</color>
    
	<!-- black 85% -->
    <color name="black_d_8">#d8ffffff</color>
    <color name="black_4_c">#4cffffff</color>
    <!-- black 65% -->
    <color name="black_a_5">#a5ffffff</color> 
    <!-- black 60% -->
    <color name="black_9_9">#99ffffff</color>
    <color name="blue_f_f">#FF8891b9</color>
       
    <color name="white_e_5">#e50f1015</color>
    
    <!-- keep for oragnge button,huabi center title -->
    <color name="white">#ffffffff</color>
    
    <color name="white_2_6">#260f1015</color>
    <color name="white_d_8">#d80f1015</color>
    <color name="white_c_d">#cd0f1015</color>
    <color name="white_a_5">#A50f1015</color>  
    <color name="white_85">#d80f1015</color>     
    <color name="licence_color">#ff8891b9</color> 
    <color name="dialog_title">#ff191919</color>
    <color name="mychange_color">#FF8891b9</color>
    <color name="pay_setting_item_not_enable_backgroud">H7_BACKGROUND</color>
	  <!-- hwhomepage -->
    <color name="isw_hw_homepage_underline_default_color">#19ffffff</color>
    <color name="isw_actionbar_icon_color">H7_BACKGROUND</color>
    <color name="actionbar_tab_bg">H7_BACKGROUND</color>

  <!-- oto project -->
    <color name="oto_item_text">#FFffffff</color>
    <color name="oto_item_text_pressed">#6cffffff</color>
    <color name="oto_item_text_disabled">#40ffffff</color>
    <color name="oto_popup_text">#ffffffff</color>
    <color name="oto_menu_selected_all">#ff8891b9</color>
    <color name="oto_item_text_other">#7fffffff</color>
    <color name="oto_item_line">#33ffffff</color>
    <color name="oto_advertisement_item_bg">#dbdbdb</color>
    <color name="oto_black">#FFffffff</color>
    <color name="oto_write">H7_BACKGROUND</color>
    <color name="oto_title_bar_unnormal_color">#9A0a9dcd</color>

    <color name="oto_hotalkdialog_floating_list_content">#ffffff</color>
    <color name="oto_news_no_image">#dddddd</color>
    <color name="oto_order_list_black_a_5">#80ffffff</color>
 
    <color name="oto_huaweipay_black_a_B2">#B2ffffff</color>
    <color name="pay_result_image_pressed">#16ffffff</color>
    <color name="pay_result_image">H7_BACKGROUND00</color>
    <color name="oto_order_list_nonetwork_black_a_5">#FFffffff</color>
    <color name="oto_order_list_divider_section">#33ffffff</color>
    
    <color name="oto_order_list_huaweipay_black_a_D9">#D9ffffff</color>
    <color name="oto_order_list_huaweipay_black_a_A6">#A6ffffff</color>
    <color name="oto_order_list_PAY_bill_gray">#555555</color>
    <color name="oto_black_a_0C">#0Cffffff</color>
    <color name="oto_black_a_ff">#FFffffff</color>
    <color name="oto_orderlist_item_status_1">#88ffffff</color>
    <color name="oto_orderlist_item_status_2">#f0460e</color>
    <color name="hwpay_head_background">#2b9195</color>
    <color name="huaweipay_black_a_e5">#E5ffffff</color>

    <color name="oto_cover_write">#260f1015</color>
    <color name="possible_result_points">#c0ffbd21</color>
    <color name="result_points">#c099cc00</color>
    <color name="viewfinder_laser_start">#ff0f1015</color>
    <!-- 60% black -->
    <color name="viewfinder_mask">#9Affffff</color>
    <color name="viewfinder_frame">H7_ACCENT_COLOR</color>
    <color name="scan_corner">H7_ACCENT_COLOR</color>

    <!-- 20% black-->
    <drawable name="soldout_color">#33ffffff</drawable>

    <color name="alert_red">#f0460e</color>
    <color name="price_sweetener_text_color">#fb6522</color>
   
    <color name="get_verify_code">H7_ACCENT_COLOR</color>
    <!-- 75% black-->
    <color name="oto_black_75">#C0ffffff</color>    
    <!-- bottom bg -->
    <color name="oto_bottom_bg">#ff0f1015</color>
    <drawable name="list_bg_press">#0dffffff</drawable>
    <!-- listView selected bg 10% 007fff -->
    <color name="oto_background_pressed">H7_ACCENT_COLOR</color>
   
    <color name="oto_message_address_detail_modify">#ff8891b9</color>
   
    <color name="hint_text_color">#D8ffffff</color>
   <color name="spinner_item_color">#4Cffffff</color>
    <color name="dot_default_color">#d2d4d7</color>
    <color name="dot_foucus_color">H7_ACCENT_COLOR</color>
    <color name="banner_padding_color">H7_BACKGROUND00</color>
    
    <color name="interval_view_bg">#08ffffff</color>
	<!-- 深色换肤下依然保持白色 -->
	<color name="oto_remain_white">#ffffff</color>

   <!-- paycommombase project --> 
    <color name="black_15">#21ffffff</color>
    <color name="huaweipay_black_a_ff">#FFffffff</color>
    <color name="huaweipay_black_a_20">#20ffffff</color>
    <!-- 30% -->
    <color name="huaweipay_black_a_4C">#4Cffffff</color>
  
    <!-- 90% -->
    <color name="huaweipay_black_a_E5">#E5ffffff</color>
    <!-- 85% -->
    <color name="huaweipay_black_a_D9">#D9ffffff</color>
    <color name="huaweipay_black_a_D8">#D8ffffff</color>
    <!--  75%-->
    <color name="huaweipay_black_a_C0">#C0ffffff</color>
    <!-- 65% -->
    <color name="huaweipay_black_a_A6">#A6ffffff</color>
    <color name="huaweipay_black_a_A5">#A5ffffff</color>
    <color name="huaweipay_black_a_52">#52ffffff</color>
    <color name="huaweipay_black_a_B2">#B2ffffff</color>
    <!-- 50% -->
    <color name="huaweipay_black_a_80">#80ffffff</color>

    <!-- 20% -->
    <color name="huaweipay_black_a_33">#33ffffff</color>
 
    <!-- 10% -->
    <color name="huaweipay_black_a_18">#18ffffff</color>
        
    <!-- 90% -->
 	<color name="huaweipay_white">#E50f1015</color>

 	<!-- 20% -->
 	<color name="huaweipay_white_a_33">#330f1015</color>
 	
    <!-- 85% -->
    <color name="huaweipay_white_a_D8">#D80f1015</color>
    <!-- 65% -->
    <color name="huaweipay_white_a_A6">#A60f1015</color>
 	
    <color name="hwpay_white">H7_BACKGROUND</color>
    <color name="hwpay_select_money_color">#FF8891b9</color>
    <color name="huaweipay_rechargebalancecolor">#7c7c7c</color>
    <color name="huaweipay_red">#d43e25</color>
    <color name="huaweipay_selectpagegray">#e4e4e4</color>
    <color name="huaweipay_linecolorgray">#D7D7D7</color>
    <color name="huaweipay_hint_color">#26ffffff</color>
    <color name="huaweipay_text_link_pressed">#4c23a7d9</color>
    <color name="huaweipay_transparent">H7_BACKGROUND00</color>
    <color name="huaweipay_small_font_color">#23a7d9</color>
    <color name="huaweipay_tele_hint">#9a9a9a</color>
    <color name="huaweipay_selectpay_agreement">#1076dd</color>
    <color name="huaweipay_selectpay_agree">#A5ffffff</color>
    <color name="huaweipay_smallpay_more_color">#107add</color>
    <color name="huaweipay_listview_divideline">#26ffffff</color>
    <color name="PAY_transparent">H7_BACKGROUND00</color>
    <color name="PAY_text_link_pressed_background">#4c23a7d9</color>
    <color name="PAY_bill_gray">#555555</color>
    
    <color name="PAY_set_item_background">#08ffffff</color>
    
    <color name="hwpay_bg_color">H7_BACKGROUND</color>
     <!-- divider color-->
    <color name="black_2_6">#26ffffff</color>
    <color name="hwpay_switch_channel_link">#FF8891b9</color>
  	<color name="hwpay_delete_mobilecard">#f0460e</color>

  	<color name="huaweipay_black_a_26">#26ffffff</color>
    <color name="oobe_line">#b8bfc5</color>
   
    <color name="productcolor">#FF8891b9</color>
    
	<color name="colorPrimary">#FF8891b9</color>
	<color name="textColorPrimary">#FFF0F0F0</color>
	<color name="colorPrimaryDark">#FF8891b9</color>
	<color name="navigationBarColor">#FF8891b9</color>
		
	<color name="brandcolor">#ff8891b9</color>
	
	<color name="transpaent">H7_BACKGROUND00</color>
	
	<!--50% black -->
    <color name="black_7_f">#7fffffff</color>
    
    <color name="dialog_confirm">#fff53306</color>

    <color name="bill_refund_color">#fff0460e</color>
   
    <color name="license_background">#990f1015</color>
    
    <color name="progress_circle_tips_color">#80ffffff</color>
    
    <color name="bill_list_title_backgroud">#08ffffff</color>
  
    <color name="not_forget_pwd_color">#fff0460e</color>

    <color name="keyboard_num_locked_color">#ff0f1015</color>
    
    <!-- subtab color-->
    <color name="detial_tab_select">H7_ACCENT_COLOR</color>
	<color name="detial_tab_normal">#C0ffffff</color>
     
    <color name="wrap_progress_background_color">#ff0f1015</color>   
    <color name="wrap_progress_color">#ff8891b9</color>
       
    <color name="lookup_or_open_bank_color">#FF00BBD4</color>
    
    <color name="pwd_error_tip_color">#FFFF3320</color>
    
    <color name="recharge_unit_text_color">#FFFB6522</color>
    <color name="recharge_unit_text_color_a_33">#33FB6522</color>

    <color name="dialog_title_line_to_message_color">#33ffffff</color>
    
    <color name="finger_tips_txt_color">#FFFF3320</color>
     
     <color name="btn_disable_color">#fffb6522</color>
    <color name="btn_nomal_color">#fffb6522</color>
    <color name="btn_pressed_color">#fffb6522</color>
   <color name="selection_devide_backgroud">#14ffffff</color>
 
    <color name="paydialog_phonebill_amount_color">#fffb1319</color>

    <color name="f3_color">#f3f3f3</color>
    <color name="d1_color">#d1d1d1</color>
    <color name="e7_color">#e7e7e7</color>
    <color name="toast_bg_color">#373737</color>
    <color name="white_33">#330f1015</color>
    <color name="white_21">#210f1015</color>
    <color name="white_80">#80f10150</color>
     <!-- 5.0actionbar bg-->
    <color name="emui50_actionbar_bg">#ff0f1015</color>

 
   <!-- nfc project-->
    <color name="nfc_white">#ff0f1015</color>
    <color name="nfc_transparent">H7_BACKGROUND00</color>
    <color name="nfc_black_D8">#D8ffffff</color>
    <color name="nfc_card_list_dividing_line_color">#26ffffff</color>
    <color name="nfc_white_8f">#8fffffff</color>
    <color name="nfc_black">#ffffffff</color>
    <color name="nfc_bank_card_number">#4cffffff</color> 
    <color name="nfc_detail_tab_unselect">#B28891b9</color>
    <color name="nfc_detail_tab_select">#ff8891b9</color>
    <color name="nfc_detail_bank_name">#ffffffff</color>
    <color name="nfc_detail_fpanfour">#7fffffff</color>
    <color name="nfc_detail_line">#26ffffff</color>
    <color name="nfc_detail_text">#ffffff</color>
    <color name="nfc_clickable_text">H7_ACCENT_COLOR</color>
    <color name="nfc_detail_webview_background">#f7f7f7</color>
	<color name="nfc_detail_more_userguide_text">#d8ffffff</color>
	<color name="nfc_warn_button">#fff0460e</color>
	<color name="nfc_detail_more_activate_entrance_text">#ffffff</color>
	<color name="nfc_detail_more_nullify_entrance_text">#d8ffffff</color>	
	
	<color name="CS_black_90_percent">#e6ffffff</color>
	<color name="nfc_total_bg">#f0f0f0</color>
	<color name="nfc_bind_card_bg">H7_BACKGROUND</color>
	
	<color name="color_nfc_apply_card_url">#FF8891b9</color>
		
	
	<!-- 15% black -->
    <color name="CS_black_15_percent">#26ffffff</color>
    <!-- 65% black -->
    <color name="nfc_detail_black_65_percent">#a6ffffff</color>
    <color name="nfc_detail_product_name">#d8ffffff</color>
 
    <!-- pine use -->
    <color name="nfc_black_A5">#A5ffffff</color>
    <color name="nfc_black_D6">#D6ffffff</color>
    <color name="nfc_category_bg_color">#F1F1F1</color>
    <color name="nfc_black_26">#26ffffff</color>
    <color name="nfc_enter_my_nfc_color">#FF8891b9</color>
    <color name="nfc_enter_nfc_text_color_black">#ff7c7c7c</color>
    <color name="nfc_white_d8">#D80f1015</color>
    <color name="nfc_white_a5">#a50f1015</color>
    <color name="nfc_reset_fingerprint_color">#fdc947</color>
    <color name="nfc_card_bg_cncb_color">#1a1c5c99</color>
    <color name="nfc_card_bg_cmb_color">#1aa42a44</color>
    <color name="nfc_card_bg_boc_color">#1a34acd9</color>
    <color name="nfc_card_bg_bob_color">#1a81be55</color>
    <color name="nfc_card_bg_color">#7Fffffff</color>
    <color name="nfc_text_finger_color">#A6ffffff</color>
    <color name="nfc_text_card_color">#DAffffff</color>
    <color name="nfc_number_color">#FF8891b9</color>
    <color name="nfc_webview_progress_color">#FF8891b9</color>
  
    
    <!--  start -->
    <color name="cmbkb_contents_text">#ff0f1015</color>
    <color name="cmbkb_encode_view">#ffffffff</color>
    <color name="cmbkb_help_button_view">#ffcccccc</color>
    <color name="cmbkb_help_view">#ff404040</color>
    <color name="cmbkb_possible_result_points">#c0ffff00</color>
    <color name="cmbkb_result_image_border">#ffffffff</color>
    <color name="cmbkb_result_minor_text">#ffc0c0c0</color>
    <color name="cmbkb_result_points">#c000ff00</color>
    <color name="cmbkb_result_text">#ffffffff</color>
    <color name="cmbkb_result_view">#b0f10150</color>
    <color name="cmbkb_sbc_header_text">#ff808080</color>
    <color name="cmbkb_sbc_header_view">#ffffffff</color>
    <color name="cmbkb_sbc_list_item">#fffff0e0</color>
    <color name="cmbkb_sbc_layout_view">#ffffffff</color>
    <color name="cmbkb_sbc_page_number_text">#ff0f1015</color>
    <color name="cmbkb_sbc_snippet_text">#ff4b4b4b</color>
    <color name="cmbkb_share_text">#ff0f1015</color>
    <color name="cmbkb_status_view">#50f10150</color>
    <color name="cmbkb_status_text">#ffffffff</color>
    <color name="cmbkb_transparent">H7_BACKGROUND00</color>
    <color name="cmbkb_viewfinder_frame">#ff0f1015</color>
    <color name="cmbkb_viewfinder_laser">#ffff0000</color>
    <color name="cmbkb_viewfinder_mask">#60f10150</color>
    <color name="cmbkb_choose_text_color">#0074E1</color>
    <color name="cmbkb_unchoose_text_color">#565656</color>
    <color name="cmbkb_red">#ffff0000</color>
    <color name="cmbkb_gray">#ffcccccc</color>
    <color name="cmbkb_black">#ff0f1015</color>
    <color name="cmbkb_white">#ffffffff</color>
    <color name="cmbkb_blue">#ee0000c6</color>
    <color name="cmbkb_dark_red">#ffcc0000</color>
    <color name="cmbkb_product_odd_row">#ffffffff</color>
    <color name="cmbkb_product_even_row">#fff5f5f5</color>
    <color name="cmbkb_light_gray">#ffe6e6e6</color>
    <color name="cmbkb_orange_line">#fff2daac</color>
    <color name="cmbkb_font_red">#ffff0000</color>
    <color name="cmbkb_font_gray">#ff888888</color>
    <color name="cmbkb_product_options_active">#ffff9900</color>
    <color name="cmbkb_product_options_passive">#ff999999</color>
    <color name="cmbkb_limit_buy_border_bg">#ffd4bc77</color>
    <color name="cmbkb_limit_buy_title_bg">#fffffaee</color>
    <color name="cmbkb_limit_buy_title_border_bg">#fff2daac</color>
    <color name="cmbkb_limit_buy_green">#ff00cc00</color>
    <color name="cmbkb_limit_buy_text_bg">#ff666666</color>
    <color name="cmbkb_lightblack">#ff0b0b0f</color>
    <color name="cmbkb_crimson">#ffe61a1a</color>
    <color name="cmbkb_category_name_gray">#ffa2a2a2</color>
    <color name="cmbkb_category_list_bg">#fff7f7f7</color>
    <color name="cmbkb_category_vertival_line">#ffc4c4c4</color>
    <color name="cmbkb_category_divider_color">#ffdbdbdb</color>
    <color name="cmbkb_category_text_color">#ff0f1015</color>
    <!-- end -->

	<!-- start -->
	<color name="buscard_detail_balance">#F0460E</color>
	<color name="buscard_detail_recharge">H7_BACKGROUND</color>
	<color name="buscard_assist_text_color">#7Fffffff</color>
	<color name="buscard_license_url">#FF8891b9</color>
	<color name="buscard_select_recharge_amount">#FF8891b9</color>
	<color name="buscard_normal_recharge_amount">#ffffff</color>
	<!--end -->
	
	<!-- 50% black -->
    <color name="CS_black_50_percent">#7fffffff</color>
    <color name="nfc_usepaypassword">H7_ACCENT_COLOR</color>

     <!--60%-->
    <color name="black_color_99">#99ffffff</color>
    <color name="card_list_need_SMS">#FB1319</color>
    
    <!-- 5% black -->
    <color name="CS_black_5_percent">#0dffffff</color>
    
     <!-- 20% black -->
    <color name="color_black_alpha_20">#35ffffff</color>
    <color name="buscard_money_text_color">#FB6522</color>

    <!-- nfc UP safe keyboard -->
    <color name="nfc_up_safe_keyboard_bg">#e2e2e2</color>
    <color name="nfc_up_safe_keyboard_title_bg">#f2f2f2</color>
    <color name="quick_pay_bg_color">#00113f</color>
	
	<!-- 黑色主题专用变色ID,密码框背景 -->
    <color name="dark_hwpay_pwd_bg">#D9333333</color>
	
		<!-- 主页面-->
	<!--我的页面tab中未选中文字的颜色-->
	<color name="main_default_text_color">#FFFFFF</color>
	<color name="recharge_nomal_background">#333333</color>
	
	<color name="oto_menu_selected_all">#ff8891b9</color>
	<color name="get_verify_code">H7_ACCENT_COLOR</color>
	<!-- listView默认选中状态背景颜色 10%的8891b9 -->
	<color name="oto_background_pressed">#1a8891b9</color>
	<color name="oto_message_address_detail_modify">#ff8891b9</color>
	<color name="dot_foucus_color">H7_ACCENT_COLOR</color>
	<color name="iap_colorPrimary">#FF8891b9</color>
	<color name="iap_wrap_progress_color">#ff8891b9</color>
	<color name="licence_color">#ff8891b9</color>
	<color name="mychange_color">#FF8891b9</color>
	<color name="nfc_webview_progress_color">H7_ACCENT_COLOR</color>
	<color name="menuitem_default_checkedcolor">#ff8891b9</color>
	<color name="menuitem_default_checkedcolor_pressed">#7f8891b9</color>
	<color name="menuitem_default_checkedcolor_disabled">#7f8891b9</color>
	<color name="cp3_actionbar_backgroud_light">#ff8891b9</color>
	<color name="brandcolor">#ff8891b9</color>
	<color name="brandcolor_7_f">#7f8891b9</color>
	<color name="btn_nomal_brandcolor">#ff8891b9</color>
	<color name="btn_disable_brandcolor">#338891b9</color>
	<color name="btn_pressed_brandcolor">#0c8891b9</color>
	<color name="brandcolor_gestrue">#ff8891b9</color>
	<color name="other_brand_color">H7_ACCENT_COLOR</color>
	<color name="shortcut_bg">H7_ACCENT_COLOR</color>
	<color name="productcolor">#FF8891b9</color>
	<color name="colorPrimary">#FF8891b9</color>
	<color name="colorPrimaryDark">#FF8891b9</color>
	<color name="navigationBarColor">#FF8891b9</color>
	<color name="wrap_progress_color">#ff8891b9</color>
	<color name="more_pay_channel">#FF8891b9</color>
	<color name="detial_tab_select">H7_ACCENT_COLOR</color>
	<color name="sub_tab_unselect">#B28891b9</color>
	<color name="sub_tab_select">#ff8891b9</color>
	<color name="hwpay_select_money_color">H7_ACCENT_COLOR</color>
	<color name="hwpay_switch_channel_link">H7_ACCENT_COLOR</color>
    <!--弹框背景色，深色主题下显示灰色-->
    <color name="dialog_bg_color">#333333</color>
    <!--深色主题下，为黑色-->
    <color name="huawei_pay_white_bg">#FF0f1015</color>
</resources>