<?xml version="1.0" encoding="UTF-8"?><resources>

    <color name="hw_privicy_color">H7_ACCENT_COLOR</color>
    <color name="hw_privicy_color_highlight">H7_ACCENT_COLOR</color>

    
    

    <!-- update sdk -->
    
    
    <color name="emui_color_gray_1">H7_ACTIONBAR</color>
    
    

     <!--EMUI 9.0 -->
    <color name="hw_privicy_emui9_color">H7_ACCENT_COLOR</color>

    <color name="app_down_normal">H7_ACCENT_COLOR</color>
    <color name="app_down_normal_pressed">H7_ACCENT_COLOR</color>

    <color name="app_down_processing_progress">H7_ACCENT_COLOR_PRESS</color>
    
    

    <color name="app_down_installing_borde">H7_ACCENT_COLOR_DISABLED</color>
    
    

    <color name="app_permission_text_color">H7_ACCENT_COLOR</color>
    

    

    <!--EMUI 8.0-->
    <color name="app_down_emui8_normal">H7_ACCENT_COLOR</color>
    <color name="app_down_processing_emui8_progress">H7_ACCENT_COLOR_DISABLED</color>
    <color name="app_down_processing_emui8_text">H7_ACCENT_COLOR</color>

    <color name="app_down_installing_emui8_borde">H7_ACCENT_COLOR_DISABLED</color>
    <color name="app_down_installing_emui8_text">H7_ACCENT_COLOR_DISABLED</color>

    <color name="app_permission_text_emui8_color">H7_ACCENT_COLOR</color>
    <color name="app_down_cancel_emui8_color">H7_ACCENT_COLOR</color>

</resources>