﻿<?xml version="1.0" encoding="utf-8"?>
<resources>

    <color name="white">H7_BACKGROUND</color>
    <!-- 超链接的颜色 -->
    <color name="autolink_color">H7_ACCENT_COLOR</color>
    
    <color name="activity_bg">H7_BACKGROUND</color>
    <drawable name="list_item_bg">H7_BACKGROUND</drawable>
    <drawable name="list_header_bg">H7_BACKGROUND</drawable>
    <drawable name="activity_bg">H7_BACKGROUND</drawable>

    <color name="title_text_color">H7_ACCENT_COLOR</color>

    <color name="title_divider_line">H7_ACCENT_COLOR</color>

    <color name="top_bar_bg_white">H7_BACKGROUND</color>


    <color name="autolink_color">H7_ACCENT_COLOR</color>
    <color name="blue_emui5_text">H7_ACCENT_COLOR</color>

    <drawable name="item_press_bg">H7_ACCENT_COLOR_PRESS</drawable>

    <color name="blue_color">H7_ACCENT_COLOR</color>
    <color name="blue_color_50">H7_ACCENT_COLOR_PRESS</color>
    <color name="blue_text_color">H7_ACCENT_COLOR</color>

    <color name="medium_row_default_bg">H7_BACKGROUND</color>

    <color name="small_area_jalam">H7_ACCENT_COLOR</color>
    <color name="small_area_jalam_disable">H7_ACCENT_COLOR_DISABLED</color>
    <color name="viewfinder_mask">H7_BACKGROUND_PRESS</color>
    <color name="text_color">H7_ACCENT_COLOR</color>
    <color name="text_color_press">H7_ACCENT_COLOR</color>
    <color name="all_background_color">H7_BACKGROUND</color>

    <color name="clone_white_actionbar">H7_BACKGROUND</color>
	
	  <color name="feedback_blue">H7_ACCENT_COLOR</color>
    <color name="feedback_title_bar_unnormal_color">H7_BACKGROUND_PRESS</color>
    <color name="feedback_transparent">H7_BACKGROUND00</color>
	<color name="feedback_highlight_color_old">H7_ACCENT_COLOR_DISABLED</color> 
	<color name="feedback_highlight_color">H7_ACCENT_COLOR</color>
	<!-- 20%透明度 -->
	<color name="feedback_highlight_color_disable">H7_ACCENT_COLOR_DISABLED</color>
	<color name="feedback_blue_disable">H7_ACCENT_COLOR_DISABLED</color>
	
	<color name="feedback_smarthelper_user_textview_bg">H7_ACCENT_COLOR</color>
	
	<color name="feedback_black_03">H7_BACKGROUND_PRESS</color>
	
	<color name="feedback_spannable_click_color">H7_ACCENT_COLOR</color>
    <color name="emui_primary">H7_ACCENT_COLOR</color>
    <color name="emui_accent">H7_ACCENT_COLOR</color>
    <color name="emui_functional_blue">H7_ACCENT_COLOR</color>
</resources>