﻿<?xml version="1.0" encoding="utf-8"?>
<hwthemes>
    <color name="preference_divider_grey">#00d9d9d9</color>
    <color name="list_item_checked_value">#a6ffffff</color>
    <color name="list_item_title">#d9ffffff</color>
    <color name="welcome_bg_color">#ff000000</color>
    <color name="preference_divider_grey_emui5">#ff222222</color>
    <color name="list_item_checked_value_emui5">#7fffffff</color>
    <color name="list_item_title_emui5">#ffffffff</color>
    <color name="settings_menu_color">H7_ACCENT_COLOR</color>
    <color name="menu_state_pressed_dark_icon">H7_ACCENT_COLOR</color>
</hwthemes>