<?xml version="1.0" encoding="UTF-8"?><resources>
   
    
    
    <color name="deskclock_background">H7_BACKGROUND</color>
    <color name="alarm_background">H7_BACKGROUND</color>
    <color name="not_remind_text_color">H7_ACTIONBAR</color>
    
    
    
    
    
    
    
    
    
    
    
    
    
    
    
    <color name="btn_blue">H7_ACCENT_COLOR</color>
    
    
    
    
    
    
    
    
    
    

    <color name="picked_time_blue_color">H7_ACCENT_COLOR</color>
    
    
    
    
    <color name="muslim_button_text_color_green">H7_ACCENT_COLOR</color>
    <color name="muslim_clock_button_disable_text_color">H7_ACCENT_COLOR_DISABLED</color>
    <color name="muslim_updatetime_text_color">H7_ACCENT_COLOR</color>
</resources>