﻿<?xml version="1.0" encoding="utf-8"?>
<resources>

	<color name="actionbar_theme_color">#ffffff</color>
	<color name="actionbar_theme_color_pressed">#ffffffff</color>
	<color name="alert_content_color">#FFFFFF</color>
	<color name="app_action_bar_color">H7_ACTIONBAR</color>
	<color name="app_action_bar_title_color">#ffffff</color>
	<color name="app_bar_main_title_count_text_color">#ffffff</color>
	<color name="app_bar_main_title_text_color">#ffffff</color>
	<color name="app_bottom_toolbar_text_color">#a6ffffff</color>
	<color name="background_bitmap_color">H7_ACTIONBAR</color>
	<color name="bottom_todo_layout_bg">H7_ACTIONBAR</color>
	<color name="canvas_bg">H7_BACKGROUND</color>
	<color name="canvas_wave">#4D4D4D</color>
	<color name="card_main_color">H7_BACKGROUND</color>
	<color name="colorDialogBG">H7_ACTIONBAR</color>
	<color name="colorFabBg">H7_ACCENT_COLOR</color>
	<color name="colorSpinner">#66ffffff</color>
	<color name="colorTertiary">#33ffffff</color>
	<color name="color_dark_grid">#33d3d3d3</color>
	<color name="color_list_pressed_bg">#ff3c3c3c</color>
	<color name="color_list_pressed_bg">H7_ACTIONBAR</color>
	<color name="color_list_pressed_bg">H7_BACKGROUND_PRESS</color>
	<color name="color_recoding_bg">#ffe5e5e5</color>
	<color name="color_splitline">#26ffffff</color>
	<color name="current_theme_color">#ff0d9ffb</color>
	<color name="current_theme_color">H7_ACCENT_COLOR</color>
	<color name="drawer_background_color">H7_BACKGROUND</color>
	<color name="drawer_header_background_color">H7_ACTIONBAR</color>
	<color name="drawer_item_text_color">#FFffffff</color>
	<color name="drawer_item_title_color">#ffffffff</color>
	<color name="edittext_default_color">#1affffff</color>
	<color name="edittext_press_color">#33ffffff</color>
	<color name="emui_accent">H7_ACCENT_COLOR</color>
	<color name="emui_accent_inverse">H7_ACCENT_COLOR</color>
	<color name="emui_accent_pressed">H7_ACCENT_COLOR</color>
	<color name="emui_activated">H7_ACCENT_COLOR</color>
	<color name="emui_activated_end">H7_ACCENT_COLOR</color>
	<color name="emui_activated_start">H7_ACCENT_COLOR</color>
	<color name="emui_appbar_bg">H7_BACKGROUND</color>
	<color name="emui_appbar_icon">#dbffffff</color>
	<color name="emui_appbar_icon_pressed">#dbffffff</color>
	<color name="emui_appbar_subtitle">#99ffffff</color>
	<color name="emui_appbar_title">#dbffffff</color>
	<color name="emui_badge_red">#ffe64548</color>
	<color name="emui_black">#ffe6e6e6</color>
	<color name="emui_bottombar_icon_off">#99ffffff</color>
	<color name="emui_bottombar_icon_on">#ff3f97e9</color>
	<color name="emui_bottombar_text_off">#99ffffff</color>
	<color name="emui_bottombar_text_on">#ff3f97e9</color>
	<color name="emui_button_default">#19ffffff</color>
	<color name="emui_button_default">#1affffff</color>
	<color name="emui_button_default_disabled">#0affffff</color>
	<color name="emui_card_bg">H7_ACTIONBAR</color>
	<color name="emui_center_color">H7_ACCENT_COLOR</color>
	<color name="emui_clickeffic_default_color">#19ffffff</color>
	<color name="emui_color_1">#ff4d5ceb</color>
	<color name="emui_color_10">#ffa56200</color>
	<color name="emui_color_10">#ffda830b</color>
	<color name="emui_color_11">#ff8c6800</color>
	<color name="emui_color_11">#ffd49f0f</color>
	<color name="emui_color_2">#ff007aac</color>
	<color name="emui_color_2">#ff1596d1</color>
	<color name="emui_color_3">#ff00777e</color>
	<color name="emui_color_3">#ff15a5ad</color>
	<color name="emui_color_4">#ff007900</color>
	<color name="emui_color_4">#ff40ae3f</color>
	<color name="emui_color_5">#ff4e7800</color>
	<color name="emui_color_5">#ff77b40f</color>
	<color name="emui_color_6">#ff923ae4</color>
	<color name="emui_color_7">#ffe20277</color>
	<color name="emui_color_8">#ffe64548</color>
	<color name="emui_color_8">#ffed2a2b</color>
	<color name="emui_color_9">#ffba5500</color>
	<color name="emui_color_9">#ffe16808</color>
	<color name="emui_color_badge">H7_ACCENT_COLOR</color>
	<color name="emui_color_bg">H7_BACKGROUND</color>
	<color name="emui_color_connected">#ff007900</color>
	<color name="emui_color_connected">#ff41ba41</color>
	<color name="emui_color_divider_horizontal">#33ffffff</color>
	<color name="emui_color_fg">#ffffffff</color>
	<color name="emui_color_fg_inverse">#ffe5e5e5</color>
	<color name="emui_color_fg_inverse_disable">#ff616161</color>
	<color name="emui_color_gray_1">#F24f5257</color>
	<color name="emui_color_gray_1">H7_ACTIONBAR</color>
	<color name="emui_color_gray_10">#ffe6e6e6</color>
	<color name="emui_color_gray_10">#ffffffff</color>
	<color name="emui_color_gray_2">H7_ACTIONBAR</color>
	<color name="emui_color_gray_3">H7_ACTIONBAR</color>
	<color name="emui_color_gray_4">H7_ACTIONBAR</color>
	<color name="emui_color_gray_5">#4ce6e6e6</color>
	<color name="emui_color_gray_6">#ff666666</color>
	<color name="emui_color_gray_7">#ff808080</color>
	<color name="emui_color_gray_8">#ffb3b3b3</color>
	<color name="emui_color_gray_9">#ffcccccc</color>
	<color name="emui_color_handup">#ffe64548</color>
	<color name="emui_color_handup">#fffa2a2d</color>
	<color name="emui_color_list_divider">#33ffffff</color>
	<color name="emui_color_primary">#a9ffffff</color>
	<color name="emui_color_primary">#dbffffff</color>
	<color name="emui_color_progress">#99ffffff</color>
	<color name="emui_color_secondary">#80ffffff</color>
	<color name="emui_color_secondary">#99ffffff</color>
	<color name="emui_color_spinner_icon">#dbffffff</color>
	<color name="emui_color_subheader_divider">#19ffffff</color>
	<color name="emui_color_tertiary">#61ffffff</color>
	<color name="emui_color_text_highlight">#61006cde</color>
	<color name="emui_color_text_highlight">H7_ACCENT_COLOR_PRESS</color>
	<color name="emui_color_text_primary">#a9ffffff</color>
	<color name="emui_color_text_primary">#dbffffff</color>
	<color name="emui_color_text_secondary">#80ffffff</color>
	<color name="emui_color_text_secondary">#99ffffff</color>
	<color name="emui_color_text_tertiary">#61ffffff</color>
	<color name="emui_color_tips_bg">H7_ACTIONBAR</color>
	<color name="emui_color_tooltips_bg">H7_ACTIONBAR</color>
	<color name="emui_color_warning">#ffba5500</color>
	<color name="emui_color_warning">#ffff7500</color>
	<color name="emui_control_focused">H7_ACCENT_COLOR</color>
	<color name="emui_control_highlight">H7_ACCENT_COLOR</color>
	<color name="emui_control_normal">#19ffffff</color>
	<color name="emui_control_normal_disabled">#0affffff</color>
	<color name="emui_dialog_bg">H7_ACTIONBAR</color>
	<color name="emui_end_color">H7_ACCENT_COLOR</color>
	<color name="emui_fab_bg_normal">H7_ACCENT_COLOR</color>
	<color name="emui_fab_bg_pressed">H7_ACCENT_COLOR_PRESS</color>
	<color name="emui_fab_shadow_end">H7_ACCENT_COLOR_PRESS</color>
	<color name="emui_fab_shadow_start">H7_ACCENT_COLOR_PRESS</color>
	<color name="emui_functional_blue">#ff1596d1</color>
	<color name="emui_functional_blue">H7_ACCENT_COLOR</color>
	<color name="emui_functional_blue_inverse">H7_ACCENT_COLOR</color>
	<color name="emui_functional_green">#ff007900</color>
	<color name="emui_functional_green">#ff3db03d</color>
	<color name="emui_functional_red">#ffe64548</color>
	<color name="emui_functional_red">#fffa2a2d</color>
	<color name="emui_list_separator_text">#80000000</color>
	<color name="emui_navigationbar_bg">H7_ACTIONBAR</color>
	<color name="emui_primary">#ffffffff</color>
	<color name="emui_primary_inverse">#ffe5e5e5</color>
	<color name="emui_primary_inverse">#ffffffff</color>
	<color name="emui_start_color">H7_ACCENT_COLOR</color>
	<color name="emui_subtab_bg">H7_BACKGROUND</color>
	<color name="emui_subtab_line_on">#ff3f97e9</color>
	<color name="emui_subtab_text_off">#99ffffff</color>
	<color name="emui_subtab_text_on">#ff3f97e9</color>
	<color name="emui_text_disabled">#61ffffff</color>
	<color name="emui_text_highlight_inverse">#61006cde</color>
	<color name="emui_text_hint">#7fffffff</color>
	<color name="emui_text_hint">#99ffffff</color>
	<color name="emui_text_hint_inverse">#99ffffff</color>
	<color name="emui_text_primary">#ffffffff</color>
	<color name="emui_text_primary_inverse">#ffffffff</color>
	<color name="emui_text_secondary_inverse">#99ffffff</color>
	<color name="emui_text_tertiary_inverse">#61ffffff</color>
	<color name="emui_toast_bg">H7_ACTIONBAR</color>
	<color name="emui_toolbar_bg">H7_ACTIONBAR</color>
	<color name="emui_toolbar_icon">#dbffffff</color>
	<color name="emui_toolbar_icon_actived">#ff3f97e9</color>
	<color name="emui_toolbar_icon_pressed">#a9ffffff</color>
	<color name="emui_toolbar_text">#dbffffff</color>
	<color name="emui_toolbar_text_actived">#ff3f97e9</color>
	<color name="emui_toolbar_text_pressed">#a9ffffff</color>
	<color name="emui_white">#ffe6e6e6</color>
	<color name="erase_icon">#FFFFFF</color>
	<color name="fab_button_blue">H7_ACCENT_COLOR</color>
	<color name="fab_button_blue_shadow">H7_ACCENT_COLOR_PRESS</color>
	<color name="fab_button_default">H7_ACCENT_COLOR</color>
	<color name="fab_button_gray">H7_ACCENT_COLOR</color>
	<color name="fab_button_gray_shadow">H7_ACCENT_COLOR_PRESS</color>
	<color name="fab_button_green">#ff4a5535</color>
	<color name="fab_button_green_shadow">#4d4a5535</color>
	<color name="fab_button_navy_blue">#ff365b5d</color>
	<color name="fab_button_navy_blue_shadow">#4d365b5d</color>
	<color name="fab_button_orange">#ff7a5539</color>
	<color name="fab_button_orange_shadow">#4d7a5539</color>
	<color name="fab_button_purple">#ff4c4265</color>
	<color name="fab_button_purple_shadow">#4d4c4265</color>
	<color name="fab_button_red">#ff603b38</color>
	<color name="fab_button_red_shadow">#4d603b38</color>
	<color name="fab_button_select_blue">#ff4a6175</color>
	<color name="fab_button_select_default">#ff1a7ae1</color>
	<color name="fab_button_select_gray">#ff545b87</color>
	<color name="fab_button_select_green">#ff5c6649</color>
	<color name="fab_button_select_navy_blue">#ff4a6b6d</color>
	<color name="fab_button_select_orange">#ff87664d</color>
	<color name="fab_button_select_purple">#ff5e5574</color>
	<color name="fab_button_select_red">#ff704e4c</color>
	<color name="fab_button_select_yellow">#ff8c7a59</color>
	<color name="fab_button_yellow">#ff7f6c47</color>
	<color name="fab_button_yellow_shadow">#4d7f6c47</color>
	<color name="font_emui_color_gray_10">#a9ffffff</color>
	<color name="fontstyle_background_color">#08ffffff</color>
	<color name="fontstyle_size_color">#666666</color>
	<color name="fontstyle_splitter_color">#33ffffff</color>
	<color name="fontstyle_title_background_color">#08ffffff</color>
	<color name="fontstyle_title_color">#c2ffffff</color>
	<color name="geo_alarm_history_container_background_color">H7_ACTIONBAR</color>
	<color name="graffiti_arrow_background_color">#ffffffff</color>
	<color name="graffiti_arrow_color">#ff4d4d4d</color>
	<color name="graffiti_back_ground_line_color">H7_ACTIONBAR</color>
	<color name="graffiti_frame_line_color">#808080</color>
	<color name="graffiti_frame_line_color">#ff808080</color>
	<color name="grid_no_tag_bg">#99666666</color>
	<color name="grid_view_selected_cover_color">#33d8d8d8</color>
	<color name="handwriting_line_color">#FFFFFF</color>
	<color name="hwclickeffic_default_color_emui">#ffffffff</color>
	<color name="hwfab_bg">H7_ACCENT_COLOR</color>
	<color name="hwfab_disabled_shadow_end">#00000000</color>
	<color name="hwfab_disabled_shadow_start">#00000000</color>
	<color name="hwfab_icon">#ffffffff</color>
	<color name="hwfab_icon_end">#ffffffff</color>
	<color name="hwfab_icon_start">#ffffffff</color>
	<color name="hwfab_pressed">H7_ACCENT_COLOR</color>
	<color name="hwfab_shadow_end">H7_ACCENT_COLOR_DISABLED</color>
	<color name="hwfab_shadow_start">H7_ACCENT_COLOR_DISABLED</color>	
	<color name="hwscrollbar_thumb">#61ffffff</color>
	<color name="hwscrollbarview_thumb">#61ffffff</color>
	<color name="hwspinner_divider_horizontal_color">#33ffffff</color>
	<color name="hwspinner_icon_emui">#ffe6e6e6</color>
	<color name="hwspinner_item_disabled">#40ffffff</color>
	<color name="hwsubheader_clickeffic_color">#0cffffff</color>
	<color name="hwsubheader_emui_color_divider">#0cffffff</color>	
	<color name="ic_notepad_edit_color">#ff0d9ffb</color>
	<color name="ic_notepad_edit_color">H7_ACCENT_COLOR</color>
	<color name="ic_pen_unselect_color">#808080</color>
	<color name="ic_public_fillcolor">#656565</color>
	<color name="ic_public_fillcolor">#ff656565</color>
	<color name="infolist_address_detail">#ffffff</color>
	<color name="intelligent_setting_tv">#ffffff</color>
	<color name="intelligent_setting_tv_description">#80ffffff</color>
	<color name="item_bg_color">H7_ACTIONBAR</color>
	<color name="item_date_color">#80FFFFFF</color>
	<color name="item_date_color">#80ffffff</color>
	<color name="item_date_text_color_black">#8Affffff</color>
	<color name="list_divider_color">#33ffffff</color>
	<color name="list_or_grid_item_icon_color">#80ffffff</color>
	<color name="location_hint_text_color">#33ffffff</color>
	<color name="media_play_view_color">#1affffff</color>
	<color name="menuitem_default_uncheckedcolor">#bfffffff</color>
	<color name="menuitem_default_uncheckedcolor_disabled">#33ffffff</color>
	<color name="menuitem_default_uncheckedcolor_pressed">#4dffffff</color>
	<color name="nav_header_center">H7_ACCENT_COLOR</color>
	<color name="nav_header_end">#33BFF7</color>
	<color name="nav_header_start">H7_ACCENT_COLOR</color>
	<color name="nav_right_side">#33000000</color>
	<color name="nav_right_side">H7_BACKGROUND_PRESS</color>
	<color name="navigationbar_color_dark">H7_ACTIONBAR</color>
	<color name="neterror_color">#4dfa2a2d</color>
	<color name="new_todo_list_divider_color">#FFFFFF</color>
	<color name="new_todo_list_divider_color">#ffffffff</color>
	<color name="no_notes_text_color">#656565</color>
	<color name="no_notes_text_color">#ff656565</color>
	<color name="note_color_coverbutton">#B9ffffff</color>
	<color name="note_color_covercontent">#B2ffffff</color>
	<color name="note_color_white">#ffffffff</color>
	<color name="note_list_item_blue">#00445f</color>
	<color name="note_list_item_blue">#ff191f24</color>
	<color name="note_list_item_blue">#ff212b33</color>
	<color name="note_list_item_default">H7_ACTIONBAR</color>
	<color name="note_list_item_gray">#19225E</color>
	<color name="note_list_item_gray">#ff191a22</color>
	<color name="note_list_item_gray">#ff242738</color>
	<color name="note_list_item_green">#1C521C</color>
	<color name="note_list_item_green">#ff182118</color>
	<color name="note_list_item_green">#ff202e1e</color>
	<color name="note_list_item_navy_blue">#004C50</color>
	<color name="note_list_item_navy_blue">#ff161e1f</color>
	<color name="note_list_item_navy_blue">#ff1e2d2e</color>
	<color name="note_list_item_orange">#662F00</color>
	<color name="note_list_item_orange">#ff241e1a</color>
	<color name="note_list_item_orange">#ff36221d</color>
	<color name="note_list_item_purple">#37115A</color>
	<color name="note_list_item_purple">#ff171720</color>
	<color name="note_list_item_purple">#ff2e2438</color>
	<color name="note_list_item_red">#641112</color>
	<color name="note_list_item_red">#ff1e1515</color>
	<color name="note_list_item_red">#ff331f26</color>
	<color name="note_list_item_select_blue">#006D98</color>
	<color name="note_list_item_select_blue">#ff274155</color>
	<color name="note_list_item_select_gray">#293795</color>
	<color name="note_list_item_select_gray">#ff283057</color>
	<color name="note_list_item_select_green">#2E822E</color>
	<color name="note_list_item_select_green">#ff284823</color>
	<color name="note_list_item_select_navy_blue">#007A80</color>
	<color name="note_list_item_select_navy_blue">#ff2a4d51</color>
	<color name="note_list_item_select_orange">#A34B00</color>
	<color name="note_list_item_select_orange">#ff572a1e</color>
	<color name="note_list_item_select_purple">#581C90</color>
	<color name="note_list_item_select_purple">#ff412d56</color>
	<color name="note_list_item_select_red">#A01B1D</color>
	<color name="note_list_item_select_red">#ff461e26</color>
	<color name="note_list_item_select_whit">#4D4D4D</color>
	<color name="note_list_item_select_whit">#ff4d4d4d</color>
	<color name="note_list_item_select_yellow">#A37A00</color>
	<color name="note_list_item_select_yellow">#ff52461a</color>
	<color name="note_list_item_yellow">#664C00</color>
	<color name="note_list_item_yellow">#ff242019</color>
	<color name="note_list_item_yellow">#ff332e1c</color>
	<color name="note_remind_cover_view">#26ffffff</color>
	<color name="note_status_bar_bg">H7_ACTIONBAR</color>
	<color name="note_status_bar_bg">H7_BACKGROUND</color>
	<color name="note_tag_name_color">#ffffff</color>
	<color name="note_text_font_style_disable">H7_ACCENT_COLOR_DISABLEDa</color>
	<color name="note_text_font_style_select">H7_BACKGROUND</color>
	<color name="note_text_font_style_unselect">#ffe6e6e6</color>
	<color name="note_text_font_style_unselect">H7_ACCENT_COLOR</color>
	<color name="note_widget_label">H7_ACCENT_COLOR</color>
	<color name="notecontent_date_text_color">#7Fffffff</color>
	<color name="notecontent_date_text_color">#7fffffff</color>
	<color name="notecontent_date_text_color_widget">#80ffffff</color>
	<color name="notecontent_detail_text_color">#FFffffff</color>
	<color name="notecontent_detail_text_color">#ffffffff</color>
	<color name="notecontent_detail_text_color_widget">#ffffffff</color>
	<color name="notecontent_tag_name_color">#ffffff</color>
	<color name="notecontent_tag_name_color">#ffffffff</color>
	<color name="notepad_arrow_color">#B3FFFFFF</color>
	<color name="notepad_arrow_color">#b3ffffff</color>
	<color name="notepad_bg">#33FFFFFF</color>
	<color name="notepad_fragment_background_color">H7_ACTIONBAR</color>
	<color name="notepad_fragment_background_color">H7_BACKGROUND</color>
	<color name="notepad_grid_item_date">#80ffffff</color>
	<color name="notepad_main_color">H7_BACKGROUND</color>
	<color name="notepad_main_edit_color">H7_BACKGROUND</color>
	<color name="notepad_main_toolbar_background_color">H7_BACKGROUND</color>
	<color name="notepad_no_note_black">#ffffff</color>
	<color name="notepad_no_note_black">#ffffffff</color>
	<color name="notepad_text_bg">#FF4081</color>
	<color name="paint_open_bg_color">H7_ACTIONBAR</color>
	<color name="pen_icon">#FFFFFF</color>
	<color name="pen_icon">#ffffffff</color>
	<color name="primary_menu_text_emui">#80ffffff</color>
	<color name="quick_note_view_page">H7_BACKGROUND</color>
	<color name="recommendatory_view_bg">H7_BACKGROUND</color>
	<color name="recommendatory_view_button_text_color">H7_ACCENT_COLOR</color>
	<color name="recommendatory_view_color">#ffffff</color>
	<color name="recommendatory_view_color">#ffffffff</color>
	<color name="recording_background">H7_ACTIONBAR</color>
	<color name="remind_dialog">#80ffffff</color>
	<color name="reminder_text_color">H7_ACCENT_COLOR</color>
	<color name="rich_number_color">#99ffffff</color>
	<color name="rich_number_color">#ffdbdbdb</color>
	<color name="rich_number_color">#ffffff</color>
	<color name="search_text_color">H7_ACCENT_COLOR</color>
	<color name="select_count_bg_color">#33ffffff</color>
	<color name="select_method">#ffffff</color>
	<color name="select_method_description">#80ffffff</color>
	<color name="settings_option_tittle_color">#80ffffff</color>
	<color name="share_image_bottom_color">H7_ACTIONBAR</color>
	<color name="share_image_bottom_color">H7_BACKGROUND</color>
	<color name="share_image_pic_bg">H7_ACTIONBAR</color>
	<color name="spinner_select_text_color">#80ffffff</color>
	<color name="status_bar">H7_ACTIONBAR</color>
	<color name="status_bar_cover">#00000000</color>
	<color name="stroke_color">#00ffffff</color>
	<color name="stroke_select_color">#1affffff</color>
	<color name="tag_font_color">#ffffff</color>
	<color name="tag_hint_color">#33ffffff</color>
	<color name="tag_newtag_font_color">H7_ACCENT_COLOR</color>
	<color name="text_color">#141414</color>
	<color name="text_indent_disabled_color">H7_ACCENT_COLOR_DISABLED</color>
	<color name="text_todo_default">#ffffff</color>
	<color name="text_todo_default_print">#ffffffff</color>
	<color name="text_todo_done">#4Cffffff</color>
	<color name="text_todo_done">#80ffffff</color>
	<color name="text_todo_done_widget">#7f7f7f</color>
	<color name="text_todo_done_widget">#ff7f7f7f</color>
	<color name="time_set">H7_ACTIONBAR0</color>
	<color name="time_set">H7_ACTIONBAR</color>
	<color name="tips_bg_color">H7_ACTIONBAR</color>
	<color name="todo_color">#80ffffff</color>
	<color name="todo_icon_color">#80ffffff</color>
	<color name="todo_icon_color_widget">#80ffffff</color>
	<color name="todo_list_normal_color">H7_ACTIONBAR</color>
	<color name="todo_list_pressed_color">#3C3C3C</color>
	<color name="todo_list_pressed_color">#ff3c3c3c</color>
	<color name="todo_list_pressed_color">H7_ACTIONBAR</color>
	<color name="todo_list_selected_color">#474747</color>
	<color name="todo_list_selected_color">#ff4d4d4d</color>
	<color name="todo_recoder">#FFFFFF</color>
	<color name="todo_recoder_divider">#33FFFFFF</color>
	<color name="wallpaper_blur_default_mask">#d91f1f1f</color>
	<color name="watermark_content_text_color">#bfffffff</color>
	<color name="watermark_header_background_color">H7_ACTIONBAR</color>
	<color name="watermark_header_text_color">#bfffffff</color>
	<color name="widgetBg">H7_ACTIONBAR</color>
	<color name="widget_applock_text_color">#FFFFFF</color>
	<color name="widget_background_blur_color">#d11f1f1f</color>
	<color name="widget_item_icon_color">#80ffffff</color>
	<color name="widget_label">#ffffffff</color>
	<color name="widget_more">H7_ACCENT_COLOR</color>
	<color name="widget_note_list">#ffffffff</color>
	<item  name="pressed_alpha_emui" format="float" type="dimen">0.50</item>
	
</resources>