<?xml version="1.0" encoding="utf-8"?>
<resources>

    <color name="skin_common_shortcut_title_text_color">#E6E6E6</color>
    <!--栏目的标题颜色-->
    <color name="skin_common_column_title_text_color">#DBFFFFFF</color>
    <!-- 栏目 会员subtitle文本颜色   -->
    <color name="skin_common_column_member_subtitle_text_color">#808080</color>
    <!--栏目的背景-->
    <color name="skin_common_column_background">H7_BACKGROUND</color>
    <!--栏目的右侧 more文本的颜色-->
    <color name="skin_common_column_more_text_color">#99FFFFFF</color>
    <!-- 栏目右侧 更多—右箭头图标的颜色  -->
    <color name="skin_common_column_more_icon_color">#CCCCCC</color>
    <!-- 栏目右侧 右侧竖向"..."，点击弹出popwindow的icon的颜色 -->
    <color name="skin_common_column_more_pop_icon_color">#E6E6E6</color>
    <!--button normal文本颜色-->
    <color name="skin_common_button_text_color">#FFFFFF</color>
    <!--列表的第一行文字-->
    <color name="skin_common_list_item_title_text_color">#DBFFFFFF</color>
    <!--列表的第二行 第三行文字 第一行的副标题-->
    <color name="skin_common_list_item_subtitle_text_color">#99FFFFFF</color>
    <!--列表的序号的颜色-->
    <color name="skin_common_list_item_index_text_color">#99FFFFFF</color>
    <!--列表的分割线-->
    <color name="skin_common_list_divider_color">#33FFFFFF</color>
    <!--宫格的第一行文字-->
    <color name="skin_common_grid_item_title_text_color">#DBFFFFFF</color>
    <!--宫格的第二行文字-->
    <color name="skin_common_grid_item_subtitle_text_color">#99FFFFFF</color>
    <!--宫格图片中的文字颜色-->
    <color name="skin_common_grid_item_text_in_picture_color">H7_BACKGROUND</color>
    <!--分类的标题-->
    <color name="skin_common_category_text_color">#DBFFFFFF</color>
    <!--subtab 大标题样式下文本的选中颜色-->
    <!--  @color/subtab_active_color  -->
    <color name="skin_common_subtab_headline_text_selected_color">#E5ffffff</color>
    <!--subtab背景色-->
    <color name="skin_common_subtab_background">H7_BACKGROUND</color>
    <!--subtab未选中时的颜色,暂定白色-->
    <color name="skin_common_subtab_text_normal_color">#99FFFFFF</color>
    <!--subtab选中时的颜色-->
    <color name="skin_common_subtab_text_selected_color">H7_ACCENT_COLOR</color>
    <!--subtab选中时Indicator的颜色-->
    <color name="skin_common_subtab_indicator_color">H7_ACCENT_COLOR</color>
    <!--详情页列表上方的标题信息颜色-->
    <color name="skin_common_detail_list_title_text_color">#DBFFFFFF</color>
    <!--actionbar的title颜色-->
    <color name="skin_common_actionbar_title_color">#E6E6E6</color>
    <!--actionbar的subtitle颜色-->
    <color name="skin_common_actionbar_subtitle_color">#99FFFFFF</color>
    <!--actionbar的background-->
    <color name="skin_common_actionbar_background">H7_BACKGROUND</color>
    <!-- ActionBar背景换肤 -->
    <color name="skin_actionbar_background">H7_ACTIONBAR</color>
    <!--沉浸式actionbar的title颜色-->
    <color name="skin_common_immersive_actionbar_title_color">H7_BACKGROUND</color>
    <!--searchbar背景颜色-->
    <color name="skin_searchbar_background">#1AFFFFFF</color>
    <!--搜索框颜色-->
    <color name="skin_searchbar_edit_press_color">H7_ACTIONBAR</color>
    <!--搜索 edit  字体颜色-->
    <color name="skin_searchbar_edit_text_color">#E6E6E6</color>
    <!--搜索提示字体色-->
    <color name="skin_searchbar_edit_hint_color">#99FFFFFF</color>
    <!-- 底部tab背景换肤变透明 -->
    <!--    @color/tab_toolbar_color-->
    <color name="skin_bottom_tab_background">H7_ACTIONBAR</color>
    <!--底部TAB未选中颜色-->
    <color name="skin_bottom_tab_normal_color">#80ffffff</color>
    <!--底部TAB按压颜色-->
    <color name="skin_bottom_tab_press_color">#99000000</color>
    <!--底部TAB选中颜色-->
    <color name="skin_bottom_tab_selected_color">H7_ACCENT_COLOR</color>
    <!-- 快速索引条 start-->
    <color name="skin_common_indexer_item_text_color">#99FFFFFF</color>
    <!-- 快速索引条点击后颜色 start-->
    <color name="skin_common_indexer_item_text_highlight_color">H7_ACCENT_COLOR</color>
    <!-- 筛选器文本颜色-->
    <color name="skin_common_filter_item_text_color">H7_ACTIONBAR</color>
    <!-- 筛选器选中后的颜色-->
    <color name="skin_common_filter_item_text_highlight_color">H7_ACCENT_COLOR</color>
    <!-- 筛选器文本颜色-->
    <color name="skin_common_filter_tip_text_color">H7_ACTIONBAR</color>
    <!-- 筛选器背景颜色-->
    <color name="skin_common_filter_tip_background">H7_ACCENT_COLOR</color>
    <!--空数据  图标颜色值-->
    <color name="skin_user_empty_data_picture_color">#61000000</color>
    <!--空数据  文字颜色-->
    <color name="skin_user_empty_data_text_color">#808080</color>
    <!--空界面 loading时的文本的颜色-->
    <color name="skin_common_loading_text_color">#808080</color>
    <!--空界面 loading时的progressbar的颜色-->
    <color name="skin_common_loading_progress_color">#B3B3B3</color>
    <!--下拉刷新（上拉加载更多）loading时的progressbar的颜色-->
    <color name="skin_common_refresh_loading_progress_color">#99FFFFFF</color>
    <!--下拉刷新（上拉加载更多）loading时的text的颜色-->
    <color name="skin_common_refresh_loading_text_color">#808080</color>
    <!--上拉加载更多 进度颜色-->
    <color name="skin_load_more_progress_color">#99FFFFFF</color>
    <!--上拉加载更多 文本颜色-->
    <color name="skin_load_more_text_color">#808080</color>
    <!--下拉刷新 进度颜色-->
    <color name="skin_pull_refresh_progress_color">#99FFFFFF</color>
    <!--下拉刷新 文本颜色-->
    <color name="skin_pull_refresh_text_color">#808080</color>
    <!-- loading时的progressbar的颜色-->
    <color name="skin_loading_progress_color">#B3B3B3</color>
    <!--loading时的text的颜色-->
    <color name="skin_loading_text_color">#808080</color>
    <!--设置progress进度颜色 -->
    <color name="skin_common_upgrade_progress_color">#80191919</color>
    <!--在线list底部logo处文字-->
    <color name="skin_online_list_footer_logo_text_color">#80000000</color>
    <!--搜索  shape 颜色-->
    <color name="skin_search_edit_pic_color">#FFFFFF</color>
    <!--等待tip文字 -->
    <color name="skin_wait_tip_text_color">H7_ACTIONBAR</color>
    <!--多选页面底部toolbar的字体颜色-->
    <color name="skin_common_bottom_toolbar_text_color">H7_ACTIONBAR</color>
    <!--公共黑色SVG切图的颜色值-->
    <color name="skin_common_svg_picture_tint_black">#DBFFFFFF</color>
    <!--公共灰色SVG切图的颜色值-->
    <color name="skin_common_svg_picture_tint_gray">#99FFFFFF</color>
    <!--深色背景下icon的tint色值-->
    <color name="skin_svg_icon_darkbg_tint_primary">#DBFFFFFF</color>
    <color name="skin_svg_icon_darkbg_tint_secondary">#99FFFFFF</color>
    <color name="skin_svg_icon_darkbg_tint_tertiary">#61FFFFFF</color>
    <!--浅色背景下icon的tint色值-->
    <color name="skin_svg_icon_lightbg_tint_primary">#DBFFFFFF</color>
    <color name="skin_svg_icon_lightbg_tint_secondary">#99FFFFFF</color>
    <color name="skin_svg_icon_lightbg_tint_tertiary">#61FFFFFF</color>
    <!--swich开关的thumb-->
    <color name="skin_common_switch_thumb">H7_ACCENT_COLOR</color>
    <!--swich开关的track-->
    <color name="skin_common_switch_track">#E5E5E5</color>
    <!--seekbar 的背景颜色-->
    <color name="skin_common_seekbar_background">#1AFFFFFF</color>
    <!--seekbar 的progress颜色-->
    <color name="skin_common_seekbar_progress_color">H7_ACCENT_COLOR</color>
    <!--seekbar 的secondProgress(缓冲进度)颜色-->
    <color name="skin_common_seekbar_second_progress_color">H7_ACCENT_COLOR</color>
    <!--社区底部TAB选中颜色-->
    <color name="skin_community_bottom_tab_selected_color">#2B2F37</color>
    <!--社区底部TAB默认颜色-->
    <color name="skin_community_bottom_tab_default_color">#80ffffff</color>
    <!--社区消息界面列表标题颜色-->
    <color name="skin_community_list_shortcut_tab_color">#E6E6E6</color>
    <!--社区消息背景颜色-->
    <color name="skin_community_notice_bg_color">#0D0D0D</color>
    <!--社区消息title字体颜色-->
    <color name="skin_community_notice_title_text_color">#E6E6E6</color>
    <!--社区消息界面，下半部分广告item的背景颜色-->
    <color name="skin_community_notice_act_item_bg">#00000000</color>
    <!--社区消息界面，上半部分item分割线颜色-->
    <color name="skin_community_notice_divider_color">#33ffffff</color>
    <!--社区消息界面，底部广告item 广告时间字体颜色-->
    <color name="skin_community_notice_act_time_text_color">#E6E6E6</color>
    <!--社区消息界面，底部广告item 查看全部 字体颜色-->
    <color name="skin_community_notice_act_read_all_text_color">H7_ACCENT_COLOR</color>
    <!--社区贴子右侧时间颜色-->
    <color name="skin_community_post_time_text_color">#61FFFFFF</color>
    <!--社区用户主页，顶部用户相关信息字体颜色-->
    <color name="skin_community_user_info_text_color">#FFFFFF</color>
    <!-- 社区用户主页，底部viewpager背景色 -->
    <color name="skin_community_user_info_viewpager_bg">H7_BACKGROUND</color>
    <!-- 社区帖子标题，展示、收起提示文字颜色-->
    <color name="skin_community_post_title_tips_text_color">#99FFFFFF</color>
    <!-- 社区帖子，点赞跟评论禁用的字体颜色-->
    <color name="skin_community_post_comment_not_enable_text_color">#61ffffff</color>
    <!-- 社区帖子，已关注字体颜色-->
    <color name="skin_community_post_is_attention_text_color">#F8F8FF</color>
    <!--未读消息-->
    <color name="skin_cnlibrary_messgae_unread_text_color">H7_BACKGROUND</color>
    <!--本地歌曲、我的下载、最近播放、我喜欢、已购歌曲、我的消息 宫格布局item-->
    <!--列表item-->
    <color name="skin_library_list_item_image_color">#FFFFFF</color>
    <!--vip color-->
    <color name="skin_vip_level_color">#FFE2AD</color>
    <!--no vip color-->
    <color name="skin_novip_level_color">H7_ACTIONBAR</color>
    <!--未登录的提示语颜色-->
    <color name="skin_logged_off_tag_color">#801A1A1A</color>
    <!--海外的vip跳转按钮颜色-->
    <color name="skin_vip_buy_text_color">#634305</color>
    <!--海外的vip跳转按钮颜色-->
    <color name="skin_novip_buy_text_color">H7_ACTIONBAR</color>
    <!-- 评论-->
    <!--原评论，被回复内容字体颜色-->
    <color name="skin_comment_head_name_text_color">H7_ACTIONBAR</color>
    <!--评论用户昵称字体颜色 -->
    <color name="skin_comment_head_author_text_color">#80191919</color>
    <!-- 评论时间，评论主页面每条评论右侧的点赞次数颜色-->
    <color name="skin_comment_list_smalltitle_text_color">#80000000</color>
    <!--回复内容背景色 -->
    <color name="skin_comment_list_replay_background">#FFF2F2F2</color>
    <!--添加评论的背景色 -->
    <color name="skin_add_comment_background">#FFF2F2F2</color>
    <!--评论举报选项的字体颜色 -->
    <color name="skin_comment_report_rb_text_color">H7_ACTIONBAR</color>
    <!--回复内容被删除提示局背景色 -->
    <color name="skin_comment_list_replay_delete_color">#4c000000</color>
    <!--列表的选中颜色-->
    <color name="skin_common_list_selected_color">#0D000000</color>
    <!--列表块与块之间的分割颜色 如setting页面-->
    <color name="skin_common_list_section_divider_color">#08000000</color>
    <!--主题色-->
    <color name="skin_common_brand_theme_color">H7_ACCENT_COLOR</color>
    <!--颜色不可分层部分 start-->
    <!--默认透明不修改-->
    <color name="trans">#00000000</color>
    <!--设置页面每一块的标题颜色，如联网相关-->
    <color name="skin_setting_section_title_text_color">#99191919</color>
    <!--banner 标题-->
    <color name="skin_common_banner_title_text_color">#A6FFFFFF</color>
    <!-- 主题换肤时没有必要设置的白色背景 -->
    <color name="skin_unnecessary_background_white">H7_BACKGROUND</color>
    <!--CustomSubTabLayout RadiuButton文本颜色 -->
    <color name="skin_common_custom_subtab_text_color">#E6E6E6</color>
    <!--社区热门圈子文本颜色 -->
    <color name="skin_circle_like_comment_text_color">#E6E6E6</color>
    <!--我的页面 用户昵称-->
    <color name="skin_mine_normal_user_name_color">#ffffff</color>
    <!--我的页面 社区管理title颜色-->
    <color name="skin_mine_community_management_title">#ffffff</color>
    <!--我的页面 社区管理desc颜色-->
    <color name="skin_mine_community_management_desc">#ffffff</color>
    <!--我的页面 免费声明入口文字颜色-->
    <color name="skin_free_statement_entrances_text_color">#FFFFFF</color>
    <!--我的页面 免费声明入口箭头颜色-->
    <color name="skin_free_statement_entrances_imageview_color">#808080</color>
    <!--分类页面 风格、内容等标题颜色-->
    <color name="skin_emui_color_text_primary">#DBFFFFFF</color>
    <!--分类页面 查看更多、收起榜单颜色-->
    <color name="skin_category_fold_unfold_ranking">#99FFFFFF</color>
    <!--分类页面 查看更多、收起榜单上下箭头颜色-->
    <color name="skin_category_arrow_up_down">#61FFFFFF</color>
    <!--分类页面 上拉下拉继续浏览图片颜色-->
    <color name="skin_category_bottom_up_down_imageview_color">#4CE6E6E6</color>
    <!--分类页面 上拉下拉继续浏览文字颜色-->
    <color name="skin_category_bottom_up_down_text_color">#4CE6E6E6</color>
    <!--颜色不可分层部分 end-->
    <!-- PreviewItemLayout(item_multi_layout.xml) start-->
    <!-- android:id="@+id/item_resource_title" -->
    <color name="skin_preview_item_primary_text_color">#E6E6E6</color>
    <!-- android:id="@+id/item_resource_subtitle" 、android:id="@+id/item_start_price"、android:id="@+id/remind_time_tv" -->
    <color name="skin_preview_item_secondary_text_color">#808080</color>
    <!-- android:id="@+id/item_end_price"  -->
    <color name="skin_preview_item_tertiary_text_color">#4CE6E6E6</color>
    <!-- 分类左边tab背景色 -->
    <color name="skin_feedback_sdk_action_bar_grey">H7_ACTIONBAR</color>
    <!--分类左边tab选中后背景色-->
    <color name="skin_selected_tab_background">H7_BACKGROUND</color>
    <!--分类左边tab正常字体的颜色-->
    <color name="skin_normal_textcolor">#E6E6E6</color>
    <!--我的页面 会员中心普通账号分标题颜色-->
    <color name="skin_mine_regist_title_color">#99ffffff</color>
    <!--我的页面 会员中心普通账号分副标题颜色-->
    <color name="skin_mine_regist_subtitle_color">#61ffffff</color>
    <!--我的页面 会员中心普通账号分割线颜色-->
    <color name="skin_mine_regist_divider_color">#33ffffff</color>
    <!--我的页面 会员中心VIP账号分割线颜色-->
    <color name="skin_mine_vip_regist_divider_color">H7_ACCENT_COLOR_DISABLED</color>
    <!--我的页面 会员中心VIP账号分标题颜色-->
    <color name="skin_mine_username_vip_color">#EDCB8E</color>
    <!--我的页面 vip会员副标题颜色-->
    <color name="skin_mine_vip_regist_color">#66EDCB8E</color>
    <!-- PreviewItemLayout(item_multi_layout.xml) end-->
    <!--推荐 和 分类页面 顶部的搜索条的背景-->
    <color name="skin_home_page_searchbar_background">#00000000</color>
    <!--推荐 和 分类页面 顶部的搜索条文本颜色-->
    <color name="skin_home_page_searchbar_text_color">#99FFFFFF</color>
    <!--CustomSubTabLayout背景-->
    <color name="skin_custom_subtab_background">H7_BACKGROUND</color>

    <color name="skin_loading_text_color">#808080</color>
    <color name="skin_tab_bg_color">H7_ACTIONBAR</color>
    <color name="skin_white_color">H7_BACKGROUND</color>
    <color name="skin_overlay_blur_color">H7_ACTIONBAR</color>
    <color name="toolbar_bg_color">H7_BACKGROUND</color>
    <color name="scrollbar_bg_color">#00000000</color>
    <color name="scrollbar_color">#33ffffff</color>
    <color name="progressbar_background">#33ffffff</color>
    <color name="progressbar_progress">#33ffffff</color>
    <color name="current_text_color">H7_ACCENT_COLOR</color>
    <color name="heighlight_color">H7_ACCENT_COLOR</color>
    <color name="unheighlight_color">#999999</color>
    <color name="theme_title_color">#ffffffff</color>
    <color name="search_view_hint_color">#33ffffff</color>
    <color name="progress_button_line">H7_ACCENT_COLOR</color>
    <color name="progress_button_content">H7_ACCENT_COLOR_DISABLED</color>
    <color name="progress_bg_color">H7_ACTIONBAR</color>
    <color name="blank_view_color">H7_ACTIONBAR</color>
    <color name="theme_preview_info_title_color">#80ffffff</color>
    <color name="mask_color">#33ffffff</color>
    <color name="no_resource_svg_color">#80ffffff</color>
    <color name="more_title_press">#ffffff</color>
    <color name="search_color">#ffffff</color>
    <color name="progress_button_content_pressed">H7_ACCENT_COLOR_DISABLED</color>
    <color name="private_policy_normal">H7_ACCENT_COLOR</color>
    <color name="icon_white_bg_default_color">H7_ACCENT_COLOR</color>
    <color name="emui_color_gray_10">#E6E6E6</color>
    <color name="list_shortcut_tab_color">#E6E6E6</color>
    <color name="tab_toolbar_color">H7_BACKGROUND</color>
    <color name="status_bar_color">H7_BACKGROUND</color>
    <color name="emui_color_gray_1">H7_ACTIONBAR</color>
    <color name="emui_color_gray_7">#808080</color>
    <color name="line_view_bg">#33ffffff</color>
    <color name="emui_color_gray_4">#33ffffff</color>
    <color name="expandable_text_view_body_default">#E6E6E6</color>
    <color name="emui_black">#ffffff</color>
    <color name="emui_white">H7_BACKGROUND</color>
    <color name="color_ok_icon">@color/emui_color_gray_2</color>
    <color name="more_wallpaper_textcolor">#e6e6e6</color>
    <color name="more_wallpaper_devidecolor">H7_ACTIONBAR</color>
    <color name="count_bag_color">H7_BACKGROUND</color>
    <color name="color_bottom_end_diver">#33ffffff</color>
    <color name="color_e6000000">#ffffff</color>
    <color name="color_pic_bash">#0fffffff</color>
    <color name="toolbar_progress_color">#999999</color>
    <color name="emui_color_gray_2">H7_ACTIONBAR</color>
    <color name="share_preview_bg_color">#00000000</color>
    <color name="emui_white_dialog">H7_ACTIONBAR</color>
    <color name="emui_ratingbar_black">H7_ACTIONBAR</color>
    <color name="emui_color_11">#FFBF00</color>
    <color name="emui_rating_bar_color">#ffffff</color>
    <color name="search_view_bg">#4DFFFFFF</color>
    <color name="searchview_editview_bg">#4DFFFFFF</color>
    <color name="live_font_loding_bg">#808080</color>
    <color name="color_favorites_rect">H7_ACTIONBAR</color>
    <!--账号sdk-->
    <color name="CS_emui_color_gray_10">#E6E6E6</color>
    <color name="CS_black_20_percent">#33FFFFFF</color>
    <color name="CS_black_100_percent">#ffFFFFFF</color>
    <color name="CS_black">#FFFFFF</color>
    <color name="CS_background">H7_BACKGROUND</color>
    <color name="CS_black_50_percent">#80ffffff</color>
    <color name="engine_install_state_bg">#F21A1A1A</color>
    <color name="theme_engine_reminder">#61ffffff</color>
    <color name="wallpaper_detail_engine_install_state_bg">H7_ACTIONBAR</color>
    <color name="wallpaper_detail_engine_install_text_color">#989898</color>

    <color name="boutique_zone_tab_background">H7_BACKGROUND</color>
    <color name="ring_background_color">#696969</color>
    <color name="CS_panel_bg">H7_ACTIONBAR</color>
    <color name="CS_black_0_percent">#969696</color>
    <color name="hwtoolbar_status_color">H7_ACTIONBAR</color>

    <color name="home_default">H7_ACTIONBAR</color>
    <color name="home_default_brush">#4D4D4D</color>
    <color name="tab_bottow_color_navigationin_sink">H7_BACKGROUND</color>
    <color name="new_topic_back_color">H7_ACTIONBAR</color>
    <color name="title_gray">#F8F8FF</color>
    <color name="recommend_title_color">#99ffffff</color>
    <color name="recommend_subtitle_color">#ffffff</color>
    <color name="recommend_card_bg_color">H7_ACTIONBAR</color>
    <color name="hwedit_emui_black_color_alpha_30">#4CE6E6E6</color>
    <color name="hwedit_emui_edit_text_hint_color">#33ffffff</color>

    <color name="emui_functional_blue">H7_ACCENT_COLOR</color>
    <color name="hwbutton_text_emphasize_disabled">#41ffffff</color>
    <color name="hwbutton_text_emphasize_color">#D8ffffff</color>
    <color name="hwbutton_text_color">#D8ffffff</color>
    <color name="hwbutton_text_disabled">#41ffffff</color>

    <!--light theme-->
    <!--on 填充-->
    <color name="emui_accent">H7_ACCENT_COLOR</color>
    <!--对勾-->
    <color name="hwcheckbox_inner_checked_mark">#e6e6e6</color>

    <!--off 线框-->
    <color name="emui_color_gray_5">#4CE6E6E6</color>
    <!--off 填充-->
    <color name="hwcheckbox_off_mask">H7_BACKGROUND</color>

    <!--dark theme-->
    <!--dark on disable填充-->
    <color name="accent_on_disable_dark_emui">H7_ACCENT_COLOR_DISABLED</color>
    <!--dark disable对勾-->
    <color name="hwcheckbox_inner_disable_dark">#33ffffff</color>
    <!--dark off disable线框-->
    <color name="hwcheckbox_accent_off_disable_dark_emui">#19FFFFFF</color>
    <!--dark off 填充-->
    <!--<color name="emui_black">#E6E6E6</color>-->
    <!--dark on enable填充-->
    <color name="hwcheckbox_accent_on_dark_emui">H7_ACCENT_COLOR</color>
    <!--dark off线框-->
    <color name="hwcheckbox_accent_off_dark_emui">#33FFFFFF</color>
    <!--dark 对勾-->
    <color name="hwcheckbox_inner_normal_dark">#80ffffff</color>
    <!--dark 分割线-->
    <color name="divider_color">#33e6e6e6</color>
    <!--dark 评论详情页展示资源-资源描述颜色-->
    <color name="resource_description_color">#80e6e6e6</color>
    <!--dark 评论-被回复评论用户名颜色-->
    <color name="mention_user_name">#80e6e6e6</color>

    <!--问题反馈页面兼容深色皮肤-->
    <color name="feedback_text_color1">#F0F0F0</color>
    <color name="feedback_text_color2">#ADADAD</color>
    <color name="feedback_text_color3">#ADADAD</color>

    <!--云服务问题反馈SDK深色皮肤颜色-->
    <color name="feedback_sdk_problem_submit_normol_bg">#04324C</color>
    <color name="feedback_sdk_problem_submit_select_bg">#0E9FFC</color>
    <color name="feedback_sdk_problem_common_type_info_phone">#747474</color>
    <color name="feedback_sdk_problem_select_question_type">#E6E6E6</color>
    <color name="feedback_sdk_problem_question_info_bg">H7_ACTIONBAR</color>
    <color name="feedback_sdk_problem_question_info_or_phone_text">#FFFFFF</color>
    <color name="feedback_sdk_problem_question_info_or_phone_hint">#606060</color>
    <color name="feedback_sdk_problem_question_number">#676767</color>
    <color name="feedback_sdk_problem_question_max_number">#ff0000</color>
    <color name="feedback_sdk_problem_submit_text">#4F7083</color>
    <color name="feedback_sdk_problem_submit_select_text">#FFFFFF</color>
    <color name="feedback_sdk_problem_recycle_select_question_type">#E6E6E6</color>
    <color name="feedback_sdk_problem_recycle_normol_question_type_bg">#33ffffff</color>
    <color name="feedback_sdk_problem_recycle_select_question_type_bg">#07507D</color>
    <color name="feedback_sdk_problem_photo_bg">H7_ACTIONBAR</color>
    <color name="feedback_sdk_text_normal_black">#99ffffff</color>
    <color name="feedback_sdk_label_text_color_normal">#E6E6E6</color>
    <color name="feedback_sdk_text_normal_black_50">#66ffffff</color>
    <color name="feedback_sdk_common_btn_blue">H7_ACCENT_COLOR</color>
    <color name="feedback_sdk_common_black_20">#33ffffff</color>
    <color name="feedback_sdk_moreservice_text_color">#E6E6E6</color>
    <color name="feedback_sdk_moreservice_choose_text_color">#80E6E6E6</color>
    <color name="feedback_sdk_common_black_40">#66ffffff</color>
    <color name="feedback_sdk_tab_slider_bg_color_selected">H7_ACCENT_COLOR</color>
    <color name="feedback_sdk_action_bar_grey">H7_ACTIONBAR</color>
    <color name="feedback_sdk_notice_view_default_text_color">#80E6E6E6</color>
    <color name="feedback_sdk_notice_view_pad_background">H7_BACKGROUND</color>
    <color name="feedback_sdk_notice_view_background">H7_BACKGROUND</color>
    <color name="feedback_sdk_list_item_hint_text_color_normal">#4DE6E6E6</color>
    <color name="feedback_sdk_label_assist_text_color_normal">#80E6E6E6</color>
    <color name="feedback_sdk_grid_divider_color">#33E6E6E6</color>
    <color name="feedback_sdk_common_black_30">#4DE6E6E6</color>
    <color name="feedback_sdk_tab_slider_bg_color_selected_50">#800D9FFB</color>
    <color name="feedback_toggle_item_bg_color">#19FFFFFF</color>
    <color name="feedback_tab_text_color_selected_20">H7_ACCENT_COLOR_DISABLED</color>
    <!--问题反馈SDK EMUI9.0 深色主题需要添加的色值-->
    <color name="emui_clickeffic_default_color">#19FFFFFF</color>



    <!--云服务问题反馈SDK深色皮肤颜色-->
    <!--通用异常错误页面pad下的背景色-->
    <color name="faq_sdk_notice_view_pad_background">H7_BACKGROUND</color>
    <!--通用异常错误页面的背景色-->
    <color name="faq_sdk_notice_view_background">H7_BACKGROUND</color>
    <!--通用异常页面的文字颜色-->
    <color name="faq_sdk_notice_view_default_text_color">#80E6E6E6</color>
    <!--section的背景色-->
    <color name="faq_sdk_section_background_color_normal">#14ffffff</color>
    <!--section的标题文字颜色-->
    <color name="faq_sdk_section_sub_title_text_color_normal">#80E6E6E6</color>
    <!--grid 分割线颜色-->
    <color name="faq_sdk_grid_divider_color">#33E6E6E6</color>
    <!--list 分割线颜色-->
    <color name="faq_sdk_list_divider_color">#33E6E6E6</color>
    <!--list 选中状态背景色-->
    <color name="faq_sdk_list_item_selector_color">#19FFFFFF</color>
    <!--list 每个item文字颜色-->
    <color name="faq_sdk_list_item_title_text_color_normal">#E6E6E6</color>
    <!--正常文本文字颜色-->
    <color name="faq_sdk_label_text_color_normal">#E6E6E6</color>
    <!--次级文本文字颜色-->
    <color name="faq_sdk_label_assist_text_color_normal">#80E6E6E6</color>
    <!--高亮文本文字颜色-->
    <color name="faq_sdk_label_highlight_text_color_normal">H7_ACCENT_COLOR</color>
    <!--list提示文本的颜色-->
    <color name="faq_sdk_list_item_hint_text_color_normal">#4DE6E6E6</color>
    <!--主题颜色-->
    <color name="faq_sdk_action_bar_grey">H7_ACTIONBAR</color>

    <color name="faq_sdk_search_bg">#19ffffff</color>
    <color name="faq_sdk_btn_blue">H7_ACCENT_COLOR</color>
    <!--自定义分享框背景色-->
    <color name="faq_sdk_share_bg">H7_ACTIONBAR</color>
    <color name="module_base_label_text_color_normal">#E6E6E6</color>
    <color name="btn_blue">H7_ACCENT_COLOR</color>
    <color name="image_view_cover_color_normal">#0Dffffff</color>
    <color name="toggle_item_bg_color">#33FFFFFF</color>
    <color name="list_item_selector_color">#19FFFFFF</color>
    <color name="module_base_list_divider_color">#33FFFFFF</color>
    <color name="faq_sdk_category_menu_bg">H7_ACTIONBAR</color>
    <color name="faq_sdk_online_them">H7_BACKGROUND</color>

    <color name="cover_translucence_color">#99000000</color>
    <color name="color_white_alpha_20">#33000000</color>

    <!--方图背景色填充色-->
    <color name="background_fit_color_1">#E8EDF7</color>
    <color name="background_fit_color_2">#E8F5F7</color>
    <color name="background_fit_color_3">#F7EBE8</color>
    <color name="background_fit_color_4">#F3E8F7</color>
    <color name="background_fit_color_5">#F2F2F2</color>

    <!--shortcut图标颜色-->
    <color name="shortcut_main_color">#99FFFFFF</color>
    <!--shortcut背景颜色-->
    <color name="shortcut_bg_color">#4D4D4D</color>
    <!--ring图标背景颜色-->
    <color name="ring_bg_color">#FFFFFF</color>
    <!--省电皮肤 热门排行组件字体颜色-->
    <color name="emui_text_primary_inverse">#ffffff</color>
    <color name="emui_text_secondary_inverse">#99FFFFFF</color>
    <color name="emui_color_text_primary">#A9ffffff</color>
    <color name="emui_color_text_secondary">#80FFFFFF</color>
    <!--ring列表文字省电皮肤-->
    <color name="ring_text_color_primary">#E6E6E6</color>
    <color name="ring_text_color_secondary">#99ffffff</color>
    <!--排行榜文字省电皮肤-->
    <color name="ranking_text_color_primary">#E6E6E6</color>
    <color name="ranking_text_color_secondary">#96ffffff</color>
    <color name="ranking_bg_color">H7_BACKGROUND</color>
    <!--省电皮肤 更多-换一换边框颜色-->
    <color name="more_and_refresh_color">#4Dffffff</color>
    <!--社区消息背景颜色-->
    <color name="community_notice_bg_color">#0D0D0D</color>

    <!--10.0.1.2 hwresources-support aar-->
    <color name="emui_accent_inverse">H7_ACCENT_COLOR</color>
    <color name="emui_accent_pressed">H7_ACCENT_COLOR</color>
    <color name="emui_button_default">#1AFFFFFF</color>
    <color name="emui_button_default_disabled">#0AFFFFFF</color>
    <color name="emui_card_bg">#404040</color>
    <color name="emui_color_1">#4d5ceb</color>
    <color name="emui_color_10">#da830b</color>
    <color name="emui_color_11">#d49f0f</color>
    <color name="emui_color_2">H7_ACCENT_COLOR</color>
    <color name="emui_color_3">#15a5ad</color>
    <color name="emui_color_4">#40ae3f</color>
    <color name="emui_color_5">#77b40f</color>
    <color name="emui_color_6">#923ae4</color>
    <color name="emui_color_7">#e20277</color>
    <color name="emui_color_8">#ed2a2b</color>
    <color name="emui_color_9">#e16808</color>
    <color name="emui_color_bg">H7_BACKGROUND</color>
    <color name="emui_color_connected">#41ba41</color>
    <color name="emui_color_divider_horizontal">#33FFFFFF</color>
    <color name="emui_color_fg">#FFFFFFFF</color>
    <color name="emui_color_fg_inverse">#E5E5E5</color>
    <color name="emui_color_gray_3">H7_ACTIONBAR</color>
    <color name="emui_color_gray_4">H7_ACTIONBAR</color>
    <color name="emui_color_gray_6">#666666</color>
    <color name="emui_color_gray_7">#808080</color>
    <color name="emui_color_gray_8">#B3B3B3</color>
    <color name="emui_color_gray_9">#CCCCCC</color>
    <color name="emui_color_handup">#FA2A2D</color>
    <color name="emui_color_list_divider">#33FFFFFF</color>
    <color name="emui_color_primary">#A9FFFFFF</color>
    <color name="emui_color_secondary">#80FFFFFF</color>
    <color name="emui_color_subheader_divider">#19FFFFFF</color>
    <color name="emui_color_tertiary">#61ffffff</color>
    <color name="emui_color_text_highlight">#610D9FFB</color>
    <color name="emui_color_text_primary">#A9ffffff</color>
    <color name="emui_color_text_secondary">#80FFFFFF</color>
    <color name="emui_color_text_tertiary">#61ffffff</color>
    <color name="emui_color_warning">#FF7500</color>
    <color name="emui_control_highlight">H7_ACCENT_COLOR</color>
    <color name="emui_control_normal">#19FFFFFF</color>
    <color name="emui_control_normal_disabled">#0AFFFFFF</color>
    <color name="emui_fab_bg_normal">H7_ACCENT_COLOR</color>
    <color name="emui_fab_bg_pressed">#26A9FB</color>
    <color name="emui_fab_icon">#FFFFFF</color>
    <color name="emui_functional_blue">H7_ACCENT_COLOR</color>
    <color name="emui_functional_blue_inverse">H7_ACCENT_COLOR</color>
    <color name="emui_functional_green">#3db03d</color>
    <color name="emui_functional_red">#FFFA2A2D</color>
    <color name="emui_list_separator_text">#80000000</color>
    <color name="emui_primary">#FFFFFF</color>
    <color name="emui_primary_inverse">#FFFFFF</color>
    <color name="emui_text_disabled">#61FFFFFF</color>
    <color name="emui_text_hint">#7Fffffff</color>
    <color name="emui_text_hint_inverse">#99FFFFFF</color>
    <color name="emui_text_inverse_disable">#61FFFFFF</color>
    <color name="emui_text_primary">#FFFFFF</color>
    <color name="emui_text_primary_inverse">#ffffff</color>
    <color name="emui_text_secondary_inverse">#99FFFFFF</color>
    <color name="emui_text_tertiary_inverse">#61FFFFFF</color>
    <item format="float" name="emui_disabled_alpha" type="dimen">.38</item>
    <item format="float" name="emui_divider_alpha" type="dimen">.1</item>
    <item format="float" name="emui_highlight_bg_alpha" type="dimen">.38</item>
    <item format="float" name="emui_normal_bg_alpha" type="dimen">.1</item>
    <item format="float" name="emui_primary_content_alpha" type="dimen">.66</item>
    <item format="float" name="emui_secondary_content_alpha" type="dimen">.5</item>
    <item format="float" name="emui_tertiary_content_alpha" type="dimen">.38</item>
    <item format="float" name="emui_tips_bg_alpha" type="dimen">.1</item>

    <!--hwspinner-support 10.0.0.1.2-->
    <color name="hwspinner_icon_emui">#A9FFFFFF</color>
    <color name="hwspinner_item_disabled">#40FFFFFF</color>

    <color name="designer_bg">H7_BACKGROUND</color>
    <!--发布页面Item的加号图标的背景颜色-->
    <color name="add_icon_background">#0DFFFFFF</color>
    <!-- 38% 不透明度黑色-->
    <color name="grey_color_38">#61ffffff</color>

    <!--社区感兴趣的人背景填充色-->
    <color name="community_interested_color_bg">H7_ACTIONBAR</color>

    <!-- 分类组件边框的颜色-->
    <color name="sort_bord">H7_ACTIONBAR</color>
    <!--优秀设计师推荐背景颜色-->
    <color name="professional_designer_recommend">H7_ACTIONBAR</color>
    <color name="professional_designer_cover">#4dffffff</color>
    <color name="emui_white_bg">H7_BACKGROUND</color>
    <color name="emui_black">#ffffff</color>

    <!--webview分享按钮的颜色-->
    <color name="webview_share_white_color">H7_ACTIONBAR</color>
    <!--造字首页-->
    <color name="font_make_home_page">H7_BACKGROUND</color>
    <!--20%透明度蓝色-->
    <color name="emui_accent_20_percent">H7_ACCENT_COLOR_DISABLED</color>
    <!--社区瀑布流 背景色-->
    <color name="hiad_emui_color_gray_1">#19ffffff</color>
    <!--60%黑深色皮肤下颜色-->
    <color name="hiad_60_percent_black">#99ffffff</color>
    <!--80%黑深色皮肤下颜色-->
    <color name="hiad_80_percent_black">#ccffffff</color>
    <!--我的页面 会员中心标题颜色-->
    <color name="mine_regist_title_color">#99ffffff</color>
    <!--我的页面 下方滚动视图背景色-->
    <color name="mine_scroll_bg_color">H7_BACKGROUND</color>
    <!--我的页面 会员中心副标题颜色-->
    <color name="mine_regist_subtitle_color">#61ffffff</color>
    <!--我的页面 会员中心分割线颜色-->
    <color name="mine_regist_divider_color">#33ffffff</color>
    <!--我的页面 免费声明入口文字颜色-->
    <color name="free_statement_entrances_text_color">#FFFFFF</color>
    <!--免费声明 描述区域背景颜色-->
    <color name="free_statement_area_background">#1AFFFFFF</color>
    <!--免费声明 描述区域文字颜色-->
    <color name="free_statement_area_text_color">#FFFFFF</color>

    <!--全屏隐私协议小盾牌图标颜色-->
    <color name="privacy_icon_color">H7_ACCENT_COLOR</color>
    <!--滤镜页面底部tab颜色-->
    <color name="tab_photo_filter">H7_ACTIONBAR</color>
    <color name="tab_photo_filter_press">#3b3b3b</color>

    <!--信息流帖子话题背景色-->
    <color name="topic_item_bg">H7_BACKGROUND</color>
    <!--购买会员套餐界面选中后item背景色-->
    <color name="vip_buy_package_item_bg_selected_color">#1AFFFFFF</color>
    <!--底部Tab图标+文本默认颜色，有换肤效果，请勿更名-->
    <color name="skin_tab_bottom_icon_default_color">#80ffffff</color>

    <!-- subtab 选中的颜色-->
    <color name="subtab_active_color">#E5ffffff</color>
    <!-- subtab 未选中的颜色-->
    <color name="subtab_normal_color">#99ffffff</color>
    <color name="icon_channel_color">#DBFFFFFF</color>
    <color name="hwsearchview_color_plate_bg">#19ffffff</color>
    <!--电影模板列表页卡片背景色-->
    <color name="movie_list_card_bg">H7_ACTIONBAR</color>
    <!-- 电影模板shotColor-->
    <color name="movie_shot_color">#66FFFFFF</color>
    <!--电子刊下载进度数字-->
    <color name="magazine_dialog_progress">#99ffffff</color>
    <!--排行榜图片底色-->
    <color name="category_ranking_bg_color">H7_ACTIONBAR</color>
    <!--排行榜logo底色-->
    <color name="category_ranking_theme_color">#4D4D4D</color>
    <!--贴纸更多背景色-->
    <color name="sticker_left_unselected">#1E1E1E</color>
    <!--“我的”的界面推送弹框 省点模式背景色-->
    <color name="notice_push_bg_color">#3b3b3b</color>
    <!--我的页面 社区管理背景色-->
    <color name="mine_community_management">#1AFFFFFF</color>
    <!--我的页面 社区管理title颜色-->
    <color name="mine_community_management_title">#ffffff</color>
    <!--我的页面 社区管理desc颜色-->
    <color name="mine_community_management_desc">#ffffff</color>

    <!--热门搜索结果颜色-->
    <color name="top_search_first_index">#FF787A</color>
    <color name="top_search_second_index">#FFD79D</color>
    <color name="top_search_third_index">#64C8EC</color>
    <color name="top_search_normal_index">#FFFFFF</color>
    <color name="top_search_content">#FFFCFC</color>
    <color name="top_search_desc">#E3E3E3</color>

    <!--  会员满赠记录  -->
    <color name="vip_record_full_minus">H7_ACTIONBAR</color>

    <!--全部频道界面icon的背景色-->
    <color name="tab_channel_icon_bg">H7_ACTIONBAR</color>
    <color name="tab_channel_icon_drawer">#ffffff</color>

    <!--发布页-选择美化图片模板选择弹框-->
    <color name="publish_picture_template_pop_bg">H7_ACTIONBAR</color>

    <!--推荐-美化-弹框-作者名称 38%白色-->
    <color name="pict_template_beautify_author">#9effffff</color>
    <!-- UGC颜色适配修改，90%不透明黑，5%不透明黑  -->
    <color name="menu_title_text_color">#e6ffffff</color>
    <color name="menu_divider_line_color">#0dffffff</color>

    <!--综合搜索无结果提示文本颜色-->
    <color name="search_no_result_text_color">#9aFFFFFF</color>

    <color name="horizon_wallpaper_list_text">#9aFFFFFF</color>

    <!-- pps sdk更新后，去掉了这几个值，这里自定义一下  -->
    <color name="hiad_15_percent_white">#26000000</color>
    <color name="hiad_30_percent_white">#4c000000</color>
    <color name="hiad_10_percent_black">#19ffffff</color>
    <!--普通按钮背景色-->
    <color name="btn_normal_bg">#1AFFFFFF</color>

	<color name="more_wallpaper_textcolor" >#ffffff</color>
	<color name="account_card_view_text ">#ffffff</color>
	<color name="CS_background">H7_BACKGROUND_TWO</color>
	<color name="CS_black">#ffffff</color>
	<color name="CS_black_0_percent">#969696</color>
	<color name="CS_black_20_percent">#33FFFFFF</color>
	<color name="CS_black_50_percent">#80ffffff</color>
	<color name="CS_black_100_percent">#ffFFFFFF</color>
	<color name="CS_emui_color_gray_1">H7_ACTIONBAR</color>
	<color name="CS_emui_color_gray_10">#E6E6E6</color>
	<color name="CS_panel_bg">#222222</color>
	<color name="CS_panel_bg">H7_BACKGROUND_TWO</color>
	<color name="accent_on_disable_dark_emui">H7_ACCENT_COLOR_DISABLED</color>
	<color name="account_card_view_text">H7_ACCENT_COLOR</color>
	<color name="background_fit_color_5">H7_ACTIONBAR</color>
	<color name="blank_view_color">H7_BACKGROUND_TWO</color>
	<color name="boutique_zone_tab_background">H7_ACTIONBAR</color>
	<color name="color_bottom_end_diver">#33ffffff</color>
	<color name="color_favorites_rect">H7_BACKGROUND_TWO</color>
	<color name="color_ok_icon">H7_BACKGROUND_TWO</color>
	<color name="color_pic_bash">#0fffffff</color>
	<color name="color_pic_bash">#FFffffff</color>
	<color name="color_white_alpha_20">H7_BACKGROUND_PRESS</color>
	<color name="common_button_disable_color">H7_ACCENT_COLOR</color>
	<color name="common_button_normal_color">#ccffffff</color>
	<color name="common_button_normal_color">H7_ACCENT_COLOR</color>
	<color name="common_button_press_color">#80ffffff</color>
	<color name="common_button_press_color">H7_ACCENT_COLOR</color>
	<color name="count_bag_color">H7_BACKGROUND_TWO</color>
	<color name="cover_translucence_color">H7_BACKGROUND_PRESS</color>
	<color name="current_text_color">H7_ACCENT_COLOR</color>
	<color name="designer_bg">H7_ACTIONBAR</color>
	<color name="designer_common_textcolor">#ffffff</color>
	<color name="designer_hwauth_textcolor">H7_BACKGROUND_TWO</color>
	<color name="divider_color">#33e6e6e6</color>
	<color name="emui_accent">#ffffff</color> 
	<color name="emui_accent">H7_ACCENT_COLOR</color>
	<color name="emui_black">#ffffff</color>
	<color name="emui_black">#ffffff</color> 
	<color name="emui_color_1">H7_ACCENT_COLOR</color>
	<color name="emui_color_11">#FFBF00</color>
	<color name="emui_color_bg">H7_BACKGROUND_TWO</color>
	<color name="emui_color_fg">#FFffffff</color>
	<color name="emui_color_gray_1">#262626</color>
	<color name="emui_color_gray_1">H7_ACTIONBAR</color>
	<color name="emui_color_gray_1">H7_ACTIONBAR</color> 
	<color name="emui_color_gray_1">H7_BACKGROUND_TWO</color>
	<color name="emui_color_gray_1_no_dark">H7_ACTIONBAR</color>
	<color name="emui_color_gray_2">H7_BACKGROUND_TWO</color>
	<color name="emui_color_gray_2">H7_BACKGROUND_TWO</color> 
	<color name="emui_color_gray_4">#33ffffff</color>
	<color name="emui_color_gray_4">H7_BACKGROUND_TWO</color> 
	<color name="emui_color_gray_5">#4CE6E6E6</color>
	<color name="emui_color_gray_5">#80ffffff</color> 
	<color name="emui_color_gray_5">#ffffff</color>
	<color name="emui_color_gray_6">#80ffffff</color>
	<color name="emui_color_gray_7">#80ffffff</color>
	<color name="emui_color_gray_7">#808080</color>
	<color name="emui_color_gray_10">#E6E6E6</color>
	<color name="emui_color_gray_10">#ffffff</color>
	<color name="emui_color_gray_10_no_dark">#ffffff</color>
	<color name="emui_color_secondary">#80ffffff</color>
	<color name="emui_color_text_primary">#80ffffff</color>
	<color name="emui_color_text_primary">#ffffff</color>
	<color name="emui_color_text_secondary">#80ffffff</color>
	<color name="emui_functioanl_blue_dark">H7_ACCENT_COLOR</color>
	<color name="emui_functional_blue">#ffffff</color>
	<color name="emui_functional_blue">H7_ACCENT_COLOR</color>
	<color name="emui_primary">#ffffff</color>
	<color name="emui_primary_inverse">#ffffff</color>
	<color name="emui_rating_bar_color">#ffffff</color>
	<color name="emui_ratingbar_black">#272727</color>
	<color name="emui_ratingbar_black">H7_BACKGROUND_TWO</color>
	<color name="emui_selector_text_primary">#80ffffff</color>
	<color name="emui_text_disabled">#61ffffff</color>
	<color name="emui_text_hint">#7Fffffff</color>
	<color name="emui_text_hint_inverse">#99ffffff</color>
	<color name="emui_text_inverse_disable">#61ffffff</color>
	<color name="emui_text_primary">#ffffff</color>
	<color name="emui_text_primary_inverse">#ffffff</color>
	<color name="emui_text_secondary_inverse">#80ffffff</color>
	<color name="emui_white">H7_BACKGROUND_TWO</color>
	<color name="emui_white_dialog">H7_BACKGROUND</color>
	<color name="expandable_text_view_body_default">#E6E6E6</color>
	<color name="feedback_text_color1">#F0F0F0</color>
	<color name="feedback_text_color1">#ffffff</color>
	<color name="feedback_text_color2">#ADADAD</color>
	<color name="feedback_text_color3">#80ffffff</color>
	<color name="feedback_text_color3">#ADADAD</color>
	<color name="font_samll_text">H7_ACCENT_COLOR</color> 
	<color name="hiad_emui_color_gray_1">H7_ACTIONBAR</color>
	<color name="home_default">H7_ACTIONBAR</color>
	<color name="home_default">H7_BACKGROUND_TWO</color>
	<color name="home_default">H7_BACKGROUND_TWO</color> 
	<color name="home_default_brush">#4D4D4D</color>
	<color name="home_default_brush">#a1ffffff</color>
	<color name="hwbottomnavigationview_bg">H7_ACTIONBAR_BLUR</color>
	<color name="hwbutton_text_color">#D8ffffff</color>
	<color name="hwbutton_text_disabled">#41ffffff</color>
	<color name="hwbutton_text_emphasize_color">#D8ffffff</color>
	<color name="hwbutton_text_emphasize_disabled">#41ffffff</color>
	<color name="hwcheckbox_accent_off_dark_emui">#33FFFFFF</color>
	<color name="hwcheckbox_accent_off_disable_dark_emui">#19FFFFFF</color>
	<color name="hwcheckbox_accent_on_dark_emui">H7_ACCENT_COLOR</color>
	<color name="hwcheckbox_inner_checked_mark">#e6e6e6</color>
	<color name="hwcheckbox_inner_disable_dark">#33ffffff</color>
	<color name="hwcheckbox_inner_normal_dark">#80ffffff</color>
	<color name="hwcheckbox_off_mask">H7_BACKGROUND_TWO</color>
	<color name="hwedit_emui_black_color_alpha_30">#4CE6E6E6</color>
	<color name="hwedit_emui_black_color_alpha_30">H7_ACTIONBAR</color>
	<color name="hwedit_emui_edit_text_hint_color">#33ffffff</color>
	<color name="hwspinner_item_disabled">#80ffffff</color>
	<color name="hwtoggle_text_color_emui">#ffffff</color> 
	<color name="hwtoolbar_status_color">H7_ACTIONBAR</color>
	<color name="icon_normal_default_color">H7_BACKGROUND_TWO</color>
	<color name="icon_white_bg_default_color">H7_ACCENT_COLOR</color>
	<color name="icon_white_bg_pressed_color">H7_ACCENT_COLOR_PRESS</color>
	<color name="line_view_bg">#33ffffff</color>
	<color name="line_view_bg">H7_ACTIONBAR</color>
	<color name="line_view_bg">H7_BACKGROUND_TWO</color> 
	<color name="list_shortcut_tab_color">#E6E6E6</color>
	<color name="list_shortcut_tab_color">#ffffff</color>
	<color name="live_font_loding_bg">#808080</color>
	<color name="live_font_send">#80ffffff</color>
	<color name="live_wallpaper_thumbnail_text_color">H7_ACTIONBAR</color>
	<color name="mask_color">#26ffffff</color> 
	<color name="mask_color">#33ffffff</color>
	<color name="material_grey_50">H7_ACTIONBAR</color>
	<color name="material_grey_100">H7_ACTIONBAR</color>
	<color name="mention_user_name">#80e6e6e6</color>
	<color name="more_and_refresh_color">H7_ACTIONBAR</color>
	<color name="more_title_press">#ffffff</color>
	<color name="more_title_press">H7_ACCENT_COLOR</color>
	<color name="more_wallpaper_devidecolor">H7_ACTIONBAR</color>
	<color name="more_wallpaper_textcolor">#e6e6e6</color>
	<color name="new_topic_back_color">H7_BACKGROUND_TWO</color>
	<color name="no_resource_svg_color">#80ffffff</color>
	<color name="no_resource_svg_color">#ffffff</color>
	<color name="online_wallpaper_share_color">H7_ACTIONBAR</color>
	<color name="overlay_blur_color">H7_ACTIONBAR_BLUR</color>
	<color name="pps_download_btn_bg">H7_ACTIONBAR</color>
	<color name="pps_download_btn_text">H7_ACCENT_COLOR</color>
	<color name="pps_download_btn_text">H7_ACTIONBAR</color>
	<color name="pps_download_btn_text_2">H7_ACTIONBAR</color>
	<color name="private_policy_normal">#80ffffff</color>
	<color name="private_policy_normal">H7_ACCENT_COLOR</color>
	<color name="private_policy_press">H7_ACCENT_COLOR_PRESS</color>
	<color name="progress_bg_color">H7_BACKGROUND_TWO</color>
	<color name="progress_button_content">H7_ACCENT_COLOR_DISABLED</color>
	<color name="progress_button_content">H7_ACCENT_COLOR_PRESS</color>
	<color name="progress_button_content_normal">H7_ACCENT_COLOR_PRESS</color>
	<color name="progress_button_content_pressed">H7_ACCENT_COLOR_DISABLED</color>
	<color name="progress_button_content_pressed">H7_ACCENT_COLOR_PRESS</color>
	<color name="progress_button_line">H7_ACCENT_COLOR</color>
	<color name="progress_button_textcolor">H7_ACCENT_COLOR</color>
	<color name="progressbar_background">#33ffffff</color>
	<color name="progressbar_background">#80808080</color>
	<color name="progressbar_progress">#33ffffff</color>
	<color name="progressbar_progress">H7_ACCENT_COLOR</color>
	<color name="ranking_bg_color">H7_BACKGROUND_TWO</color>
	<color name="ranking_text_color_primary">#ffffff</color>
	<color name="ranking_text_color_secondary">#D8ffffff</color>
	<color name="recommend_card_bg_color">H7_ACCENT_COLOR</color>
	<color name="recommend_card_bg_color">H7_BACKGROUND_TWO</color>
	<color name="recommend_subtitle_color2">H7_ACCENT_COLOR</color>
	<color name="recommend_subtitle_color">#ffffff</color>
	<color name="recommend_subtitle_color">H7_ACCENT_COLOR</color>
	<color name="recommend_title_color">#99ffffff</color>
	<color name="recommend_title_color">H7_ACCENT_COLOR_PRESS</color>
	<color name="resource_description_color">#80e6e6e6</color>
	<color name="resource_description_color">#80ffffff</color>
	<color name="ring_background_color">#696969</color>
	<color name="ring_background_color">H7_ACTIONBAR</color>
	<color name="ring_background_color">H7_BACKGROUND_TWO</color>
	<color name="ring_bg_color">#ffffffff</color> 
	<color name="ring_bg_color">H7_ACTIONBAR</color>
	<color name="ring_text_color_primary">#ffffff</color>
	<color name="ring_text_color_secondary">#80ffffff</color>
	<color name="scrollbar_bg_color">H7_BACKGROUND</color>
	<color name="scrollbar_bg_color">H7_BACKGROUND_TWO</color>
	<color name="scrollbar_color">#33ffffff</color>
	<color name="search_color">#ffffff</color>
	<color name="search_input_color">#ffffff</color>
	<color name="search_view_bg">#4DFFFFFF</color>
	<color name="search_view_bg">#33ffffff</color>
	<color name="search_view_hint_color">#33ffffff</color>
	<color name="searchview_editview_bg">#4DFFFFFF</color>
	<color name="searchview_editview_bg">#80000000</color>
	<color name="searchview_editview_bg">H7_ACTIONBAR</color>
	<color name="share_preview_bg_color">H7_ACTIONBAR</color>
	<color name="share_preview_bg_color">H7_BACKGROUND</color>
	<color name="share_preview_bg_color">H7_BACKGROUND_TWO</color>
	<color name="shortcut_bg_color">H7_ACTIONBAR</color>
	<color name="shortcut_center">H7_ACCENT_COLOR</color>
	<color name="skin_overlay_blur_color">H7_ACTIONBAR_BLUR</color>
	<color name="skin_sub_tab_indicator_color">H7_ACTIONBAR</color>
	<color name="skin_tab_bg_color">H7_ACTIONBAR</color>
	<color name="skin_tab_bottom_icon_active_color">H7_ACCENT_COLOR</color>
	<color name="skin_tab_bottom_icon_default_color">#D8ffffff</color>
	<color name="skin_white_color">H7_ACTIONBAR</color>
	<color name="status_bar_color">H7_BACKGROUND_TWO</color>
	<color name="tab_bottow_color_navigationin_sink">H7_ACTIONBAR_BLUR</color>
	<color name="tab_bottow_color_select">H7_ACCENT_COLOR</color>
	<color name="tab_toolbar_color">H7_BACKGROUND_TWO</color>
	<color name="theme_preview_info_title_color">#80ffffff</color>
	<color name="theme_title_color">#ffffffff</color>
	<color name="tips_and_divider_color">H7_BACKGROUND_TWO</color>
	<color name="title_gray">#F8F8FF</color>
	<color name="title_gray">H7_ACCENT_COLOR</color>
	<color name="toolbar_bg_color">H7_ACTIONBAR_BLUR</color>
	<color name="toolbar_progress_color">#999999</color>
	<color name="upsdk_blue_text_007dff">H7_ACCENT_COLOR</color>
	<color name="upsdk_category_button_select_pressed">H7_ACCENT_COLOR_PRESS</color>
	<color name="white">#ffffff</color>
	
	
    <!--新增非换肤颜色值请加在下方，保持换肤颜色值在最顶-->
    <!--换肤暂时适配所用，后续将不再支持省电皮肤模式-->
    <color name="skin_loading_text_color">#808080</color>
    <color name="skin_tab_bg_color">H7_ACTIONBAR</color>
    <color name="skin_white_color">H7_BACKGROUND</color>
    <color name="skin_overlay_blur_color">#e6262626</color>

    <color name="toolbar_bg_color">H7_BACKGROUND</color>
    <color name="scrollbar_bg_color">#00000000</color>
    <color name="scrollbar_color">#33ffffff</color>
    <color name="progressbar_background">#33ffffff</color>
    <color name="progressbar_progress">#33ffffff</color>
    <color name="current_text_color">H7_ACCENT_COLOR</color>
    <color name="theme_title_color">#ffffffff</color>
    <color name="search_view_hint_color">#33ffffff</color>
    <color name="progress_button_line">H7_ACCENT_COLOR</color>
    <color name="progress_button_content">#4d0d9ffb</color>
    <color name="progress_bg_color">H7_ACTIONBAR</color>
    <color name="blank_view_color">H7_ACTIONBAR</color>
    <color name="theme_preview_info_title_color">#80ffffff</color>
    <color name="mask_color">#33ffffff</color>
    <color name="no_resource_svg_color">#80ffffff</color>
    <color name="more_title_press">#ffffff</color>
    <color name="search_color">#ffffff</color>
    <color name="progress_button_content_pressed">H7_ACCENT_COLOR_DISABLED</color>
    <color name="private_policy_normal">H7_ACCENT_COLOR</color>
    <color name="icon_white_bg_default_color">H7_ACCENT_COLOR</color>
    <color name="emui_color_gray_10">#E6E6E6</color>
    <color name="list_shortcut_tab_color">#E6E6E6</color>
    <color name="tab_toolbar_color">H7_BACKGROUND</color>
    <color name="status_bar_color">H7_BACKGROUND</color>
    <color name="emui_color_gray_1">H7_ACTIONBAR</color>
    <color name="emui_color_gray_7">#808080</color>
    <color name="line_view_bg">#33ffffff</color>
    <color name="emui_color_gray_4">#33ffffff</color>
    <color name="expandable_text_view_body_default">#E6E6E6</color>
    <color name="emui_black">#ffffff</color>
    <color name="emui_white">H7_BACKGROUND</color>
    <color name="more_wallpaper_textcolor">#e6e6e6</color>
    <color name="more_wallpaper_devidecolor">H7_ACTIONBAR</color>
    <color name="count_bag_color">H7_BACKGROUND</color>
    <color name="color_bottom_end_diver">#33ffffff</color>
    <color name="color_e6000000">#ffffff</color>
    <color name="color_pic_bash">#0fffffff</color>
    <color name="toolbar_progress_color">#999999</color>
    <color name="emui_color_gray_2">H7_ACTIONBAR</color>
    <color name="share_preview_bg_color">#00000000</color>
    <color name="emui_white_dialog">H7_ACTIONBAR</color>
    <color name="emui_ratingbar_black">#272727</color>
    <color name="emui_color_11">#FFBF00</color>
    <color name="emui_rating_bar_color">#ffffff</color>
    <color name="search_view_bg">#4DFFFFFF</color>
    <color name="searchview_editview_bg">#4DFFFFFF</color>
    <color name="live_font_loding_bg">#808080</color>
    <color name="color_favorites_rect">H7_ACTIONBAR</color>
    <!--账号sdk-->
    <color name="CS_emui_color_gray_10">#E6E6E6</color>
    <color name="CS_black_20_percent">#33FFFFFF</color>
    <color name="CS_black_100_percent">#ffFFFFFF</color>
    <color name="CS_black">#FFFFFF</color>
    <color name="CS_background">H7_BACKGROUND</color>
    <color name="CS_black_50_percent">#80ffffff</color>
    <color name="engine_install_state_bg">#F21A1A1A</color>
    <color name="wallpaper_detail_engine_install_state_bg">H7_ACTIONBAR</color>
    <color name="wallpaper_detail_engine_install_text_color">#989898</color>

    <color name="boutique_zone_tab_background">H7_BACKGROUND</color>
    <color name="ring_background_color">#696969</color>
    <color name="CS_panel_bg">H7_ACTIONBAR</color>
    <color name="CS_black_0_percent">#969696</color>
    <color name="hwtoolbar_status_color">H7_ACTIONBAR</color>

    <color name="home_default">H7_ACTIONBAR</color>
    <color name="home_default_brush">#4D4D4D</color>
    <color name="tab_bottow_color_navigationin_sink">H7_BACKGROUND</color>
    <color name="new_topic_back_color">H7_ACTIONBAR</color>
    <color name="title_gray">#F8F8FF</color>
    <color name="recommend_title_color">#99ffffff</color>
    <color name="recommend_subtitle_color">#ffffff</color>
    <color name="recommend_card_bg_color">H7_ACTIONBAR</color>
    <color name="hwedit_emui_black_color_alpha_30">#4CE6E6E6</color>
    <color name="hwedit_emui_edit_text_hint_color">#33ffffff</color>

    <color name="emui_functional_blue">H7_ACCENT_COLOR</color>
    <color name="hwbutton_text_emphasize_disabled">#41ffffff</color>
    <color name="hwbutton_text_emphasize_color">#D8ffffff</color>
    <color name="hwbutton_text_color">#D8ffffff</color>
    <color name="hwbutton_text_disabled">#41ffffff</color>

    <!--light theme-->
    <!--on 填充-->
    <color name="emui_accent">H7_ACCENT_COLOR</color>
    <!--对勾-->
    <color name="hwcheckbox_inner_checked_mark">#e6e6e6</color>

    <!--off 线框-->
    <color name="emui_color_gray_5">#4CE6E6E6</color>
    <!--off 填充-->
    <color name="hwcheckbox_off_mask">H7_BACKGROUND</color>

    <!--dark theme-->
    <!--dark on disable填充-->
    <color name="accent_on_disable_dark_emui">H7_ACCENT_COLOR_DISABLED</color>
    <!--dark disable对勾-->
    <color name="hwcheckbox_inner_disable_dark">#33ffffff</color>
    <!--dark off disable线框-->
    <color name="hwcheckbox_accent_off_disable_dark_emui">#19FFFFFF</color>
    <!--dark off 填充-->
    <!--<color name="emui_black">#E6E6E6</color>-->
    <!--dark on enable填充-->
    <color name="hwcheckbox_accent_on_dark_emui">H7_ACCENT_COLOR</color>
    <!--dark off线框-->
    <color name="hwcheckbox_accent_off_dark_emui">#33FFFFFF</color>
    <!--dark 对勾-->
    <color name="hwcheckbox_inner_normal_dark">#80ffffff</color>
    <!--dark 分割线-->
    <color name="divider_color">#00e6e6e6</color>
    <!--dark 评论详情页展示资源-资源描述颜色-->
    <color name="resource_description_color">#80e6e6e6</color>
    <!--dark 评论-被回复评论用户名颜色-->
    <color name="mention_user_name">#80e6e6e6</color>

    <!--问题反馈页面兼容深色皮肤-->
    <color name="feedback_text_color1">#F0F0F0</color>
    <color name="feedback_text_color2">#ADADAD</color>
    <color name="feedback_text_color3">#ADADAD</color>

    <!--云服务问题反馈SDK深色皮肤颜色-->
    <color name="feedback_sdk_problem_submit_normol_bg">#04324C</color>
    <color name="feedback_sdk_problem_submit_select_bg">#0E9FFC</color>
    <color name="feedback_sdk_problem_common_type_info_phone">#747474</color>
    <color name="feedback_sdk_problem_select_question_type">#E6E6E6</color>
    <color name="feedback_sdk_problem_question_info_bg">H7_ACTIONBAR</color>
    <color name="feedback_sdk_problem_question_info_or_phone_text">#FFFFFF</color>
    <color name="feedback_sdk_problem_question_info_or_phone_hint">#606060</color>
    <color name="feedback_sdk_problem_question_number">#676767</color>
    <color name="feedback_sdk_problem_question_max_number">#ff0000</color>
    <color name="feedback_sdk_problem_submit_text">#4F7083</color>
    <color name="feedback_sdk_problem_submit_select_text">#FFFFFF</color>
    <color name="feedback_sdk_problem_recycle_select_question_type">#E6E6E6</color>
    <color name="feedback_sdk_problem_recycle_normol_question_type_bg">#33ffffff</color>
    <color name="feedback_sdk_problem_recycle_select_question_type_bg">#07507D</color>
    <color name="feedback_sdk_problem_photo_bg">H7_ACTIONBAR</color>
    <color name="feedback_sdk_text_normal_black">#99ffffff</color>
    <color name="feedback_sdk_label_text_color_normal">#E6E6E6</color>
    <color name="feedback_sdk_text_normal_black_50">#66ffffff</color>
    <color name="feedback_sdk_common_btn_blue">H7_ACCENT_COLOR</color>
    <color name="feedback_sdk_common_black_20">#33ffffff</color>
    <color name="feedback_sdk_moreservice_text_color">#E6E6E6</color>
    <color name="feedback_sdk_moreservice_choose_text_color">#80E6E6E6</color>
    <color name="feedback_sdk_common_black_40">#66ffffff</color>
    <color name="feedback_sdk_tab_slider_bg_color_selected">H7_ACCENT_COLOR</color>
    <color name="feedback_sdk_action_bar_grey">H7_ACTIONBAR</color>
    <color name="feedback_sdk_notice_view_default_text_color">#80E6E6E6</color>
    <color name="feedback_sdk_notice_view_pad_background">H7_BACKGROUND</color>
    <color name="feedback_sdk_notice_view_background">H7_BACKGROUND</color>
    <color name="feedback_sdk_list_item_hint_text_color_normal">#4DE6E6E6</color>
    <color name="feedback_sdk_label_assist_text_color_normal">#80E6E6E6</color>
    <color name="feedback_sdk_grid_divider_color">#33E6E6E6</color>
    <color name="feedback_sdk_common_black_30">#4DE6E6E6</color>
    <color name="feedback_sdk_tab_slider_bg_color_selected_50">#800D9FFB</color>
    <color name="feedback_toggle_item_bg_color">#19FFFFFF</color>
    <color name="feedback_tab_text_color_selected_20">H7_ACCENT_COLOR_DISABLED</color>
    <!--问题反馈SDK EMUI9.0 深色主题需要添加的色值-->
    <color name="emui_clickeffic_default_color">#19FFFFFF</color>



    <!--云服务问题反馈SDK深色皮肤颜色-->
    <!--通用异常错误页面pad下的背景色-->
    <color name="faq_sdk_notice_view_pad_background">H7_BACKGROUND</color>
    <!--通用异常错误页面的背景色-->
    <color name="faq_sdk_notice_view_background">H7_BACKGROUND</color>
    <!--通用异常页面的文字颜色-->
    <color name="faq_sdk_notice_view_default_text_color">#80E6E6E6</color>
    <!--section的背景色-->
    <color name="faq_sdk_section_background_color_normal">#14ffffff</color>
    <!--section的标题文字颜色-->
    <color name="faq_sdk_section_sub_title_text_color_normal">#80E6E6E6</color>
    <!--grid 分割线颜色-->
    <color name="faq_sdk_grid_divider_color">#33E6E6E6</color>
    <!--list 分割线颜色-->
    <color name="faq_sdk_list_divider_color">#33E6E6E6</color>
    <!--list 选中状态背景色-->
    <color name="faq_sdk_list_item_selector_color">#19FFFFFF</color>
    <!--list 每个item文字颜色-->
    <color name="faq_sdk_list_item_title_text_color_normal">#E6E6E6</color>
    <!--正常文本文字颜色-->
    <color name="faq_sdk_label_text_color_normal">#E6E6E6</color>
    <!--次级文本文字颜色-->
    <color name="faq_sdk_label_assist_text_color_normal">#80E6E6E6</color>
    <!--高亮文本文字颜色-->
    <color name="faq_sdk_label_highlight_text_color_normal">H7_ACCENT_COLOR</color>
    <!--list提示文本的颜色-->
    <color name="faq_sdk_list_item_hint_text_color_normal">#4DE6E6E6</color>
    <!--主题颜色-->
    <color name="faq_sdk_action_bar_grey">H7_ACTIONBAR</color>

    <color name="faq_sdk_search_bg">#19ffffff</color>
    <color name="faq_sdk_btn_blue">H7_ACCENT_COLOR</color>
    <!--自定义分享框背景色-->
    <color name="faq_sdk_share_bg">H7_ACTIONBAR</color>
    <color name="module_base_label_text_color_normal">#E6E6E6</color>
    <color name="btn_blue">H7_ACCENT_COLOR</color>
    <color name="image_view_cover_color_normal">#0Dffffff</color>
    <color name="toggle_item_bg_color">#33FFFFFF</color>
    <color name="list_item_selector_color">#19FFFFFF</color>
    <color name="module_base_list_divider_color">#33FFFFFF</color>
    <color name="faq_sdk_category_menu_bg">H7_ACTIONBAR</color>
    <color name="faq_sdk_online_them">H7_BACKGROUND</color>

    <color name="cover_translucence_color">#99000000</color>
    <color name="color_white_alpha_20">#33000000</color>

    <!--方图背景色填充色-->
    <color name="background_fit_color_1">#E8EDF7</color>
    <color name="background_fit_color_2">#E8F5F7</color>
    <color name="background_fit_color_3">#F7EBE8</color>
    <color name="background_fit_color_4">#F3E8F7</color>
    <color name="background_fit_color_5">#F2F2F2</color>

    <!--shortcut图标颜色-->
    <color name="shortcut_main_color">#99FFFFFF</color>
    <!--shortcut背景颜色-->
    <color name="shortcut_bg_color">#4D4D4D</color>
    <!--ring图标背景颜色-->
    <color name="ring_bg_color">#FFFFFF</color>
    <!--省电皮肤 热门排行组件字体颜色-->
    <color name="emui_text_primary_inverse">#ffffff</color>
    <color name="emui_text_secondary_inverse">#99FFFFFF</color>
    <color name="emui_color_text_primary">#A9ffffff</color>
    <color name="emui_color_text_secondary">#80FFFFFF</color>
    <!--ring列表文字省电皮肤-->
    <color name="ring_text_color_primary">#E6E6E6</color>
    <color name="ring_text_color_secondary">#99ffffff</color>
    <!--排行榜文字省电皮肤-->
    <color name="ranking_text_color_primary">#E6E6E6</color>
    <color name="ranking_text_color_secondary">#96ffffff</color>
    <color name="ranking_bg_color">H7_BACKGROUND</color>
    <!--省电皮肤 更多-换一换边框颜色-->
    <color name="more_and_refresh_color">#4Dffffff</color>
    <!--社区消息背景颜色-->
    <color name="community_notice_bg_color">H7_BACKGROUND</color>

    <!--10.0.1.2 hwresources-support aar-->
    <color name="emui_accent_inverse">H7_ACCENT_COLOR</color>
    <color name="emui_accent_pressed">H7_ACCENT_COLOR</color>
    <color name="emui_button_default">#1AFFFFFF</color>
    <color name="emui_button_default_disabled">#0AFFFFFF</color>
    <color name="emui_card_bg">#404040</color>
    <color name="emui_color_1">#4d5ceb</color>
    <color name="emui_color_10">#da830b</color>
    <color name="emui_color_11">#d49f0f</color>
    <color name="emui_color_2">H7_ACCENT_COLOR</color>
    <color name="emui_color_3">#15a5ad</color>
    <color name="emui_color_4">#40ae3f</color>
    <color name="emui_color_5">#77b40f</color>
    <color name="emui_color_6">#923ae4</color>
    <color name="emui_color_7">#e20277</color>
    <color name="emui_color_8">#ed2a2b</color>
    <color name="emui_color_9">#e16808</color>
    <color name="emui_color_bg">H7_BACKGROUND</color>
    <color name="emui_color_connected">#41ba41</color>
    <color name="emui_color_divider_horizontal">#33FFFFFF</color>
    <color name="emui_color_fg">#FFFFFFFF</color>
    <color name="emui_color_fg_inverse">#E5E5E5</color>
    <color name="emui_color_gray_3">H7_ACTIONBAR</color>
    <color name="emui_color_gray_4">H7_ACTIONBAR</color>
    <color name="emui_color_gray_6">#666666</color>
    <color name="emui_color_gray_7">#808080</color>
    <color name="emui_color_gray_8">#B3B3B3</color>
    <color name="emui_color_gray_9">#CCCCCC</color>
    <color name="emui_color_handup">#FA2A2D</color>
    <color name="emui_color_list_divider">#33FFFFFF</color>
    <color name="emui_color_primary">#A9FFFFFF</color>
    <color name="emui_color_secondary">#80FFFFFF</color>
    <color name="emui_color_subheader_divider">#19FFFFFF</color>
    <color name="emui_color_tertiary">#61ffffff</color>
    <color name="emui_color_text_highlight">H7_ACCENT_COLOR_PRESS</color>
    <color name="emui_color_text_primary">#A9ffffff</color>
    <color name="emui_color_text_secondary">#80FFFFFF</color>
    <color name="emui_color_text_tertiary">#61ffffff</color>
    <color name="emui_color_warning">#FF7500</color>
    <color name="emui_control_highlight">H7_ACCENT_COLOR</color>
    <color name="emui_control_normal">#19FFFFFF</color>
    <color name="emui_control_normal_disabled">#0AFFFFFF</color>
    <color name="emui_fab_bg_normal">H7_ACCENT_COLOR</color>
    <color name="emui_fab_bg_pressed">H7_ACCENT_COLOR</color>
    <color name="emui_fab_icon">#FFFFFF</color>
    <color name="emui_functional_blue">H7_ACCENT_COLOR</color>
    <color name="emui_functional_blue_inverse">H7_ACCENT_COLOR</color>
    <color name="emui_functional_green">#3db03d</color>
    <color name="emui_functional_red">#FFFA2A2D</color>
    <color name="emui_list_separator_text">#80000000</color>
    <color name="emui_primary">#FFFFFF</color>
    <color name="emui_primary_inverse">#FFFFFF</color>
    <color name="emui_text_disabled">#61FFFFFF</color>
    <color name="emui_text_hint">#7Fffffff</color>
    <color name="emui_text_hint_inverse">#99FFFFFF</color>
    <color name="emui_text_inverse_disable">#61FFFFFF</color>
    <color name="emui_text_primary">#FFFFFF</color>
    <color name="emui_text_primary_inverse">#ffffff</color>
    <color name="emui_text_secondary_inverse">#99FFFFFF</color>
    <color name="emui_text_tertiary_inverse">#61FFFFFF</color>
    <item format="float" name="emui_disabled_alpha" type="dimen">.38</item>
    <item format="float" name="emui_divider_alpha" type="dimen">.1</item>
    <item format="float" name="emui_highlight_bg_alpha" type="dimen">.38</item>
    <item format="float" name="emui_normal_bg_alpha" type="dimen">.1</item>
    <item format="float" name="emui_primary_content_alpha" type="dimen">.66</item>
    <item format="float" name="emui_secondary_content_alpha" type="dimen">.5</item>
    <item format="float" name="emui_tertiary_content_alpha" type="dimen">.38</item>
    <item format="float" name="emui_tips_bg_alpha" type="dimen">.1</item>

    <!--hwspinner-support 10.0.0.1.2-->
    <color name="hwspinner_icon_emui">#A9FFFFFF</color>
    <color name="hwspinner_item_disabled">#40FFFFFF</color>

    <color name="designer_bg">H7_BACKGROUND</color>
    <!--发布页面Item的加号图标的背景颜色-->
    <color name="add_icon_background">#0DFFFFFF</color>
    <!-- 38% 不透明度黑色-->
    <color name="grey_color_38">#61ffffff</color>

    <!--社区感兴趣的人背景填充色-->
    <color name="community_interested_color_bg">H7_ACTIONBAR</color>

    <!-- 分类组件边框的颜色-->
    <color name="sort_bord">H7_ACTIONBAR</color>
    <!--优秀设计师推荐背景颜色-->
    <color name="professional_designer_recommend">H7_ACTIONBAR</color>
    <color name="professional_designer_cover">#4dffffff</color>
    <color name="emui_white_bg">H7_BACKGROUND</color>
    <color name="emui_black">#ffffff</color>

    <!--webview分享按钮的颜色-->
    <color name="webview_share_white_color">H7_ACTIONBAR</color>
    <!--造字首页-->
    <color name="font_make_home_page">H7_BACKGROUND</color>
    <!--20%透明度蓝色-->
    <color name="emui_accent_20_percent">H7_ACCENT_COLOR_DISABLED</color>
    <!--社区瀑布流 背景色-->
    <color name="hiad_emui_color_gray_1">#19ffffff</color>
    <!--60%黑深色皮肤下颜色-->
    <color name="hiad_60_percent_black">#99ffffff</color>
    <!--80%黑深色皮肤下颜色-->
    <color name="hiad_80_percent_black">#ccffffff</color>
    <!--我的页面 会员中心标题颜色-->
    <color name="mine_regist_title_color">#99ffffff</color>
    <!--我的页面 下方滚动视图背景色-->
    <color name="mine_scroll_bg_color">H7_BACKGROUND</color>
    <!--我的页面 会员中心副标题颜色-->
    <color name="mine_regist_subtitle_color">#61ffffff</color>
    <!--我的页面 会员中心分割线颜色-->
    <color name="mine_regist_divider_color">#33ffffff</color>
    <!--全屏隐私协议小盾牌图标颜色-->
    <color name="privacy_icon_color">H7_ACCENT_COLOR</color>
    <!--滤镜页面底部tab颜色-->
    <color name="tab_photo_filter">H7_ACTIONBAR</color>
    <color name="tab_photo_filter_press">#3b3b3b</color>

    <!--信息流帖子话题背景色-->
    <color name="topic_item_bg">H7_BACKGROUND</color>
    <!--购买会员套餐界面选中后item背景色-->
    <color name="vip_buy_package_item_bg_selected_color">#1AFFFFFF</color>
    <!--底部Tab图标+文本默认颜色，有换肤效果，请勿更名-->
    <color name="skin_tab_bottom_icon_default_color">#80ffffff</color>

    <!-- subtab 选中的颜色-->
    <color name="subtab_active_color">#E5ffffff</color>
    <!-- subtab 未选中的颜色-->
    <color name="subtab_normal_color">#99ffffff</color>
    <color name="icon_channel_color">#DBFFFFFF</color>
    <color name="hwsearchview_color_plate_bg">#19ffffff</color>
    <!--电影模板列表页卡片背景色-->
    <color name="movie_list_card_bg">H7_ACTIONBAR</color>
    <!-- 电影模板shotColor-->
    <color name="movie_shot_color">#66FFFFFF</color>
    <!--电子刊下载进度数字-->
    <color name="magazine_dialog_progress">#99ffffff</color>
    <!--排行榜图片底色-->
    <color name="category_ranking_bg_color">H7_ACTIONBAR</color>
    <!--排行榜logo底色-->
    <color name="category_ranking_theme_color">#4D4D4D</color>
    <!--贴纸更多背景色-->
    <color name="sticker_left_unselected">#1E1E1E</color>
    <!--“我的”的界面推送弹框 省点模式背景色-->
    <color name="notice_push_bg_color">#3b3b3b</color>
    <!--我的页面 社区管理背景色-->
    <color name="mine_community_management">#1AFFFFFF</color>
    <!--我的页面 社区管理title颜色-->
    <color name="mine_community_management_title">#ffffff</color>
    <!--我的页面 社区管理desc颜色-->
    <color name="mine_community_management_desc">#ffffff</color>

    <!--热门搜索结果颜色-->
    <color name="top_search_first_index">#FF787A</color>
    <color name="top_search_second_index">#FFD79D</color>
    <color name="top_search_third_index">#64C8EC</color>
    <color name="top_search_normal_index">#FFFFFF</color>
    <color name="top_search_content">#FFFCFC</color>
    <color name="top_search_desc">#E3E3E3</color>

    <!--  会员满赠记录  -->
    <color name="vip_record_full_minus">H7_ACTIONBAR</color>
	
	
	
</resources>