<?xml version="1.0" encoding="utf-8"?>
<hwthemes>
	<color name="dsb_progress_color">H7_ACCENT_COLOR</color>
	<color name="dsb_track_color">#e5ffffff</color>
	<color name="dsb_disabled_color">#66ffffff</color>
	<color name="dsb_ripple_color_pressed">#77ffffff</color>
	<color name="dsb_ripple_color_focused">#99ffffff</color>
	<color name="text_normal">#7fffffff</color>
	<color name="text_grey">#33ffffff</color>
	<color name="title_normal">#ffffffff</color>
	<color name="title_grey">#8ffffff0</color>
	<color name="eq_imaginary_line_color">#4c8891b9</color>
	<color name="eq_curve_line_color">H7_ACCENT_COLOR</color>
	<color name="eq_plot_line_color">H7_ACCENT_COLOR</color>
	<color name="eq_plot_circle_color">#ffffffff</color>
	<color name="eq_plot_area_color">H7_ACCENT_COLOR_DISABLED</color>
	<color name="linearlayout_imaginary_line_color">#0cffffff</color>
	<color name="eq_dialog_system_color">#ffffffff</color>
	<color name="eq_dialog_userdefine_color">H7_ACCENT_COLOR</color>
	<color name="listview_divider_color">#1affffff</color>
	<color name="eq_frequence_color">#80ffffff</color>
	<color name="eq_divider_color">H7_ACCENT_COLOR_DISABLED</color>
	<color name="session_divider_color">#08ffffff</color>
	<color name="session_title_color">#bfffffff</color>
	<color name="background_color">H7_BACKGROUND</color>
	<color name="dsb_progress_color_list">#00ffffff</color>
	<color name="dsb_ripple_color_list">#00ffffff</color>
	<color name="dsb_track_color_list">#00ffffff</color>
</hwthemes>
