<?xml version="1.0" encoding="utf-8"?>

<MIUI_Theme_Values template="DarkTemplate">
  <color name="qs_brightness_progress_color">#99000000</color>
  <color name="qs_control_tile_icon_disabled_color">#33000000</color>
  <color name="notification_expand_button_color">#ff000000</color>
  <color name="qs_detail_item_icon_color_2">#99000000</color>
  <color name="status_bar_expanded_weather">#cc000000</color>
  <color name="notification_actions_button_color">H7_COLOR_SYSTEMUI</color>
  <color name="qs_control_big_tile_blue_bg">H7_COLOR_SYSTEMUI</color>
  <bool name="expanded_status_bar_darkmode">false</bool>
  <color name="qs_detail_item_icon_color_secondary">#66000000</color>
  <color name="qs_tile_label_text_color_secondary">#4d000000</color>
  <color name="qs_detail_item_icon_color">#e6000000</color>
  <color name="qs_control_customizer_others_title_bg_color">H7_ACTIONBAR</color>
  <color name="notification_panel_date_color">#99000000</color>
  <color name="qs_panel_expand_indicator_color">#59000000</color>
  <color name="qs_control_big_tile_sub_title_color_off">#99000000</color>
  <color name="notification_in_call_caller_name_color">#ff000000</color>
  <color name="qs_detail_item_primary_text_color">#e6000000</color>
  <color name="notification_in_call_caller_info_color">#99000000</color>
  <color name="qs_control_header_clock_color">#ff000000</color>
  <color name="qs_brightness_background_color">#33000000</color>
  <color name="qs_detail_buttons_text_color">#e6000000</color>
  <color name="qs_control_detail_more_button_color">#e6000000</color>
  <color name="cc_qs_tile_icon_color">#ff000000</color>
  <color name="notification_panel_time_color">#ff000000</color>
  <color name="notification_action_bg_color">#1a000000</color>
  <color name="notification_overflow_number_color">#99000000</color>
  <color name="qs_cellular_detail_item_disable_icon_color">#4d000000</color>
  <color name="qs_control_customizer_sub_title_color">#99000000</color>
  <color name="notification_heads_up_bg_stroke_color">#1a000000</color>
  <color name="qs_detail_empty_icon_color">#66000000</color>
  <color name="qs_control_expand_item_title_color">#66000000</color>
  <color name="cc_qs_tile_icon_bg_color_active">H7_COLOR_SYSTEMUI</color>
  <color name="sliding_button_bar_off_light" package="miui">#26000000</color>
  <color name="qs_detail_empty_text_color">#66000000</color>
  <color name="qs_divider_color">#33000000</color>
  <color name="qs_control_customizer_title_color">#ff000000</color>
  <color name="qs_control_expand_tile_title_color">#4d000000</color>
  <color name="qs_control_header_edit_color">#ff000000</color>
  <color name="sliding_button_bar_on_light" package="miui">H7_COLOR_SYSTEMUI</color>
  <color name="qs_control_big_tile_sub_title_color">#99000000</color>
  <color name="cc_qs_tile_icon_bg_color_active_auto_brightness">#e6000000</color>
  <color name="qs_control_big_tile_title_color">#ff000000</color>
  <color name="notification_setting_button_color">H7_COLOR_SYSTEMUI</color>
  <color name="notification_group_collapsed_button_color">H7_COLOR_SYSTEMUI</color>
  <color name="qs_control_header_date_color">#99000000</color>
  <color name="optimized_heads_up_notification_action_text">#b3000000</color>
  <dimen name="panel_content_corner_radius"/>
  <color name="qs_control_detail_selected_color">H7_COLOR_SYSTEMUI_DISABLED</color>
  <color name="qs_page_indicator_dot_color">#ff000000</color>
  <color name="qs_detail_item_inactivated_color">#4d000000</color>
  <color name="qs_tile_icon_bg_enabled_color">H7_COLOR_SYSTEMUI</color>
  <color name="qs_control_detail_header_text_color">#ff000000</color>
  <color name="qs_control_tile_icon_enable_color">H7_COLOR_SYSTEMUI</color>
  <color name="sliding_btn_slider_off_normal_color_light" package="miui">#ff000000</color>
  <color name="qs_control_brightness_progress_color">#e6000000</color>
  <color name="notification_panel_manage_color">#ff000000</color>
  <dimen name="notification_heads_up_bg_radius">17.46dp</dimen>
  <color name="qs_control_customizer_tiles_save_text_color">#b3000000</color>
  <color name="qs_control_header_tiles_title_color">#ff000000</color>
  <color name="notification_guts_bg_color">#4de4f1ff</color>
  <color name="qs_control_tile_label_text_color">#e6000000</color>
  <bool name="battery_meter_use_legacy_drawable">false</bool>
  <color name="notification_child_bg_color">#1a000000</color>
  <color name="qs_tile_icon_disabled_color">#ff000000</color>
  <color name="sliding_btn_slider_on_pressed_color_light" package="miui">#ff000000</color>
  <color name="notification_bg_color">#33000000</color>
  <color name="qs_control_tile_text_unavailable_color">#4d000000</color>
  <color name="status_bar_network_flow_exceed_color">#ffb172ff</color>
  <color name="qs_control_detail_bg_color">#33000000</color>
  <color name="recent_tick_anim_color">#ff43c773</color>
  <color name="cc_qs_tile_icon_color_off">#ff000000</color>
  <color name="qs_detail_button_pressed_color">#1a000000</color>
  <color name="qs_control_expand_tile_unit_color">#80000000</color>
  <color name="optimized_heads_up_notification_text">#e6000000</color>
  <color name="qs_detail_item_selected_color">H7_COLOR_SYSTEMUI</color>
  <color name="qs_control_big_tile_white_bg">#f7000000</color>
  <color name="qs_footer_data_usage_divider_color">#33000000</color>
  <color name="qs_tile_label_text_color">#b3000000</color>
  <color name="cc_qs_tile_icon_bg_color_active_battery_related">#ffffa133</color>
  <color name="qs_control_tiles_expand_indicator_color">#e6000000</color>
  <color name="sliding_btn_slider_off_pressed_color_light" package="miui">#ff000000</color>
  <color name="qs_control_detail_more_button_bg_color">#1a000000</color>
  <color name="qs_detail_title_text_color">#ff000000</color>
  <color name="notification_menu_bg_color">#33000000</color>
  <color name="qs_control_header_settings_color">#ff000000</color>
  <dimen name="qs_control_brightness_corner_radius"/>
  <color name="qs_control_big_tile_title_color_off">#ff000000</color>
  <color name="qs_footer_data_usage_text_color">#66000000</color>
  <color name="qs_control_customizer_tiles_save_bg_color">#ff000000</color>
  <color name="hybrid_overflow_number_bg">#1a000000</color>
  <color name="qs_control_expand_tile_sub_title_color">#e6000000</color>
  <color name="qs_detail_item_secondary_text_color">#99000000</color>
  <color name="notification_time_color">#99000000</color>
  <color name="qs_tile_icon_bg_disabled_color">#1a000000</color>
  <color name="qs_control_customizer_others_title_color">#ff000000</color>
  <color name="sliding_btn_slider_on_normal_color_light" package="miui">#ff000000</color>
  <color name="qs_control_expand_tile_detail_selected_color">H7_COLOR_SYSTEMUI_DISABLED</color>
  <color name="qs_tile_icon_enabled_color">H7_COLOR_SYSTEMUI_ICONS</color>
  <color name="qs_tile_app_label_text_color">#4d000000</color>
  <color name="notification_heads_up_bg_color">H7_ACTIONBAR</color>
  <color name="qs_control_expand_item_unit_color">#99000000</color>
  <color name="qs_control_expand_item_sub_title_color">#e6000000</color>
  <color name="qs_control_tile_icon_unavailable_color">#26000000</color>
  <color name="qs_customize_title_text_color">#ff000000</color>
  <color name="qs_control_big_tile_green_bg">#ff06cb6c</color>
  
  
  	<color name="notification_panel_background">H7_COLOR_QSBG</color>
	<color name="notification_material_background_color">H7_COLOR_QSBG</color>
	<color name="notification_shade_background_color">H7_COLOR_QSBG</color>
	<color name="qs_detail_background_color">H7_COLOR_QSBG</color>
	<color name="qs_panel_background_color">H7_COLOR_QSBG</color>
</MIUI_Theme_Values>
