<?xml version="1.0" encoding="utf-8"?>

<MIUI_Theme_Values template="DarkTemplate">
  <color name="hint_edit_text_dialog_color_light" package="miui">#66000000</color>
  <color name="record_audio_btn_editor_p">#1a000000</color>
  <color name="text_color_message_alert_highlight_pressed">#ffffffee</color>
  <color name="normal_card_text_primary">#e6000000</color>
  <color name="svg_icon_color_pressed">#99000000</color>
  <color name="verification_activity_background">H7_BACKGROUND</color>
  <color name="card_body_bg">H7_ACTIONBAR</color>
  <color name="text_color_message_in">#e6000000</color>
  <color name="list_text_color_checked_light" package="miui">#e6000000</color>
  <color name="edit_text_color_light" package="miui">#e6000000</color>
  <color name="dialog_list_text_color_normal_light" package="miui">#e6000000</color>
  <color name="dialog_checkbox_text_color_light" package="miui">#99000000</color>
  <color name="divider_color_light" package="miui">#0d000000</color>
  <color name="button_text_color_light" package="miui">#99000000</color>
  <color name="word_photo_color" package="miui">#f4000000</color>
  <color name="text_edit_action_popup_more_normal_light" package="miui">H7_COLOR_DIALER</color>
  <color name="text_color_message_out">#e6000000</color>
  <color name="miuix_sbl_locked_blue">H7_COLOR_DIALER</color>
  <color name="bright_foreground_light_disabled" package="miui">#4d000000</color>
  <color name="edit_text_search_bg_color_light" package="miui">#1a000000</color>
  <color name="checkbox_btn_on_background_color_light" package="miui">H7_COLOR_DIALER</color>
  <color name="button_text_color_guide_normal_light" package="miui">#ff000000</color>
  <color name="action_mode_button_text_color_normal_light" package="miui">#e6000000</color>
  <color name="verfication_card_text_primary">#e6000000</color>
  <color name="text_color_message_alert_highlight">#ffffffee</color>
  <color name="text_color_message_alert_secondary">#99000000</color>
  <color name="recommend_bar_message_color">#66000000</color>
  <color name="text_edit_action_popup_summary_normal_light" package="miui">#99000000</color>
  <color name="immersion_text_color_normal_light" package="miui">#e6000000</color>
  <color name="dialog_bg_color_light" package="miui">H7_ACTIONBAR</color>
  <color name="number_picker_hint_text_color" package="miui">#99000000</color>
  <color name="text_color_message_out_mx">#e6000000</color>
  <integer name="window_translucent_status" package="miui">2</integer>
  <color name="edit_text_search_hint_color_light" package="miui">#66000000</color>
  <color name="fab_bg_color">#ffffbb00</color>
  <color name="recommend_bar_title_color">#e6000000</color>
  <color name="view_press_mask">#1a000000</color>
  <color name="train_card_action_text_primary">H7_COLOR_DIALER</color>
  <color name="text_select_item_bg_color_pressed_light" package="miui">#0d000000</color>
  <color name="text_color_message_alert_pressed">#ffffffee</color>
  <color name="dialog_message_text_color_light" package="miui">#e6000000</color>
  <color name="preference_primary_text_color_pressed_light" package="miui">#e6000000</color>
  <color name="text_edit_action_popup_info_normal_light" package="miui">#66000000</color>
  <color name="contact_card_item_tag_text_color">#99000000</color>
  <color name="list_view_item_group_header_text_light" package="miui">#66000000</color>
  <color name="text_color_attachment_type">#e6000000</color>
  <color name="blank_page_text_color_light" package="miui">#66000000</color>
  <color name="sliding_button_bar_off_light" package="miui">#26000000</color>
  <color name="list_item_bg_color_checked_light" package="miui">H7_COLOR_DIALER_DISABLED</color>
  <color name="audio_bottom_color">H7_COLOR_DIALER</color>
  <color name="dropdown_popup_list_item_bg_pressed_light" package="miui">#0d000000</color>
  <color name="list_secondary_text_color_pressed_light_message">#99000000</color>
  <color name="recommend_bar_home_background_color">#1a000000</color>
  <color name="action_title_color_light" package="miui">#cc000000</color>
  <color name="miuix_sbl_locked_text_gray">#e6000000</color>
  <color name="checkbox_btn_on_foreground_color_light" package="miui">#ff000000</color>
  <color name="menu_list_text_color_disabled_light" package="miui">#4d000000</color>
  <color name="list_secondary_text_color_pressed_light" package="miui">#99000000</color>
  <color name="slide_controler_bg">#1a000000</color>
  <color name="miuix_preference_list_secondary_text_color_normal_light">#99000000</color>
  <color name="action_bar_subtitle_text_light" package="miui">#99000000</color>
  <color name="list_secondary_text_color_disable_light" package="miui">#4d000000</color>
  <color name="card_original_text_primary">#e6000000</color>
  <color name="edit_text_search_color_light" package="miui">#e6000000</color>
  <color name="svg_icon_color_normal_light" package="miui">#e6000000</color>
  <color name="miuix_preference_list_secondary_text_color_checked_light">#99000000</color>
  <color name="edit_text_border_color" package="miui">H7_COLOR_DIALER</color>
  <color name="action_bar_tab_text_color_pressed_light" package="miui">#cc000000</color>
  <color name="text_color_message_out_pressed">#e6000000</color>
  <color name="checkbox_btn_disable_background_color_light" package="miui">#ff000000</color>
  <color name="sim_number_color_normal">#99000000</color>
  <color name="text_edit_action_popup_text_pressed" package="miui">H7_COLOR_DIALER</color>
  <color name="button_bg_primary_color_normal_light" package="miui">H7_COLOR_DIALER</color>
  <color name="svg_icon_color_pressed_light" package="miui">#99000000</color>
  <color name="list_secondary_text_color_checked_light" package="miui">#99000000</color>
  <color name="text_color_message_out_sendtitle">#ffffffee</color>
  <color name="contact_card_bg_color_p">#1a000000</color>
  <color name="sliding_btn_slider_off_normal_color_light" package="miui">#ff000000</color>
  <color name="contact_card_bg_color_n">#1a000000</color>
  <color name="card_background_covered_bg_n">#1a000000</color>
  <color name="contact_card_title_text_color">#e6000000</color>
  <color name="edit_text_dialog_bg_solid_light" package="miui">H7_ACTIONBAR</color>
  <color name="miuix_preference_primary_text_color_light">#e6000000</color>
  <color name="tab_active_text_color">#cc000000</color>
  <color name="text_color_message_alert_secondary_pressed">#99000000</color>
  <color name="dropdown_popup_list_item_bg_normal_light" package="miui">#00000000</color>
  <color name="preference_primary_text_color_disable_light" package="miui">#4d000000</color>
  <integer name="checkwidget_stroke_disable_alpha_light" package="miui">25</integer>
  <color name="miuix_preference_first_last_divider_line_light">#1a000000</color>
  <color name="miuix_preference_arrow_right_disable_fill_color_light">#4d000000</color>
  <color name="button_bg_primary_color_disabled_light" package="miui">#15000000</color>
  <color name="sliding_btn_slider_on_pressed_color_light" package="miui">#ff000000</color>
  <color name="new_card_body_bg">#1a000000</color>
  <color name="miuix_preference_list_secondary_text_color_disable_light">#4d000000</color>
  <color name="miuix_preference_arrow_right_pressed_fill_color_light">#66000000</color>
  <color name="text_select_item_bg_color_normal_light" package="miui">#00000000</color>
  <color name="svg_icon_color_blue_disable_light" package="miui">#4d000000</color>
  <color name="checkbox_btn_stroke_color_light" package="miui">#ff000000</color>
  <color name="text_edit_action_popup_text_normal" package="miui">#e6000000</color>
  <color name="new_message_label_color">#66000000</color>
  <color name="tab_list_card_border">#26000000</color>
  <color name="number_picker_label_color" package="miui">H7_COLOR_DIALER</color>
  <color name="text_color_attachment_edit_phrase">H7_COLOR_DIALER</color>
  <color name="dropdown_popup_list_text_color_normal_light" package="miui">#e6000000</color>
  <color name="normal_card_text_secondary">#99000000</color>
  <color name="ic_contact_card_arrow_right_color">#66000000</color>
  <color name="miuix_preference_secondary_text_color_light">#66000000</color>
  <color name="progressbar_indeterminate_circle_color_light" package="miui">#e6000000</color>
  <color name="button_bg_color_warn_normal_light" package="miui">H7_COLOR_DIALER</color>
  <color name="dialog_list_text_color_pressed_light" package="miui">#e6000000</color>
  <color name="unread_icon">H7_COLOR_DIALER</color>
  <color name="dropdown_popup_list_text_color_checked_light" package="miui">H7_COLOR_DIALER</color>
  <color name="recent_recipient_text_bg_color">#1a000000</color>
  <integer name="window_translucent_status">2</integer>
  <color name="dialog_primary_text">#e6000000</color>
  <color name="dialog_list_text_color_disabled_light" package="miui">#4d000000</color>
  <color name="action_mode_button_text_color_selected_light" package="miui">H7_COLOR_DIALER</color>
  <color name="recipient_text_color">#e6000000</color>
  <color name="svg_icon_color_normal">#e6000000</color>
  <color name="text_color_message_out_mx_pressed">#e6000000</color>
  <color name="folme_color_touch_tint" package="miui">#0d000000</color>
  <color name="bright_foreground_light" package="miui">#e6000000</color>
  <color name="hint_edit_text_color_light">#66000000</color>
  <color name="recent_label_text_color">#66000000</color>
  <color name="miuix_preference_primary_text_color_disable_light">#4d000000</color>
  <color name="action_bar_title_text_color_light" package="miui">#cc000000</color>
  <color name="action_button_text_color_pressed_light" package="miui">#99000000</color>
  <color name="audio_progress_window_background">#99000000</color>
  <color name="tab_normal_text_color">#66000000</color>
  <color name="tab_list_header_title">#99000000</color>
  <color name="text_color_message_out_sendtitle_pressed">#ffffffee</color>
  <color name="immersion_text_color_disable_light" package="miui">#4d000000</color>
  <color name="sliding_btn_slider_on_normal_color_light" package="miui">#ff000000</color>
  <color name="list_secondary_text_color_disable_light_message">#99000000</color>
  <color name="list_text_color_pressed_light" package="miui">#e6000000</color>
  <color name="verification_code_raw_content_divider_color">#1a000000</color>
  <color name="card_divider_bg">#1a000000</color>
  <color name="bottom_menu_text_color">#e6000000</color>
  <color name="hint_edit_text_color_light" package="miui">#66000000</color>
  <color name="card_background_covered_bg_p">#1a000000</color>
  <color name="screen_view_seek_point_highlight">#e6000000</color>
  <color name="understand_button_text">#ff35c878</color>
  <color name="recent_recipient_checked_text_color">#4d000000</color>
  <color name="bottom_sub_menu_bg_color">H7_ACTIONBAR</color>
  <color name="text_color_attachment_type_name">#e6000000</color>
  <color name="card_bottom_button_bg">#1a000000</color>
  <color name="contact_card_item_title_text_color">#e6000000</color>
  <color name="record_audio_dialog_bg">H7_ACTIONBAR</color>
  <color name="flatshow_pageno_text_color">#e6000000</color>
  <color name="mask_view_pressed">#0d000000</color>
  <color name="dropdown_popup_list_text_color_pressed_light" package="miui">#e6000000</color>
  <color name="card_bottom_menu_button_color">#1a000000</color>
  <color name="sim_button_container_color">H7_ACTIONBAR</color>
  <color name="new_border_color">#1a000000</color>
  <color name="audio_item_out_text_color">#e6000000</color>
  <color name="miuix_preference_category_text_color_light">#66000000</color>
  <color name="verficationl_card_text_secondary">#99000000</color>
  <color name="sms_card_body_secondary">#99000000</color>
  <integer name="checkwidget_background_normal_alpha_light" package="miui">25</integer>
  <color name="button_bg_primary_color_pressed_light" package="miui">H7_COLOR_DIALER</color>
  <integer name="checkwidget_stroke_normal_alpha_light" package="miui">50</integer>
  <color name="button_bg_color_warn_pressed_light" package="miui">H7_COLOR_DIALER</color>
  <color name="bank_subtitle_color">#66d9e0ff</color>
  <color name="link_text_color_normal">H7_COLOR_DIALER</color>
  <color name="miuix_preference_list_secondary_text_color_pressed_light">#99000000</color>
  <color name="miuix_appcompat_cloud_count_normal_text_color_light">#99000000</color>
  <color name="audio_progress_title_disabled">H7_COLOR_DIALER</color>
  <color name="message_bubble_in_bg_p">#1a000000</color>
  <color name="message_bubble_in_bg_n">#1a000000</color>
  <color name="link_text_light" package="miui">H7_COLOR_DIALER</color>
  <color name="action_bar_tab_text_color_normal_light" package="miui">#99000000</color>
  <color name="miuix_preference_secondary_text_color_disable_light">#4d000000</color>
  <color name="menu_list_text_color_pressed_light" package="miui">#e6000000</color>
  <color name="miuix_appcompat_cloud_status_highlight_text_color_light">#fff22424</color>
  <color name="card_original_text_color">#e6000000</color>
  <color name="verfication_card_bottom_button_bg">#1a000000</color>
  <color name="text_color_mi_recipient">H7_COLOR_DIALER</color>
  <color name="understand_float_text_color">H7_COLOR_DIALER</color>
  <color name="message_bubble_out_bg_n">#ff10975e</color>
  <color name="miuix_appcompat_cloud_status_normal_text_color_light">#66000000</color>
  <color name="message_bubble_out_bg_p">#ff10975e</color>
  <color name="highlight_disabled_light" package="miui">H7_COLOR_DIALER_PRESS</color>
  <color name="new_message_popup_sender_color">#cc000000</color>
  <color name="miuix_sbl_locked_gray">#e6000000</color>
  <color name="list_secondary_text_color_disable_light">#4d000000</color>
  <color name="miuix_folme_color_touch_tint">#0d000000</color>
  <color name="svg_icon_color_red_normal_light" package="miui">#fff22424</color>
  <color name="recommend_bar_button_close_text_color">#99000000</color>
  <color name="list_item_bg_color_pressed_light" package="miui">#0d000000</color>
  <color name="action_mode_button_text_color_disable_light" package="miui">#4d000000</color>
  <color name="svg_icon_color_blue_normal_light" package="miui">H7_COLOR_DIALER</color>
  <color name="sim_indicator_color_normal">#e6000000</color>
  <color name="action_button_text_color_disable_light" package="miui">#4d000000</color>
  <color name="contact_card_divider_color">#1a000000</color>
  <color name="svg_icon_color_disable">#4d000000</color>
  <color name="card_body_text_color">#99000000</color>
  <color name="immersion_text_color_pressed_light" package="miui">#e6000000</color>
  <color name="number_picker_highlight_text_color" package="miui">H7_COLOR_DIALER</color>
  <color name="text_color_message_out_highlight">#ffffffee</color>
  <color name="text_color_bottom_menu_button">H7_COLOR_DIALER</color>
  <color name="sliding_button_bar_on_light" package="miui">H7_COLOR_DIALER</color>
  <color name="edit_text_dialog_color_disabled_light" package="miui">#4d000000</color>
  <color name="text_color_message_out_highlight_pressed">#ffffffee</color>
  <color name="preference_primary_text_color_light" package="miui">#e6000000</color>
  <color name="miuix_preference_secondary_text_color_checked_light">#66000000</color>
  <color name="card_border">#26000000</color>
  <color name="miuix_sbl_locked_text_blue">H7_COLOR_DIALER</color>
  <color name="list_text_color_normal_light" package="miui">#e6000000</color>
  <color name="flat_list_title_color">#cc000000</color>
  <color name="list_text_color_disable_light" package="miui">#4d000000</color>
  <color name="ic_insert_contact_color">H7_COLOR_DIALER</color>
  <color name="miuix_appcompat_cloud_state_message_bg_color_normal_light">#1a000000</color>
  <color name="action_button_text_color_normal_light" package="miui">#e6000000</color>
  <color name="list_secondary_text_color_normal_light_message">#99000000</color>
  <color name="hint_foreground_light" package="miui">#66000000</color>
  <color name="text_edit_action_popup_title_normal_light" package="miui">#e6000000</color>
  <color name="conversation_date_color">#66000000</color>
  <color name="svg_icon_color_blue_selected_light" package="miui">H7_COLOR_DIALER</color>
  <color name="border_color">#26000000</color>
  <color name="dialog_tertiary_text">#99000000</color>
  <color name="record_audio_btn_editor">#1a000000</color>
  <color name="list_secondary_text_color_pressed_light">#99000000</color>
  <color name="edit_text_dialog_color_normal_light" package="miui">#e6000000</color>
  <color name="mi_message_bubble_out_bg_p">H7_COLOR_DIALER</color>
  <color name="list_secondary_text_color_normal_light">#99000000</color>
  <color name="mi_message_bubble_out_bg_n">H7_COLOR_DIALER</color>
  <color name="understand_button_color">#1a000000</color>
  <color name="dropdown_popup_list_text_color_disabled_light" package="miui">#4d000000</color>
  <color name="search_action_mode_cancel_text_color_pressed" package="miui">#99000000</color>
  <color name="audio_item_in_text_color">#e6000000</color>
  <color name="button_send_slot_bg_p">H7_COLOR_DIALER_DISABLED</color>
  <color name="text_color_recipient_item">#e6000000</color>
  <color name="highlight_text_color">H7_COLOR_DIALER</color>
  <color name="highlight_normal_light" package="miui">H7_COLOR_DIALER</color>
  <color name="security_alert_hint_text_color">#99000000</color>
  <color name="sim_indicator_color_selected">H7_COLOR_DIALER</color>
  <color name="list_secondary_text_color_normal_light" package="miui">#99000000</color>
  <color name="tab_list_header_date">#4d000000</color>
  <color name="svg_icon_color_red_pressed_light" package="miui">#99000000</color>
  <color name="screen_view_seek_point_normal">#4d000000</color>
  <color name="text_color_black">#e6000000</color>
  <color name="dropdown_popup_list_item_bg_checked_light" package="miui">H7_COLOR_DIALER_DISABLED</color>
  <color name="recommend_bar_button_ok_text_color">H7_COLOR_DIALER</color>
  <color name="miuix_preference_arrow_right_normal_fill_color_light">#66000000</color>
  <color name="text_color_message_in_highlight_pressed">H7_COLOR_DIALER</color>
  <color name="highlight_pressed_light" package="miui">H7_COLOR_DIALER</color>
  <color name="button_text_color_guide_disabled_light" package="miui">#4d000000</color>
  <color name="disabled_text_light" package="miui">#4d000000</color>
  <color name="audio_progress_title_normal">#e6000000</color>
  <color name="security_alert_color">H7_COLOR_DIALER</color>
  <color name="action_button_text_color_selected_light" package="miui">H7_COLOR_DIALER</color>
  <color name="sliding_btn_slider_off_pressed_color_light" package="miui">#ff000000</color>
  <color name="edit_text_bg_color_light" package="miui">H7_ACTIONBAR</color>
  <color name="dialog_list_text_color_checked_light" package="miui">#e6000000</color>
  <color name="menu_list_text_color_normal_light" package="miui">#e6000000</color>
  <color name="text_color_attachment_type_name_disabled">#4d000000</color>
  <color name="action_mode_button_text_color_pressed_light" package="miui">#99000000</color>
  <color name="action_mode_title_text_color_light" package="miui">#cc000000</color>
  <color name="dialog_title_text_color" package="miui">#e6000000</color>
  <color name="sim_card_number_color">#99000000</color>
  <color name="text_color_message_in_pressed">#e6000000</color>
  <color name="svg_icon_color_red_disable_light" package="miui">#4d000000</color>
  <color name="search_action_mode_cancel_text_color_normal" package="miui">H7_COLOR_DIALER</color>
  <color name="svg_icon_color_blue_pressed_light" package="miui">#99000000</color>
  <integer name="checkwidget_background_disable_alpha_light" package="miui">12</integer>
  <color name="dialog_secondary_text">#99000000</color>
  <color name="action_bar_tab_text_color_selected_light" package="miui">H7_COLOR_DIALER</color>
  <color name="text_color_message_in_highlight">H7_COLOR_DIALER</color>
  <color name="svg_icon_color_disable_light" package="miui">#4d000000</color>
  <color name="audio_bottom_default_color">#e6000000</color>
  <color name="verfication_card_action_text_primary">#e6000000</color>
  <color name="text_color_message_alert">#ffffffee</color>
</MIUI_Theme_Values>
