<?xml version="1.0" encoding="UTF-8"?><resources>

    <color name="hisync_sdk_emui_accent">H7_ACCENT_COLOR</color>
    
    
    
    
	
    
    
    
    
    
    
    
    
    <color name="bottom_tab_home_active_color">H7_ACCENT_COLOR</color>
    <color name="bottom_tab_home_active_color_private">H7_ACCENT_COLOR</color>
    
    
    
    <color name="btn_blue">H7_ACCENT_COLOR</color>
    
    
    
    <color name="cloud_sync_bg_color">H7_ACTIONBAR</color>
    
    
    
    
    
    
    
    
    
    <color name="comments_color_text_unfold">H7_ACCENT_COLOR</color>
    <color name="comments_detail_action_bar_bg">H7_BACKGROUND</color>
    
    <color name="comments_detail_bg_color">H7_BACKGROUND</color>
    <color name="comments_emui_color_bg">H7_BACKGROUND</color>
    
    
    <color name="comments_popup_comment_bg_color">H7_BACKGROUND</color>
    
    
    
    
    
    <color name="drawable_location_bar_bg">H7_BACKGROUND</color>
    <color name="drawable_location_bar_bg_private">H7_ACTIONBAR</color>
    <color name="editor_cursor_light">H7_ACCENT_COLOR</color>
    <color name="emui_accent">H7_ACCENT_COLOR</color>
    
    <color name="emui_accent_pressed">H7_ACCENT_COLOR</color>
    <color name="emui_activated">H7_ACCENT_COLOR</color>
    <color name="emui_activated_end">H7_ACCENT_COLOR</color>
    <color name="emui_activated_start">H7_ACCENT_COLOR</color>
    <color name="emui_appbar_bg">H7_BACKGROUND</color>
    
    
    <color name="emui_appbar_subbg">H7_BACKGROUND</color>
    
    
    
    
    
    <color name="emui_bottombar_bg">H7_BACKGROUND</color>
    <color name="emui_bottombar_bg_blur">H7_BACKGROUND</color>
    
    
    
    <color name="emui_bottombar_icon_on">H7_ACCENT_COLOR</color>
    <color name="emui_bottombar_icon_on_auxcolor_02">H7_ACCENT_COLOR_PRESS</color>
    <color name="emui_bottombar_subbg">H7_BACKGROUND</color>
    <color name="emui_bottombar_subbg_blur">H7_BACKGROUND</color>
    
    <color name="emui_bottombar_text_on">H7_ACCENT_COLOR</color>
    <color name="emui_bottomsheet_bg">H7_ACTIONBAR</color>
    
    
    <color name="emui_card_bg">H7_ACTIONBAR</color>
    <color name="emui_card_panel_bg">H7_ACTIONBAR</color>
    <color name="emui_center_color">H7_ACCENT_COLOR</color>
    
    
    
    
    <color name="emui_color_2">H7_ACCENT_COLOR</color>
    <color name="emui_color_3">H7_ACCENT_COLOR</color>
    
    
    
    
    
    
    <color name="emui_color_badge">H7_ACCENT_COLOR</color>
    <color name="emui_color_bg">H7_BACKGROUND</color>
    <color name="emui_color_bg_floating">H7_ACTIONBAR</color>
    
    
    
    
    
    
    <color name="emui_color_fg_2">H7_ACCENT_COLOR</color>
    <color name="emui_color_fg_3">H7_ACCENT_COLOR</color>
    
    
    
    
    
    
    
    
    
    <color name="emui_color_gray_1">H7_ACTIONBAR</color>
    
    <color name="emui_color_gray_2">H7_ACTIONBAR</color>
    <color name="emui_color_gray_3">H7_ACTIONBAR</color>
    <color name="emui_color_gray_4">H7_ACTIONBAR</color>
    
    
    
    
    
    
    
    
    
    <color name="emui_color_subbg">H7_BACKGROUND</color>
    
    
    <color name="emui_color_text_highlight">H7_ACCENT_COLOR_PRESS</color>
    <color name="emui_color_text_link">H7_ACCENT_COLOR</color>
    
    
    
    
    <color name="emui_color_tips_bg">H7_ACTIONBAR</color>
    <color name="emui_color_tooltips_bg">H7_ACTIONBAR</color>
    
    <color name="emui_control_focused">H7_ACCENT_COLOR</color>
    <color name="emui_control_focused_outline">H7_ACCENT_COLOR</color>
    <color name="emui_control_highlight">H7_ACCENT_COLOR</color>
    
    
    
    <color name="emui_dialog_bg">H7_ACTIONBAR</color>
    <color name="emui_end_color">H7_ACCENT_COLOR</color>
    <color name="emui_fab_bg_normal">H7_ACCENT_COLOR</color>
    <color name="emui_fab_bg_pressed">H7_ACCENT_COLOR</color>
    <color name="emui_fab_shadow_end">H7_ACCENT_COLOR_DISABLED</color>
    <color name="emui_fab_shadow_start">H7_ACCENT_COLOR_DISABLED</color>
    
    
    
    <color name="emui_functional_blue">H7_ACCENT_COLOR</color>
    <color name="emui_functional_blue_disable">H7_ACCENT_COLOR_DISABLED</color>
    
    
    
    
    
    
    
    
    
    
    
    
    
    
    
    
    
    <color name="emui_start_color">H7_ACCENT_COLOR</color>
    <color name="emui_subtab_bg">H7_BACKGROUND</color>
    <color name="emui_subtab_line_on">H7_ACCENT_COLOR</color>
    
    <color name="emui_subtab_text_on">H7_ACCENT_COLOR</color>
    
    
    
    
    
    
    
    
    
    <color name="emui_toolbar_bg">H7_BACKGROUND</color>
    
    <color name="emui_toolbar_icon_actived">H7_ACCENT_COLOR</color>
    <color name="emui_toolbar_subbg">H7_BACKGROUND</color>
    
    <color name="emui_toolbar_text_actived">H7_ACCENT_COLOR</color>
    
    <color name="emui_white_bg">H7_BACKGROUND</color>
    <color name="engine_location_bar_bg">H7_BACKGROUND</color>
    
    <color name="fake_dialog_bg">H7_ACTIONBAR</color>
    
    <color name="faq_emui_accent">H7_ACCENT_COLOR</color>
    <color name="faq_emui_color_gray_10">H7_ACTIONBAR</color>
    
    
    <color name="faq_emui_white_bg">H7_BACKGROUND</color>
    <color name="faq_sdk_action_bar_grey">H7_ACTIONBAR</color>
    
    <color name="faq_sdk_btn_blue">H7_ACCENT_COLOR</color>
    <color name="faq_sdk_category_menu_bg">H7_ACTIONBAR</color>
    <color name="faq_sdk_dialog_bg">H7_ACTIONBAR</color>
    
    
    <color name="faq_sdk_label_highlight_text_color_normal">H7_ACCENT_COLOR</color>
    
    
    
    
    
    
    <color name="faq_sdk_notice_view_background">H7_BACKGROUND</color>
    
    <color name="faq_sdk_notice_view_pad_background">H7_BACKGROUND</color>
    <color name="faq_sdk_online_them">H7_BACKGROUND</color>
    <color name="faq_sdk_pop_menu_bg">H7_ACTIONBAR</color>
    
    
    
    <color name="faq_sdk_share_bg">H7_ACTIONBAR</color>
    <color name="faq_sdk_white_bg">H7_BACKGROUND</color>
    
    <color name="feedback_sdk_action_bar_grey">H7_ACTIONBAR</color>
    
    
    
    
    <color name="feedback_sdk_common_btn_blue">H7_ACCENT_COLOR</color>
    <color name="feedback_sdk_dialog_bg">H7_ACTIONBAR</color>
    
    
    
    
    
    
    <color name="feedback_sdk_notice_view_background">H7_BACKGROUND</color>
    
    <color name="feedback_sdk_notice_view_pad_background">H7_BACKGROUND</color>
    
    <color name="feedback_sdk_problem_photo_bg">H7_ACTIONBAR</color>
    <color name="feedback_sdk_problem_question_info_bg">H7_ACTIONBAR</color>
    
    
    
    
    
    <color name="feedback_sdk_problem_recycle_select_question_type_bg">H7_ACCENT_COLOR</color>
    
    <color name="feedback_sdk_problem_submit_normol_bg">H7_ACCENT_COLOR</color>
    <color name="feedback_sdk_problem_submit_select_bg">H7_ACCENT_COLOR</color>
    <color name="feedback_sdk_problem_submit_text">H7_ACCENT_COLOR</color>
    <color name="feedback_sdk_tab_slider_bg_color_selected">H7_ACCENT_COLOR</color>
    <color name="feedback_sdk_tab_slider_bg_color_selected_50">H7_ACCENT_COLOR_PRESS</color>
    
    
    <color name="feedback_tab_text_color_selected_20">H7_ACCENT_COLOR_DISABLED</color>
    
    
    
    
    <color name="feedskit_city_label_letter_color">H7_ACTIONBAR</color>
    
    
    
    <color name="feedskit_comments_badge_color">H7_ACTIONBAR</color>
    
    
    
    <color name="feedskit_detail_column_normal">H7_BACKGROUND</color>
    
    <color name="feedskit_detail_menu_bg_stander">H7_ACTIONBAR</color>
    
    
    
    
    
    <color name="feedskit_emui_accent_browser_theme">H7_ACCENT_COLOR</color>
    
    <color name="feedskit_emui_color_bg_browser_theme">H7_BACKGROUND</color>
    
    
    
    <color name="feedskit_emui_functional_blue_browser_theme">H7_ACCENT_COLOR</color>
    <color name="feedskit_history_navigation_bg">H7_ACTIONBAR</color>
    
    
    <color name="feedskit_info_flow_loading_bg">H7_BACKGROUND</color>
    
    
    
    
    <color name="feedskit_navbar_bg">H7_ACTIONBAR</color>
    
    
    <color name="feedskit_negative_feedback_bg">H7_ACTIONBAR</color>
    
    
    
    <color name="feedskit_news_delete_bg">H7_ACTIONBAR</color>
    <color name="feedskit_news_delete_button_bg_normal">H7_ACTIONBAR</color>
    <color name="feedskit_news_delete_button_bg_normal_pad">H7_ACTIONBAR</color>
    <color name="feedskit_newsfeed_menu_darkmode_text_color">H7_ACCENT_COLOR</color>
    <color name="feedskit_ntp_pps_download_press_color">H7_ACCENT_COLOR</color>
    
    <color name="feedskit_ntp_pps_download_view_color">H7_BACKGROUND</color>
    
    
    
    
    <color name="feedskit_tips_open_color">H7_ACCENT_COLOR</color>
    
    
    
    
    
    
    
    <color name="font_setting_search_view_bg">H7_ACTIONBAR</color>
    <color name="font_setting_view_bg">H7_ACTIONBAR</color>
    
    
    <color name="hiad_open_btn_pressed_bg">H7_ACTIONBAR</color>
    
    
    
    <color name="hw_split_actionbar_bg">H7_ACTIONBAR</color>
    <color name="hwadvancedcardview_Shadow_Color_light">H7_BACKGROUND</color>
    <color name="hwalphaindexerlistview_label_shadow_color">H7_BACKGROUND</color>
    <color name="hwalphaindexerlistview_text_bg_color">H7_ACCENT_COLOR_DISABLED</color>
    <color name="hwbottomnavigationview_blur_color">H7_ACTIONBAR</color>
    
    <color name="hwbubblelayout_shadow_color_light">H7_BACKGROUND</color>
    <color name="hwbutton_color_emui_accent_disable">H7_ACCENT_COLOR_DISABLED</color>
    
    
    <color name="hwbutton_functional_blue_disable">H7_ACCENT_COLOR_DISABLED</color>
    
    
    
    
    
    
    
    
    
    <color name="hwspinner_list_shadow_color">H7_BACKGROUND</color>
    <color name="hwsubtab_indicator_color">H7_ACCENT_COLOR</color>
    <color name="hwsubtab_subtab_text_on">H7_ACCENT_COLOR</color>
    
    
    <color name="id_fa_color_activated">H7_ACCENT_COLOR</color>
    
    <color name="id_fa_color_background">H7_ACTIONBAR</color>
    <color name="id_fa_color_background_blur">H7_ACTIONBAR</color>
    
    
    
    <color name="id_fa_color_emphasize">H7_ACCENT_COLOR</color>
    <color name="id_fa_color_emphasize_outline">H7_ACCENT_COLOR</color>
    
    
    
    
    
    
    
    
    
    
    
    
    
    <color name="id_fa_color_palette2">H7_ACCENT_COLOR</color>
    <color name="id_fa_color_palette3">H7_ACCENT_COLOR</color>
    
    
    
    
    
    
    <color name="id_fa_color_sub_background">H7_ACTIONBAR</color>
    
    <color name="id_fa_color_text_activated">H7_ACCENT_COLOR</color>
    
    
    
    
    
    
    
    <color name="language_tips_layout_color">H7_ACTIONBAR</color>
    
    
    
    
    
    <color name="main_menu_bg">H7_ACTIONBAR</color>
    <color name="main_menu_bg_landspace">H7_ACTIONBAR</color>
    <color name="main_menu_text_actived">H7_ACCENT_COLOR</color>
    
    
    
    
    
    
    
    
    
    
    <color name="navbar_bg">H7_BACKGROUND</color>
    
    
    
    <color name="omnibox_results_direct_search_item_border">#00000000</color>
    <color name="open_ad_start_bg">H7_BACKGROUND</color>
    
    
    <color name="personal_center_appbar_background">H7_ACTIONBAR</color>
    
    
    
    <color name="progress_background">H7_ACCENT_COLOR</color>
    <color name="progress_bar_foreground">H7_ACCENT_COLOR</color>
    <color name="progress_bar_mybackground">H7_ACTIONBAR</color>
    
    
    <color name="search_action_color">H7_ACCENT_COLOR</color>
    <color name="search_bar_wisdom_tips_bg">H7_ACCENT_COLOR</color>
    <color name="search_hint_color">H7_ACCENT_COLOR</color>
    
    
    <color name="search_paste_bg_normal">H7_BACKGROUND</color>
    
    <color name="searchbar_bg_private">H7_BACKGROUND</color>
    
    
    
    
    <color name="sharesdk_share_bg">H7_ACTIONBAR</color>
    <color name="sharesdk_share_bg_private">H7_ACTIONBAR</color>
    <color name="sharesdk_share_menu_bg">H7_BACKGROUND</color>
    <color name="sharesdk_share_menu_bg_private">H7_BACKGROUND</color>
    
    <color name="shortcut_add_background_color">H7_ACTIONBAR</color>
    <color name="shortcut_bookmark_card_bg_color">H7_ACTIONBAR</color>
    
    
    
    
    <color name="shortcut_icon_bg">H7_ACTIONBAR</color>
    
    
    <color name="splash_bg">H7_BACKGROUND</color>
    
    
    <color name="strip_searchbar_background">H7_ACTIONBAR</color>
    <color name="strip_searchbar_background_private">H7_ACTIONBAR</color>
    <color name="strip_tab_background">H7_ACTIONBAR</color>
    
    
    
    
    <color name="tab_selected_bg">H7_ACTIONBAR</color>
    <color name="tab_selected_bg_private">H7_ACTIONBAR</color>
    <color name="tab_split_line">H7_ACTIONBAR</color>
    
    
    <color name="tab_unselected_bg">H7_ACTIONBAR</color>
    <color name="tabitem_page_margin_color">H7_ACTIONBAR</color>
    
    <color name="text_hightLight_color">H7_ACCENT_COLOR</color>
    
    
    
    
    <color name="tool_bar_text_actived">H7_ACCENT_COLOR</color>
    <color name="upsdk_color_gray_1">H7_ACTIONBAR</color>
    
    <color name="url_or_search_text_color">H7_ACCENT_COLOR</color>
    
    
    
    <color name="wisdom_tips_detail_status_bar_bg">H7_BACKGROUND</color>
    
    
    
    <color name="feedskit_detail_column_bg">H7_ACTIONBAR</color>
    
    
    
	
	    <!--jar/aar升级时需要同步升级主题适配资源 xxx.xar/assets/dark-->
    <!--HwFeedBackSDK_5.0.7.304.aar Begin-->
    <color name="feedback_blue">H7_ACCENT_COLOR</color>
    
    <color name="feedback_transparent">#00000000</color>
    
    
    
    
    
    
    
    
    <color name="feedback_highlight_color_old">H7_ACCENT_COLOR</color>
    
    
    <color name="feedback_highlight_color">H7_ACCENT_COLOR</color>
    <color name="feedback_highlight_color_disable">H7_ACCENT_COLOR_DISABLED</color>
    <color name="feedback_highlight_color_disable_old">H7_ACCENT_COLOR_DISABLED</color>
    <color name="feedback_blue_disable">H7_ACCENT_COLOR_DISABLED</color>
    
    
    <color name="feedback_smarthelper_user_textview_bg">H7_ACCENT_COLOR</color>
    
    <color name="feedback_spannable_click_color">H7_ACCENT_COLOR</color>
    
    
    
    <color name="feedback_et_bg">H7_ACTIONBAR</color>
    
    <color name="feedback_actionbar_bg">H7_ACTIONBAR</color>
    <!--HwFeedBackSDK_5.0.7.304.aar End-->

    <!--HMS_SDK_base_2.6.1.300.aar Begin-->
    
    <!--HMS_SDK_base_2.6.1.300.aar End-->

    <!--HwBrowser Begin-->
    <!-- 深色主题适配 -->
    <color name="white">H7_BACKGROUND</color>
    
    <color name="CS_white">H7_BACKGROUND</color>
    
    
    
    
    
    
    
    
    <color name="emui_color_gray_3">H7_ACTIONBAR</color>
    <color name="emui_color_gray_2">H7_ACTIONBAR</color>
    <color name="emui_color_gray_1">H7_ACTIONBAR</color>
    
    
    <color name="splash_bg">H7_BACKGROUND</color>
    
    
    
    
    
    <color name="emui_color_2">H7_ACCENT_COLOR</color>
    <color name="emui_color_3">H7_ACCENT_COLOR</color>
    
    
    
    
    
    

    <!-- 底部导航栏 黑底 -->
    <color name="navbar_bg">H7_ACTIONBAR</color>
    <color name="feedskit_navbar_bg">H7_ACTIONBAR</color>
    <color name="feedskit_history_navigation_bg">H7_ACTIONBAR</color>

    <!-- 非第三方网页时通知栏都设为黑底白字 -->
    <color name="status_bar_white">H7_BACKGROUND</color>
    <color name="status_bar_black">H7_BACKGROUND</color>
    <color name="feedskit_status_bar_white">H7_BACKGROUND</color>
    <color name="feedskit_status_bar_black">H7_BACKGROUND</color>

    <!-- 频道名、频道管理子标题等 白字 -->
    

    <!-- 启动加载底图 -->
    <color name="below_list_layout_bg">H7_ACTIONBAR</color>

    <!-- action menus 白字 -->
    

    <!-- 分割线 白底 -->
    
    

    <!-- news delete dialog 黑底 -->
    <color name="feedskit_news_delete_bg">H7_ACTIONBAR</color>

    <!-- js modal dialog title Colors -->
    
    

    <!--HwBrowser End-->
    <color name="ntp_pps_download_view_color">H7_BACKGROUND</color>
    <!--信息流列表页背景色-->
    <color name="emui_white_bg">H7_BACKGROUND</color>

    <color name="feedskit_blur_overlay_color">H7_ACTIONBAR</color>

    <!--无痕模式下的顶部背景-->
    <color name="emui_color_gray_8_bg">H7_BACKGROUND</color>

    <!--首页-->
    

    <!--统一添加，防止与夜间模式冲突-->
    <color name="search_engine_mode_locationbar_bg">H7_BACKGROUND</color>
    <color name="ntp_bg">H7_ACTIONBAR</color>

    <!--搜索栏-->
    
    
    <color name="search_drawable_location_bar_bg">H7_BACKGROUND</color>
    <!--恶意网址-->
    
    
    
    

    <!--EMUI10引入-->
    <color name="hw_split_actionbar_bg">H7_ACTIONBAR</color>

    
    
    
    <color name="emui_color_bg">H7_BACKGROUND</color>
    <color name="emui_toolbar_bg">H7_BACKGROUND</color>
    <color name="emui_dialog_bg">H7_ACTIONBAR</color>
    
    
    
    
    <color name="hw_split_actionbar_bg">H7_ACTIONBAR</color>
    <color name="emui_accent">H7_ACCENT_COLOR</color>

    <!--海外意见反馈-->
    

    
    
    
    
    
    
    

    <!--热词相关颜色-->
    
    

    <!--搜索栏底色-->
    <color name="drawable_location_bar_bg">H7_BACKGROUND</color>
    <color name="drawable_location_bar_bg_private">H7_ACTIONBAR</color>
    <color name="engine_location_bar_bg">H7_ACTIONBAR</color>

    <!--搜索框字体颜色-->
    
    

    <!--搜索框右侧可按压字体相关颜色-->
    <color name="search_action_color">H7_ACCENT_COLOR</color>

    <!--搜索历史文字颜色-->
    

    <!-- 搜索界面复制内容展示UI -->
    
    <color name="url_or_search_text_color">H7_ACCENT_COLOR</color>
    
    <color name="search_paste_bg_normal">H7_BACKGROUND</color>

    <!-- 搜索栏背景色 -->
    
    <color name="searchbar_bg_private">H7_BACKGROUND</color>

    <!--subHeader文字颜色-->
    

    <!--搜索联想相关颜色-->
    <color name="text_hightLight_color">H7_ACCENT_COLOR</color>
    
    

    <!--网页进度条相关颜色-->
    <color name="progress_background">H7_ACCENT_COLOR</color>
    <color name="progress_bar_foreground">H7_ACCENT_COLOR</color>
    

    <!--网页视频全屏播放组件相关颜色-->
    
    

    <!-- 网页字体设置-->
    <color name="font_setting_view_bg">H7_ACTIONBAR</color>
    <color name="font_setting_search_view_bg">H7_ACTIONBAR</color>

    <!-- 页内查找-->
    
    

    <!--多窗口相关颜色-->
    
    
    <color name="multi_window_bg">H7_ACTIONBAR</color>
    <color name="multi_window_snapshot_bg">H7_BACKGROUND</color>
    
    <color name="multi_window_text_private">H7_ACCENT_COLOR</color>


    
    <color name="emui_functional_blue">H7_ACCENT_COLOR</color>
    <color name="emui_functional_blue_disable">H7_ACCENT_COLOR_PRESS</color>
    

    <!--首页主菜单-->
    <color name="main_menu_bg">H7_ACTIONBAR</color>
    <color name="main_menu_bg_landspace">H7_ACTIONBAR</color>
    
    <color name="main_menu_text_actived">H7_ACCENT_COLOR</color>
    <color name="tool_bar_text_actived">H7_ACCENT_COLOR</color>

    <!-- download UI -->
    
    

    <!-- 日间、night下同emui_white， dark#e6e6e6-->
    

    

    <!--滑屏前进后退页面间隙颜色-->
    <color name="tabitem_page_margin_color">H7_ACTIONBAR</color>

    <!-- 自定义actionbar-->
    <color name="emui_appbar_bg">H7_BACKGROUND</color>
    

    <!-- emui 10.0 信息流详情页底图 -->
    <color name="feedskit_info_flow_loading_bg">H7_BACKGROUND</color>
    <color name="feedskit_info_flow_loading_item">H7_ACTIONBAR</color>
    

    <!-- emui 10.0 pps广告下载 -->
    
    <color name="feedskit_ntp_pps_download_press_color">H7_ACCENT_COLOR</color>
    
    <color name="feedskit_ntp_pps_download_view_color">H7_BACKGROUND</color>
    

    <!--信息流分割线 底图-->
    
    
    

    <!-- share -->
    <color name="sharesdk_share_bg">H7_ACTIONBAR</color>
    
    <color name="sharesdk_share_menu_bg">H7_ACTIONBAR</color>
    

    <color name="feedskit_share_bg">H7_ACTIONBAR</color>
    <color name="feedskit_share_menu_bg">H7_ACTIONBAR</color>

    <!--feedback相关-->
    <color name="feedback_sdk_problem_submit_normol_bg">H7_ACCENT_COLOR</color>
    <color name="feedback_sdk_problem_submit_select_bg">H7_ACCENT_COLOR</color>


    
    
    <color name="feedback_sdk_problem_question_info_bg">H7_ACTIONBAR</color>
    
    
    
    
    <color name="feedback_sdk_problem_submit_text">H7_ACCENT_COLOR</color>
    

    
    
    <color name="feedback_sdk_problem_recycle_select_question_type_bg">H7_ACCENT_COLOR</color>
    <color name="feedback_sdk_problem_photo_bg">H7_ACTIONBAR</color>
    
    
    
    <color name="feedback_sdk_common_btn_blue">H7_ACCENT_COLOR</color>
    
    
    
    
    <color name="feedback_sdk_tab_slider_bg_color_selected">H7_ACCENT_COLOR</color>
    <color name="feedback_sdk_action_bar_grey">H7_ACTIONBAR</color>
    
    <color name="feedback_sdk_notice_view_pad_background">H7_BACKGROUND</color>
    <color name="feedback_sdk_notice_view_background">H7_BACKGROUND</color>
    
    
    
    
    <color name="feedback_sdk_tab_slider_bg_color_selected_50">H7_ACCENT_COLOR_PRESS</color>
    <color name="faq_emui_white_bg">H7_BACKGROUND</color>

    
    <color name="faq_emui_accent">H7_ACCENT_COLOR</color>
    
    
    
    <color name="feedback_tab_text_color_selected_20">H7_ACCENT_COLOR_DISABLED</color>

    <color name="strip_searchbar_background">H7_ACTIONBAR</color>
    <color name="strip_tab_background">H7_BACKGROUND</color>
    

    <!-- 网址状态弹框 颜色-->
    

    <!--信息流标题已读颜色-->
    

    <color name="feedskit_detail_menu_bg_stander">H7_ACTIONBAR</color>
    
    
    

    
    

    
    

    <!--已读信息流标题颜色-->
    

    <!--更多工具栏-->
    <color name="main_menu_text_actived">H7_ACCENT_COLOR</color>

    

    
    

    <!-- HwSearchViewP版本深色主题适配 -->
    
    
    

    <!--详情页正在加载字体颜色-->
    

    <color name="feedskit_detail_menu_bg_ispicgallery">H7_BACKGROUND</color>
    
    

    
    

    

    

    <color name="feedskit_location_city_hint">H7_ACCENT_COLOR</color>

    <!--城市选择分割条颜色-->
    

    <!--城市选择分割线颜色-->
    

    <!--城市选择索引栏 提示字背景色-->
    <color name="feedskit_city_label_letter_color">H7_ACTIONBAR</color>

    <color name="feedskit_news_delete_button_bg_normal">H7_ACTIONBAR</color>

    <color name="feedskit_news_delete_bg">H7_ACTIONBAR</color>
    

    <!--栅格化图文、视屏详情页背景色-->
    <color name="feedskit_detail_column_normal">H7_BACKGROUND</color>
    <!--栅格化图集详情背景色-->
    <color name="feedskit_detail_column_picture">H7_BACKGROUND</color>

    <!--添加书签弹框输入框下划线背景色-->
    
    

    
    

    <color name="feedskit_ntp_pps_download_view_color">H7_BACKGROUND</color>
    
    

    <!--网页弹窗背景色-->
    <color name="fake_dialog_bg">H7_ACTIONBAR</color>
    <!--网页自定义弹窗的按钮分隔线的颜色-->
    

    

    <!--通用异常错误页面pad下的背景色-->
    <color name="faq_sdk_notice_view_pad_background">H7_BACKGROUND</color>
    <!--通用异常错误页面的背景色-->
    <color name="faq_sdk_notice_view_background">H7_BACKGROUND</color>
    <!--通用异常页面的文字颜色-->
    
    <!--section的背景色-->
    
    <!--section的标题文字颜色-->
    
    <!--grid 分割线颜色-->
    
    <!--list 分割线颜色-->
    
    <!--list 选中状态背景色-->
    
    <!--list 每个item文字颜色-->
    
    <!--正常文本文字颜色-->
    
    <!--次级文本文字颜色-->
    
    <!--高亮文本文字颜色-->
    <color name="faq_sdk_label_highlight_text_color_normal">H7_ACCENT_COLOR</color>
    <!--list提示文本的颜色-->
    
    <!--主题颜色-->
    <color name="faq_sdk_action_bar_grey">H7_ACTIONBAR</color>

    
    <color name="faq_sdk_btn_blue">H7_ACCENT_COLOR</color>
    <!--自定义分享框背景色-->
    <color name="faq_sdk_share_bg">H7_ACTIONBAR</color>
    
    <color name="btn_blue">H7_ACCENT_COLOR</color>
    
    
    
    
    <color name="faq_sdk_category_menu_bg">H7_ACTIONBAR</color>
    <color name="faq_sdk_online_them">H7_BACKGROUND</color>

    <!--EMUI9.0 深色主题需要添加的色值-->
    <color name="faq_sdk_white_bg">H7_BACKGROUND</color>
    <color name="feedback_sdk_dialog_bg">H7_ACTIONBAR</color>

    <color name="faq_sdk_pop_menu_bg">H7_ACTIONBAR</color>
    <color name="faq_sdk_dialog_bg">H7_ACTIONBAR</color>
    
    
    

    
    

    <color name="upsdk_color_gray_1">H7_ACTIONBAR</color>
    
    

    <color name="wisdom_tips_page_bg">H7_ACTIONBAR</color>
    <color name="wisdom_tips_detail_status_bar_bg">H7_BACKGROUND</color>
    <color name="search_bar_wisdom_tips_bg">H7_ACCENT_COLOR</color>

    <color name="tab_selected_bg">H7_ACTIONBAR</color>
    <color name="tab_unselected_bg">H7_ACTIONBAR</color>
    <color name="tab_split_line">H7_ACTIONBAR</color>
    
    
    

    
    <color name="feedskit_emui_appbar_bg">H7_BACKGROUND</color>

    <color name="feedskit_news_delete_button_bg_normal_pad">H7_ACTIONBAR</color>
    
    
    

    <color name="comments_detail_bg_color">H7_BACKGROUND</color>
    <color name="comments_color_text_unfold">H7_ACCENT_COLOR</color>
    
    
    
    

    <!-- 以下是信息流sdk评论模块的深色主题色值-->
    
    
    
    <color name="emui_color_text_link">H7_ACCENT_COLOR</color>
    

    <!--按压效果-->
    

    <!--评论卡片回复外露的背景框颜色-->
    

    <!--新增卡片动画中的高亮蓝-->
    

    

    <!--投诉界面输入框背景色-->
    

    <color name="comments_detail_action_bar_bg">H7_BACKGROUND</color>
    

    
    <!--展开/收起的按钮颜色-->

    <color name="comments_card_commenter_tag_bg_color">H7_ACCENT_COLOR</color>


    <color name="feedskit_comments_bg_color">H7_ACTIONBAR</color>
    
    
    
    <color name="comments_emui_color_bg">H7_BACKGROUND</color>
    

    

    

    
    
    
    <color name="feedskit_emui_functional_blue_browser_theme">H7_ACCENT_COLOR</color>
    
    
    <color name="feedskit_emui_accent_browser_theme">H7_ACCENT_COLOR</color>
    
    <color name="feedskit_emui_color_bg_browser_theme">H7_BACKGROUND</color>
    <color name="feedskit_emui_dialog_bg_browser_theme">H7_ACTIONBAR</color>
    <!-- 以上是信息流sdk评论模块的深色主题色值-->

    <!--信息流聚合卡片分割条-->
    

    

    <!-- 信息流tips弹框-->
    <color name="feedskit_tips_layout_color">H7_ACTIONBAR</color>
    <color name="feedskit_tips_open_color">H7_ACCENT_COLOR</color>

    <!--刷新圈圈背景-->
    <color name="feedskit_circle_bg_light">H7_ACTIONBAR</color>

    <!--开屏广告-->
    
    
    <color name="open_ad_start_bg">H7_BACKGROUND</color>

    <color name="language_tips_layout_color">H7_ACTIONBAR</color>
    <color name="comments_popup_comment_bg_color">H7_ACTIONBAR</color>

    <!-- 信息流tips弹框-->
    <color name="feedskit_tips_open_color">H7_ACCENT_COLOR</color>

    

    <!-- 鸿蒙卡片化适配-->
    <color name="emui_color_subbg">H7_BACKGROUND</color>

    <!-- emui11.1 subtab颜色  -->
    <color name="emui_subtab_text_on">H7_ACCENT_COLOR</color>
    <color name="hwsubtab_color_bg">H7_BACKGROUND</color>
    <color name="hwsubtab_emui_color_bg">H7_BACKGROUND</color>
    
    <color name="hwsubtab_subtab_text_on">H7_ACCENT_COLOR</color>
    <color name="hwsubtab_indicator_color">H7_ACCENT_COLOR</color>
    <color name="emui_control_focused_outline">H7_ACCENT_COLOR</color>
    
    
    <color name="emui_subtab_line_on">H7_ACCENT_COLOR</color>

    <!-- emui11.1 seekbar颜色 -->
    

    <!-- emui11.1 button颜色 -->
    
    

    <!-- 网页设置->网页字体设置 -->
    <color name="emui_accent_10_percent_alpha">H7_ACTIONBAR</color>
    <!--刷新横幅-->
    <color name="feedskit_personalized_tips_backgroud">H7_ACCENT_COLOR</color>

    <!--EMUI11鸿蒙品牌色适配-->
    
    
    

    <!-- emui11.1 hwswitch颜色 -->
    
    
    

    <!-- emui11.1 hwsearchview颜色 -->
    
    
    <color name="cloud_sync_bg_color">H7_ACTIONBAR</color>
    

    
    

    <!--置顶卡片背景色以及按压色-->
    
    <!--H7_ACTIONBAR为 #19DADAE6叠加emui_clickeffic_default_color(26FFFFFF)生成-->
    <color name="feedskit_top_news_click_color">H7_ACTIONBAR</color>

    

    <!--搜索直达图标的内边框线-->
    

    <!--信息流logo描边颜色-->
    

    <!--网址直达标签背景色-->
    

    <!--搜索热榜-->
    
    
    

    

    <!--财经导航-->
    

    <!--财经快讯-->
    
    
    

    <!--实验室-->
    
    

    <!-- 搜索框内图标颜色 -->
    
    

    <!--底部导航栏字体颜色-->
    <color name="bottom_tab_home_active_color">H7_ACCENT_COLOR</color>
    <color name="bottom_tab_home_active_color_private">H7_ACCENT_COLOR</color>

    
    

    <!-- 原捷径入口图标颜色 -->
    

    <!-- 个人中心页面 -->
    <color name="personal_center_bg">H7_ACTIONBAR</color>
    <color name="personal_center_appbar_background">H7_ACTIONBAR</color>
    <color name="personal_center_tool_circle_background">H7_ACTIONBAR</color>

    <!--捷径弹窗夜间模式颜色-->
    
    <color name="shortcut_add_background_color">H7_ACTIONBAR</color>

    <color name="emui_bottomsheet_bg">H7_ACTIONBAR</color>
    
    <!-- Webview投屏弹窗的蒙层背景颜色 -->
    

    <color name="emui_card_panel_bg">H7_ACTIONBAR</color>
    <color name="emui_bottombar_bg">H7_BACKGROUND</color>

    <color name="shortcut_bookmark_card_bg_color">H7_ACTIONBAR</color>
    
    

	
	
</resources>
