﻿<?xml version="1.0" encoding="utf-8"?>
<resources>
	<color name="btn_disable_text_color">#808080</color>
	<color name="emui_gray_4">H7_ACTIONBAR</color>
	<color name="hwtoolbar_menu_clicked_emui">H7_ACCENT_COLOR</color>
	<color name="hwtoolbar_splitbackground">H7_ACTIONBAR</color>
	<color name="hwtoolbar_background">H7_ACTIONBAR</color>
	<color name="hidisk_white">H7_BACKGROUND_TWO</color>
	<color name="select">H7_ACCENT_COLOR</color>
	<color name="hidisk_help_paper_background">H7_ACTIONBAR</color>
	<color name="hidisk_color_default_point">H7_BACKGROUND_PRESS</color>
	<color name="hicloud_section_color">H7_ACTIONBAR</color>
	<color name="hicloud_bg_color_border">H7_ACTIONBAR</color>
	<color name="hicloud_bg_color_dark">H7_ACTIONBAR</color>
	<color name="hidisk_color_storage_detail_background">H7_ACTIONBAR</color>
	<color name="hidisk_policy_textview_normal">H7_ACCENT_COLOR</color>
	<color name="hidisk_color_search_online">H7_ACCENT_COLOR</color>
	<color name="title_text_color">H7_ACCENT_COLOR</color>
	<color name="title_divider_line">H7_ACCENT_COLOR</color>
	<color name="top_bar_bg_white">H7_ACTIONBAR</color>
	<color name="hidisk_autolink_color">H7_ACCENT_COLOR</color>
	<color name="blue_emui5_text">H7_ACCENT_COLOR</color>
	<color name="black_3">H7_ACTIONBAR</color>
	<color name="blue_text_color">H7_ACCENT_COLOR</color>
	<color name="viewfinder_mask">H7_BACKGROUND_PRESS</color>
	<color name="clone_choose_type">H7_ACTIONBAR</color>
	<color name="text_color">H7_ACCENT_COLOR</color>
	<color name="hidisk_color_category_storage_layout_bg">H7_ACTIONBAR</color>
	<color name="tab_unselected_text_color">H7_ACCENT_COLOR</color>
	<color name="attention_color_30">H7_ACCENT_COLOR_PRESS</color>
	<color name="feedback_blue">H7_ACCENT_COLOR</color>
	<color name="feedback_title_bar_unnormal_color">H7_ACTIONBAR</color>
	<color name="feedback_highlight_color_old">H7_ACCENT_COLOR</color>
	<color name="feedback_highlight_color">H7_ACCENT_COLOR</color>
	<color name="feedback_highlight_color_disable">H7_ACCENT_COLOR_PRESS</color>
	<color name="feedback_blue_disable">H7_ACCENT_COLOR_DISABLED</color>
	<color name="feedback_smarthelper_user_textview_bg">H7_ACCENT_COLOR</color>
	<color name="hidisk_color_download_progress_widget_background_solid">H7_ACCENT_COLOR_PRESS</color>
	<color name="hidisk_color_download_progress_widget_background">H7_ACCENT_COLOR</color>
	<color name="hidisk_color_download_progress_widget_background_stroke">H7_ACCENT_COLOR</color>
	<color name="hidisk_color_download_progress_widget_secondaryprogress_solid">H7_BACKGROUND_TWO</color>
	<color name="hidisk_color_download_progress_widget_secondaryprogress_stroke">H7_ACCENT_COLOR</color>
	<color name="hidisk_color_download_progress_widget_progress_solid">H7_ACCENT_COLOR_PRESS</color>
	<color name="emui_accent">H7_ACCENT_COLOR</color>
	<color name="emui_color_gray_4">H7_ACTIONBAR</color>
	<color name="emui_color_gray_3">H7_ACTIONBAR</color>
	<color name="emui_color_gray_1">H7_ACTIONBAR</color>
	<color name="hidisk_action_bar_bg_white">H7_ACTIONBAR</color>
	<color name="hidisk_action_bar_bg_gray">H7_ACTIONBAR</color>
	<color name="hidisk_navigation_bar_bg_white">H7_ACTIONBAR</color>
	<color name="hidisk_navigation_bar_bg_gray">H7_ACTIONBAR</color>
	<color name="hidisk_action_bar_bg_white_8_0">H7_ACTIONBAR</color>
	<color name="hidisk_action_bar_bg_gray_8_0">H7_ACTIONBAR</color>
	<color name="hidisk_sub_tab_bg">H7_ACTIONBAR</color>
	<color name="hidisk_list_line_bg">H7_ACTIONBAR</color>
	<color name="hidisk_color_windowtitle_text">H7_BACKGROUND_TWO</color>
	<color name="hidisk_search_hight_light_color">H7_ACCENT_COLOR</color>
	<color name="hidisk_search_cursor_color">H7_ACCENT_COLOR</color>
	<color name="hidisk_search_cursor_color_8">H7_ACCENT_COLOR</color>
	<color name="hidisk_color_about_stongbox">H7_ACTIONBAR</color>
	<color name="hwswitch_on_disable_dark_emui">H7_ACCENT_COLOR_PRESS</color>
	<color name="hwswitch_off_disable_dark_emui">H7_BACKGROUND_PRESS</color>
	<color name="hwswitch_accent_emui">H7_ACCENT_COLOR</color>
	<color name="hwswitch_accent_on_dark_emui">H7_ACCENT_COLOR</color>
	<color name="hwbottomnavigationview_bg">H7_ACTIONBAR</color>
	<color name="hwdownload_color">H7_ACCENT_COLOR</color>//使用了HwDownLoadWidget的需要
	<color name="hwcheckbox_off_mask">H7_BACKGROUND_TWO</color>
	<color name="accent_on_disable_dark_emui">H7_ACCENT_COLOR_PRESS</color>
	<color name="hwcheckbox_accent_on_dark_emui">H7_ACCENT_COLOR</color>
	<color name="hwspinner_dropdown_item_default_dark">H7_BACKGROUND_PRESS</color>
	<color name="hwspinner_dropdown_item_pressed_dark">H7_BACKGROUND_PRESS</color>
	<color name="hwspinner_dropdown_item_disabled_dark">H7_BACKGROUND_PRESS</color>
	<color name="hwspinner_accent_emui_dark">H7_ACCENT_COLOR</color>
	<color name="hwspinner_accent_emui_emphasize_disabled">H7_ACCENT_COLOR_PRESS</color>
	<color name="hwspinner_accent_emui_emphasize">H7_ACCENT_COLOR</color>
	<color name="white">H7_BACKGROUND_TWO</color>
	<color name="select">H7_ACCENT_COLOR</color>
	<color name="help_paper_background">H7_ACTIONBAR</color>
	<color name="autolink_color">H7_ACCENT_COLOR</color>
	<color name="color_current_point">H7_ACCENT_COLOR</color>
	<color name="color_default_point">H7_BACKGROUND_PRESS</color>
	<color name="section_color">H7_ACTIONBAR</color>
	<color name="color_path_navi_control_Layout">H7_ACTIONBAR</color>
	<color name="bg_color_border">H7_ACTIONBAR</color>
	<color name="bg_color_dark">H7_ACTIONBAR</color>
	<color name="color_storage_detail_background">H7_ACTIONBAR</color>
	<color name="policy_textview_normal">H7_ACCENT_COLOR</color>
	<color name="color_search_online">H7_ACCENT_COLOR</color>
	<drawable name="list_header_bg">H7_ACTIONBAR</drawable>
	<color name="title_text_color">H7_ACCENT_COLOR</color>
	<color name="title_divider_line">H7_ACCENT_COLOR</color>
	<color name="top_bar_bg_white">H7_ACTIONBAR</color>
	<color name="autolink_color">H7_ACCENT_COLOR</color>
	<color name="blue_emui5_text">H7_ACCENT_COLOR</color>
	<color name="black_3">H7_ACTIONBAR</color>
	<color name="blue_text_color">H7_ACCENT_COLOR</color>
	<color name="viewfinder_mask">H7_BACKGROUND_PRESS</color>
	<color name="clone_choose_type">H7_ACTIONBAR</color>
	<color name="text_color">H7_ACCENT_COLOR</color>
	<color name="color_category_storage_layout_bg">H7_ACTIONBAR</color>
	<color name="tab_unselected_text_color">H7_ACCENT_COLOR</color>
	<color name="attention_color_30">H7_ACCENT_COLOR_PRESS</color>
	<color name="feedback_blue">H7_ACCENT_COLOR</color>
	<color name="feedback_highlight_color_old">H7_ACCENT_COLOR</color>
	<color name="feedback_highlight_color">H7_ACCENT_COLOR</color>
	<color name="feedback_highlight_color_disable">H7_ACCENT_COLOR_PRESS</color>
	<color name="feedback_blue_disable">H7_ACCENT_COLOR_DISABLED</color>
	<color name="feedback_smarthelper_user_textview_bg">H7_ACCENT_COLOR</color>
	<color name="color_download_progress_widget_background_solid">H7_ACCENT_COLOR_PRESS</color>
	<color name="color_download_progress_widget_background">H7_ACCENT_COLOR</color>
	<color name="color_download_progress_widget_background_stroke">H7_ACCENT_COLOR</color>
	<color name="color_download_progress_widget_secondaryprogress_solid">H7_BACKGROUND_TWO</color>
	<color name="color_download_progress_widget_secondaryprogress_stroke">H7_ACCENT_COLOR</color>
	<color name="color_download_progress_widget_progress_solid">H7_ACCENT_COLOR_PRESS</color>
	<color name="emui_accent">H7_ACCENT_COLOR</color>
	<color name="emui_color_gray_4">H7_ACTIONBAR</color>
	<color name="emui_color_gray_3">H7_ACTIONBAR</color>
	<color name="emui_color_gray_1">H7_ACTIONBAR</color>
	<color name="action_bar_bg_white">H7_ACTIONBAR</color>
	<color name="action_bar_bg_gray">H7_ACTIONBAR</color>
	<color name="navigation_bar_bg_white">H7_ACTIONBAR</color>
	<color name="navigation_bar_bg_gray">H7_ACTIONBAR</color>
	<color name="action_bar_bg_white_8_0">H7_ACTIONBAR</color>
	<color name="action_bar_bg_gray_8_0">H7_ACTIONBAR</color>
	<color name="sub_tab_bg">H7_ACTIONBAR</color>
	<color name="emui_color_gray_per_1">H7_ACTIONBAR</color>
	<color name="color_windowtitle_text">H7_BACKGROUND_TWO</color>
	<color name="search_hight_light_color">H7_ACCENT_COLOR</color>
	<color name="search_cursor_color">H7_ACCENT_COLOR</color>
	<color name="list_line_bg">H7_ACTIONBAR</color>
	<color name="color_about_stongbox">H7_ACTIONBAR</color>
	<color name="hwswitch_on_disable_dark_emui">H7_ACCENT_COLOR_PRESS</color>
	<color name="hwswitch_off_disable_dark_emui">H7_BACKGROUND_PRESS</color>
	<color name="hwswitch_accent_emui">H7_ACCENT_COLOR</color>
	<color name="hwswitch_accent_on_dark_emui">H7_ACCENT_COLOR</color>
	<color name="hwbottomnavigationview_bg">H7_ACTIONBAR</color>
	<color name="action_bar_bg_gray">H7_ACTIONBAR</color>
	<color name="action_bar_bg_gray_8_0">H7_ACTIONBAR</color>
	<color name="album_cover_background">H7_ACTIONBAR</color>
	<color name="bright_foreground_emui">H7_ACTIONBAR</color>
	<color name="bg_color_border">H7_ACTIONBAR</color>
	<color name="bg_color_dark">H7_ACTIONBAR</color>
	<color name="emui_color_gray_1">H7_ACTIONBAR</color>
	<color name="emui_color_gray_per_1">H7_ACTIONBAR</color>
	<color name="emui_gray_6">H7_ACTIONBAR</color>
	<color name="gray_white">H7_ACTIONBAR</color>
	<color name="hwbottomnavigationview_bg">H7_ACTIONBAR</color>
	<color name="list_line_bg">H7_ACTIONBAR</color>
	<color name="navigation_bar_bg_gray">H7_ACTIONBAR</color>
	<color name="sub_tab_bg">H7_ACTIONBAR</color>
	<color name="hidisk_white">H7_BACKGROUND_TWO</color>
	<color name="select">H7_ACCENT_COLOR</color>
	<color name="hidisk_color_about_backgroud">#00000000</color>
	<color name="hidisk_color_default_point">H7_ACTIONBAR</color>
	<color name="hicloud_section_color">H7_ACTIONBAR</color>
	<color name="bg_color_light">H7_BACKGROUND_TWO</color>
	<color name="hicloud_bg_color_border">H7_ACTIONBAR</color>
	<color name="hicloud_bg_color_dark">H7_ACTIONBAR</color>
	<color name="hidisk_color_storage_detail_background">H7_ACTIONBAR</color>
	<color name="hidisk_policy_textview_normal">H7_ACCENT_COLOR</color>
	<color name="hidisk_color_search_online">H7_ACCENT_COLOR</color>
	<drawable name="list_item_bg">#00000000</drawable>
	<drawable name="list_header_bg">H7_ACTIONBAR</drawable>
	<drawable name="activity_bg">#00000000</drawable>
	<!--列表item选中状态的颜色值  -->
	<drawable name="item_selected_bg">#ff0000</drawable>
	<!--蓝色title文字颜色 -->
	<color name="title_text_color">H7_ACCENT_COLOR</color>
	<color name="title_divider_line">H7_ACCENT_COLOR</color>
	<color name="top_bar_bg_white">H7_ACTIONBAR</color>
	<color name="hidisk_autolink_color">H7_ACCENT_COLOR</color>
	<color name="blue_emui5_text">H7_ACCENT_COLOR</color>
	<color name="dialog_title_color">H7_ACCENT_COLOR</color>
	<color name="black_3">H7_ACTIONBAR</color>
	<color name="blue_text_color">H7_ACCENT_COLOR</color>
	<color name="viewfinder_mask">H7_BACKGROUND_PRESS</color>
	<color name="text_color">H7_ACCENT_COLOR</color>
	<color name="text_color_press">H7_ACCENT_COLOR</color>
	<color name="hidisk_color_category_storage_layout_bg">H7_ACTIONBAR</color>
	<color name="oobe_btn_pressed">H7_ACCENT_COLOR</color>
	<color name="tab_unselected_text_color">H7_ACCENT_COLOR</color>
	<color name="tab_selected_text_color2">H7_ACCENT_COLOR</color>
	<color name="attention_color_30">H7_ACCENT_COLOR_PRESS</color>
	<!-- 问题反馈SDK的主题信息BEGIN -->
	<color name="feedback_blue">H7_ACCENT_COLOR</color>
	<color name="feedback_highlight_color_old">H7_ACCENT_COLOR</color>
	<color name="feedback_highlight_color">H7_ACCENT_COLOR</color>
	<color name="feedback_highlight_color_disable">H7_ACCENT_COLOR_PRESS</color>
	<color name="feedback_blue_disable">H7_ACCENT_COLOR_DISABLED</color>
	<color name="feedback_smarthelper_user_textview_bg">H7_ACCENT_COLOR</color>
	<color name="feedback_spannable_click_color">H7_ACCENT_COLOR</color>
	<color name="feedback_actionbar_bg">H7_ACTIONBAR</color>
	<color name="feedback_highlight_color_old">H7_ACCENT_COLOR</color>
	<color name="feedback_highlight_color">H7_ACCENT_COLOR</color>
	<color name="feedback_highlight_color_disable">H7_ACCENT_COLOR_PRESS</color>
	<color name="feedback_blue_disable">H7_ACCENT_COLOR_DISABLED</color>
	<color name="feedback_smarthelper_user_textview_bg">H7_ACCENT_COLOR</color>
	<color name="feedback_spannable_click_color">H7_ACCENT_COLOR</color>
	<color name="hidisk_color_download_progress_widget_background_solid">H7_ACCENT_COLOR_PRESS</color>
	<color name="hidisk_color_download_progress_widget_background">H7_ACCENT_COLOR</color>
	<color name="hidisk_color_download_progress_widget_background_stroke">H7_ACCENT_COLOR</color>
	<color name="hidisk_color_download_progress_widget_secondaryprogress_solid">H7_BACKGROUND_TWO</color>
	<color name="hidisk_color_download_progress_widget_secondaryprogress_stroke">H7_ACCENT_COLOR</color>
	<color name="hidisk_color_download_progress_widget_progress_solid">H7_ACCENT_COLOR_PRESS</color>
	<color name="emui_accent">H7_ACCENT_COLOR</color>
	<color name="emui_color_gray_3">H7_ACTIONBAR</color>
	<color name="emui_color_gray_1">H7_ACTIONBAR</color>
	<color name="hidisk_action_bar_bg_white">H7_ACTIONBAR</color>
	<color name="hidisk_action_bar_bg_gray">H7_ACTIONBAR</color>
	<!--navigationbar背景色-->
	<color name="hidisk_navigation_bar_bg_white">H7_ACTIONBAR</color>
	<color name="hidisk_navigation_bar_bg_gray">H7_ACTIONBAR</color>
	<!--8.0actionbar背景色-->
	<color name="hidisk_action_bar_bg_white_8_0">H7_ACTIONBAR</color>
	<color name="hidisk_action_bar_bg_gray_8_0">H7_ACTIONBAR</color>
	<!-- subtab背景 -->
	<color name="hidisk_sub_tab_bg">H7_ACTIONBAR</color>
	<color name="hidisk_color_windowtitle_text">H7_BACKGROUND_TWO</color>
	<color name="hidisk_search_hight_light_color">H7_ACCENT_COLOR</color>
	<!-- 搜索光标的颜色-->
	<color name="hidisk_search_cursor_color">H7_ACCENT_COLOR</color>
	<color name="hidisk_search_cursor_color_8">H7_ACCENT_COLOR</color>
	<color name="hwswitch_on_disable_dark_emui">H7_ACCENT_COLOR_PRESS</color>
	<color name="hwswitch_off_disable_dark_emui">H7_BACKGROUND_PRESS</color>
	<color name="hwswitch_accent_emui">H7_ACCENT_COLOR</color>
	<color name="hwswitch_accent_on_dark_emui">H7_ACCENT_COLOR</color>
	<color name="hwbottomnavigationview_bg">H7_ACTIONBAR</color>
	<color name="hwbottomnav_blue_color">H7_ACTIONBAR</color>
	<color name="hwdownload_color">H7_ACCENT_COLOR</color>//使用了HwDownLoadWidget的需要
	<color name="hwcheckbox_off_mask">H7_BACKGROUND_TWO</color>
	<color name="accent_on_disable_dark_emui">H7_ACCENT_COLOR_PRESS</color>
	<color name="hwcheckbox_accent_on_dark_emui">H7_ACCENT_COLOR</color>
	<color name="hwspinner_dropdown_item_default_dark">H7_BACKGROUND_PRESS</color>
	<color name="hwspinner_dropdown_item_pressed_dark">H7_BACKGROUND_PRESS</color>
	<color name="hwspinner_dropdown_item_disabled_dark">H7_BACKGROUND_PRESS</color>
	<color name="hwspinner_accent_emui_emphasize_disabled">H7_ACCENT_COLOR_PRESS</color>
	<color name="hwspinner_accent_emui_emphasize_pressed">H7_ACCENT_COLOR</color>
	<color name="hwspinner_accent_emui_emphasize">H7_ACCENT_COLOR</color>
	<color name="emui_accent">H7_ACCENT_COLOR</color>
	<color name="hwradiobutton_off_mask">H7_BACKGROUND_TWO</color>
	<color name="emui10_colorAccent">H7_ACCENT_COLOR</color>
	<color name="emui10_textColorPrimaryActivated">H7_ACCENT_COLOR</color>
	<color name="emui10_textColorLink">H7_ACCENT_COLOR</color>
	<color name="emui10_tabTextActive">H7_ACCENT_COLOR</color>
	<color name="hwsubtab_emui_color_bg">H7_BACKGROUND_TWO</color>
	<color name="hwsubtab_emui_subtab_text_on">H7_ACCENT_COLOR</color>
	<color name="hwsubtab_indicator_color">H7_ACCENT_COLOR</color>
	<color name="emui_accent_inverse">H7_ACCENT_COLOR</color>
	<color name="emui_accent_pressed">H7_ACCENT_COLOR</color>
	<color name="emui_control_highlight">H7_ACCENT_COLOR</color>
	<color name="emui_functional_blue_inverse">H7_ACCENT_COLOR</color>
	<color name="emui_list_separator_text">H7_BACKGROUND_PRESS</color>
</resources>