<?xml version="1.0" encoding="utf-8"?>
<hwthemes>
	<color name="deskclock_cover_background">#ffa1a1a1</color>
	<color name="deskclock_background">#ffa1a1a1</color>
	<color name="alarm_background">#ffa1a1a1</color>
	<color name="not_remind_text_color">#ffe9e9e9</color>
	<color name="emui_text_summary_dark">#ffd9d9d9</color>
	<color name="emui_primary_text_dark_disabled">#80d9d9d9</color>
	<color name="emui_text_dark">#ffe9e9e9</color>
	<color name="emui_primary_text">#ffe9e9e9</color>
	<color name="emui_secondary_text">#ffd9d9d9</color>
	<color name="notify_title_color">#ffe9e9e9</color>
	<color name="notify_text_color">#ffd9d9d9</color>
	<color name="btn_blue">#ffa1a1a1</color>
	<color name="timer_unit_color">#ffe9e9e9</color>
	<color name="no_alarm_color">#ffa1a1a1</color>
	<color name="picked_time_blue_color">#ffa1a1a1</color>
	<color name="transparency_50_color">#616161ff</color>
	<color name="transparency_100_color">#ffc1c1c1</color>
	<color name="no_alarm_text_color">#ffdddddd</color>
	<color name="new_alarm_text_color">#ffa1a1a1</color>
	<color name="appwidget_shadow">#ffa1a1a1</color>
	<color name="digital_widget_separator_tv_shadow">#ff616161</color>
	<color name="deskclock_cover_background_505x1076">#ff616161</color>
	<color name="deskclock_cover_background_1010x678">#ff616161</color>
	<color name="deskclock_cover_background_1020x744">#ff616161</color>
	<color name="deskclock_cover_background_1000x682">#ff616161</color>
</hwthemes>
