﻿
<resources>
    <color name="emui_white">H7_BACKGROUND</color>
    <color name="translateColor">#00000000</color>
    <color name="emui_gray_6">#1AFFFFFF</color>
    <color name="floating_action_color_inner">H7_ACTIONBAR</color>
    <color name="floating_action_button_bg">#E6E6E6</color>
    <color name="shape_gradient_center_color">#7F202125</color>
    <color name="shape_gradient_end_color">#00000000</color>
    <color name="shape_gradient_start_color">H7_BACKGROUND</color>
    <color name="timer_pick_start_color">H7_ACTIONBAR</color>
    <color name="timer_pick_second_color">#FF828282</color>
    <color name="timer_pick_center_color">#FFB4B4B4</color>
    <color name="timer_pick_end_color">#FFFAFAFA</color>
    <color name="timer_pick_init_color">#FFFFFFFF</color>
    <color name="black_circle">#808080</color>
    <color name="no_alarm_color">#4CFFFFFF</color>
    <color name="timer_circle_white">#0026a69a</color>
    <color name="timer_circle_start">H7_ACCENT_COLOR_PRESS</color>
    <color name="timer_circle_end">#00000000</color>
    <color name="timer_line_start">H7_ACCENT_COLOR</color>
    <color name="timer_line_end">H7_ACCENT_COLOR_DISABLED</color>
    <color name="timer_pick_unit_color">#FFFFFFFF</color>
    <color name="no_alarm_text_color">#7FFFFFFF</color>
    <color name="clock_divider_color">#33FFFFFF</color>
    <color name="picked_time_blue_color">H7_ACCENT_COLOR</color>
    <color name="muslim_alarmtime_text_color">#7fffffff</color>
    <color name="mislim_alarm_name_color">#ffffff</color>
    <color name="muslim_nolocation_background_color">#33FF5848</color>
    <color name="muslim_set_location">#7FFFFFFF</color>
    <color name="muslim_button_text_color_green">H7_ACCENT_COLOR</color>
    <color name="muslim_clock_button_disable_text_color">H7_ACCENT_COLOR_DISABLED</color>
    <color name="muslim_updatetime_text_color">H7_ACCENT_COLOR</color>
    <color name="emui_text_summary_dark1">#FFFFFF</color>
    <color name="emui_text_summary_dark2">#80FFFFFF</color>
	
	
	
    <color name="swipe_item_bg">H7_ACTIONBAR</color>
    <color name="fab_background_color">H7_ACTIONBAR</color>
    <color name="web_text_color">#E6E6E6</color>
</resources>

