﻿<?xml version="1.0" encoding="utf-8"?>
<resources>
	<!--   sns  -->
	<!-- 投诉提示文字 -->
	<color name="sns_complain_notice">H7_ACCENT_COLOR</color>
	<!-- 投诉种类选择文字链接颜色 -->
	<color name="sns_stop_visit_url_learn_more_unpress">H7_ACCENT_COLOR</color>
	<color name="sns_stop_visit_url_learn_more_press">H7_ACCENT_COLOR</color>
	<!-- 小助手菜单文字 -->
	<color name="sns_assist_menu_normal_text_color">H7_ACCENT_COLOR</color>
	<color name="sns_assist_menu_pressed_text_color">H7_ACCENT_COLOR</color>
	<!-- 聊天界面发送方背景图 -->
	<color name="sns_chat_right_background_normal_bg">H7_ACCENT_COLOR</color>
	<color name="sns_button_text_nomal">H7_ACCENT_COLOR</color>
	<color name="sns_button_text_pressed">H7_ACCENT_COLOR</color>
	<color name="sns_tab_color_emui5_selected">H7_ACCENT_COLOR</color>
	<color name="sns_search_word_color">H7_ACCENT_COLOR</color>
    <color name="sns_zimu_color">H7_BACKGROUND</color>
    <color name="sns_zimu_bg_color">H7_ACCENT_COLOR</color>
    <color name="sns_white">H7_ACTIONBAR</color>
	<color name="sns_background_90_percent">H7_ACTIONBAR</color>
    <color name="sns_assist_msg_bg_color">H7_ACTIONBAR</color>
    <color name="sns_background">H7_BACKGROUND</color>
    <color name="sns_search_word_color">H7_ACCENT_COLOR</color>
    <color name="sns_emui4_default_color">H7_BACKGROUND</color>
    <color name="sns_photo_send">H7_ACCENT_COLOR</color>
    <color name="sns_panel_bg">H7_BACKGROUND</color>
    <color name="album_list_bg">H7_BACKGROUND</color>
    <color name="sns_tab_color_emui4_selected">H7_ACCENT_COLOR</color>
    <color name="sns_new_friend_background_color">H7_ACCENT_COLOR_DISABLED</color>
    <color name="sns_fast_search_pup_num_color">H7_ACCENT_COLOR</color>
    <color name="sns_assist_chat_text_detail_bg">H7_BACKGROUND_PRESS</color>
    <color name="sns_bottom_navigation_bg_color">H7_ACTIONBAR</color>
    <color name="sns_check_theme_color">H7_BACKGROUND</color>
    <color name="sns_dowanload_progressbar_color">H7_ACCENT_COLOR</color>
    <color name="sns_chat_link_background">H7_ACTIONBAR</color>
    <color name="sns_input_bg_color">H7_ACTIONBAR</color>
    <color name="sns_divider_blod_color">H7_ACTIONBAR</color>
    <color name="hmspush_click_span">H7_ACCENT_COLOR</color>
	<color name="hwpush_bgcolor_gray">H7_BACKGROUND</color> 
    <color name="feedback_blue">H7_ACCENT_COLOR</color>
    <color name="feedback_highlight_color">H7_ACCENT_COLOR</color>
    <color name="feedback_highlight_color_disable">H7_ACCENT_COLOR_DISABLED</color>
    <color name="feedback_blue_disable">H7_ACCENT_COLOR_DISABLED</color>
    <color name="feedback_smarthelper_user_textview_bg">H7_ACCENT_COLOR</color>
    <color name="feedback_spannable_click_color">H7_ACCENT_COLOR</color>
	<color name="feedback_actionbar_bg">H7_ACTIONBAR</color>
    <color name="CS_background">H7_BACKGROUND</color>
	<color name="CS_background_801_oversea">H7_BACKGROUND</color>
    <color name="CS_item_pressed">H7_ACCENT_COLOR_PRESS</color>
    <color name="CS_textview_jump_color">H7_ACCENT_COLOR</color>
    <color name="CS_more_detail">H7_ACCENT_COLOR</color>
    <color name="CS_steep_blue">H7_ACCENT_COLOR</color>
    <color name="cloudsetting_dowanload_progressbar_color">H7_ACCENT_COLOR</color>
    <color name="cloudsetting_background_90_percent">H7_BACKGROUND_PRESS</color>
    <color name="CS_blue_text">H7_ACCENT_COLOR</color>
    <color name="CS_blue_text_pressed">H7_ACCENT_COLOR</color>
    <color name="CS_blue_text_20_percent">H7_ACCENT_COLOR_DISABLED</color>
    <color name="cloudsetting_color_primary_theme5">H7_BACKGROUND</color>
    <color name="cloudsetting_color_actionbar_themecolor">H7_BACKGROUND</color>
    <color name="cloudsetting_white_needchange">H7_BACKGROUND</color>
    <color name="ql_blue_text">H7_ACCENT_COLOR</color>
    <color name="iap_agreement_bg">H7_BACKGROUND_PRESS</color>
    <color name="iap_common_white_100">H7_BACKGROUND</color>
    <color name="iap_common_white_95">H7_BACKGROUND_PRESS</color>
    <color name="iap_common_white_90">H7_BACKGROUND_PRESS</color>
    <color name="iap_common_white_85">H7_BACKGROUND_PRESS</color>
    <color name="iap_common_white_80">H7_BACKGROUND_PRESS</color>
    <color name="iap_common_white_75">H7_BACKGROUND_PRESS</color>
    <color name="iap_common_white_70">H7_BACKGROUND_PRESS</color>
    <color name="iap_common_white_65">H7_BACKGROUND_PRESS</color>
    <color name="iap_common_white_60">H7_BACKGROUND_PRESS</color>
    <color name="iap_common_white_55">H7_BACKGROUND_PRESS</color>
    <color name="iap_common_white_50">H7_BACKGROUND_PRESS</color>
    <color name="iap_common_white_45">H7_BACKGROUND_PRESS</color>
    <color name="iap_common_white_40">H7_BACKGROUND_PRESS</color>
    <color name="iap_common_white_35">H7_BACKGROUND_PRESS</color>
    <color name="iap_common_white_30">H7_BACKGROUND_PRESS</color>
    <color name="iap_common_white_25">H7_BACKGROUND_PRESS</color>
    <color name="iap_common_white_10">H7_BACKGROUND_PRESS</color>
    <color name="iap_common_white_5">H7_BACKGROUND_PRESS</color>
    <color name="iap_read_card_number_flash_background">H7_BACKGROUND</color>
    <color name="iap_read_card_number_anim_background">H7_BACKGROUND</color>
    <color name="iap_common_pad_offset_bg_color">H7_BACKGROUND</color>
    <color name="iap_selection_devide_background">H7_ACTIONBAR</color>
    <color name="iap_wrap_progress_background_color">H7_BACKGROUND</color>
    <color name="iap_f3_color">H7_BACKGROUND</color>
		<color name="iap_brandcolor">H7_ACCENT_COLOR</color>
    <color name="iap_colorPrimary">H7_ACCENT_COLOR</color>
    <color name="iap_wrap_progress_color">H7_ACCENT_COLOR</color>
    <color name="fastapp_blue_text_007dff">H7_ACCENT_COLOR</color>
    <color name="cs_emui_accent">H7_ACCENT_COLOR</color>
    <color name="hwid_check_theme_color">H7_BACKGROUND</color>
    <drawable name="hw_screen_background_gray">H7_BACKGROUND</drawable>
    <color name="hw_color_inverse">H7_BACKGROUND</color>
    <color name="emui_progressbar_loading_fill_color">H7_ACCENT_COLOR</color>
    <color name="hw_black">H7_BACKGROUND</color>
    <color name="hw_read_bgcolor">H7_BACKGROUND</color>
    <color name="hw_button_text">H7_BACKGROUND</color>
    <color name="voicemail_background_theme">H7_BACKGROUND</color>
    <color name="hw_emergency_dialer_bg">H7_BACKGROUND</color>
    <color name="emui_popmenu_text_color">H7_BACKGROUND_PRESS</color>
    <color name="emui_highlighted_text">H7_ACCENT_COLOR_PRESS</color>
    <color name="emui_custom_panel_background">H7_BACKGROUND</color>
    <color name="emui_detail_text_pressed">H7_ACCENT_COLOR</color>
    <color name="emui_bright_foreground_light">H7_BACKGROUND</color>
    <color name="emui_spinner_dropdown_item_default_dark">H7_BACKGROUND_PRESS</color>
    <color name="emui_spinner_dropdown_item_pressed_dark">H7_BACKGROUND_PRESS</color>
    <color name="emui_spinner_dropdown_item_disabled_dark">H7_BACKGROUND_PRESS</color>
    <color name="emui_time_axis_info_default">H7_BACKGROUND_PRESS</color>
    <color name="primary_emui_light">H7_ACTIONBAR</color>
    <color name="navigationbar_emui_light">H7_BACKGROUND</color>
    <color name="tab_title_selected_emui">H7_ACCENT_COLOR</color>
    <color name="tab_title_selected_pressed_emui">H7_ACCENT_COLOR</color>
    <color name="tab_title_selected_emui_dark">H7_ACCENT_COLOR</color>
    <color name="tab_title_selected_emui_emphasize">H7_ACCENT_COLOR</color>
    <color name="tab_title_selected_pressed_emui_emphasize">H7_ACCENT_COLOR</color>
    <color name="tab_bg_normal_emui">H7_BACKGROUND</color>
    <color name="tab_bg_normal_emui_emphasize">H7_ACTIONBAR</color>
    <color name="sub_tab_title_selected_pressed_emui">H7_ACCENT_COLOR</color>
    <color name="sub_tab_title_selected_emui">H7_ACCENT_COLOR</color>
    <color name="sub_tab_title_normal_pressed_emui_dark">H7_ACCENT_COLOR_DISABLED</color>
    <color name="sub_tab_title_normal_emui_dark">H7_ACCENT_COLOR</color>
    <color name="sub_tab_title_selected_pressed_emui_emphasize">H7_ACCENT_COLOR</color>
    <color name="sub_tab_title_selected_emui_emphasize">H7_ACCENT_COLOR</color>
    <color name="selected_text_item">H7_ACCENT_COLOR</color>
    <color name="hw_handle_color">H7_ACCENT_COLOR</color>
    <color name="toggle_button_off_bg_color_emui">H7_ACTIONBAR</color>
    <color name="accent_emui">H7_ACCENT_COLOR</color>
    <color name="accent_emui_pressed">H7_ACCENT_COLOR</color>
    <color name="accent_emui_dark">H7_ACCENT_COLOR</color>
    <color name="accent_emui_emphasize">H7_ACCENT_COLOR</color>
    <color name="accent_emui_emphasize_pressed">H7_ACCENT_COLOR</color>
    <color name="accent_emui_emphasize_disabled">H7_ACCENT_COLOR_DISABLED</color>
    <color name="accent_on_disable_emui">H7_ACCENT_COLOR_PRESS</color>
    <color name="accent_on_disable_dark_emui">H7_ACCENT_COLOR_DISABLED</color>
    <color name="accent_on_dark_emui">H7_ACCENT_COLOR</color>
    <color name="switch_on_disable_dark_emui">H7_ACCENT_COLOR_DISABLED</color>
    <color name="switch_off_disable_dark_emui">H7_BACKGROUND_PRESS</color>
    <color name="clone_app_mark_bg_color">H7_ACCENT_COLOR</color>
    <color name="mw_translucent_dark_bg">H7_BACKGROUND_PRESS</color>
    <color name="mw_divide_bg">H7_ACCENT_COLOR</color>
    <color name="emui_master_color_5">H7_ACCENT_COLOR</color>
    <color name="emui_master_color_11">H7_BACKGROUND</color>
    <color name="emui_black_color_alpha_10">H7_BACKGROUND_PRESS</color>
    <color name="emui_black_color_alpha_40">H7_BACKGROUND_PRESS</color>
    <color name="emui_black_color_alpha_50">H7_BACKGROUND_PRESS</color>
    <color name="emui_black_color_alpha_60">H7_BACKGROUND_PRESS</color>
    <color name="emui_black_color_alpha_100">H7_BACKGROUND</color>
    <color name="emui_accent">H7_ACCENT_COLOR</color>
	<color name="emui_white_bg">H7_BACKGROUND</color>
    <color name="emui_color_gray_1">H7_ACTIONBAR</color>
    <color name="emui_color_gray_3">H7_ACTIONBAR</color>
    <color name="hwtoolbar_background">H7_ACTIONBAR</color>
    <color name="alphaindexer_selected_alpha_color">H7_ACCENT_COLOR</color>
    <color name="hwbottomnavigationview_bg">H7_ACTIONBAR</color>
    <color name="hwcheckbox_off_mask">H7_BACKGROUND</color>
    <color name="hwcheckbox_accent_on_dark_emui">H7_ACCENT_COLOR</color>
    <color name="hwdotspageindicator_emui_primary">H7_ACCENT_COLOR</color>
    <color name="hwradiobutton_off_mask">H7_BACKGROUND</color>
    <color name="hwradiobutton_accent_on_disable_dark_emui">H7_ACCENT_COLOR_DISABLED</color>
    <color name="hwradiobutton_accent_on_dark_emui">H7_ACCENT_COLOR</color>
    <color name="hwsearchview_accent_emui_pressed">H7_ACCENT_COLOR</color>
    <color name="hwspinner_dropdown_item_default_dark">H7_BACKGROUND_PRESS</color>
    <color name="hwspinner_dropdown_item_pressed_dark">H7_BACKGROUND_PRESS</color>
    <color name="hwspinner_dropdown_item_disabled_dark">H7_BACKGROUND_PRESS</color>
    <color name="hwspinner_accent_emui_dark">H7_ACCENT_COLOR</color>
    <color name="hwspinner_accent_emui_emphasize_disabled">H7_ACCENT_COLOR_DISABLED</color>
    <color name="hwspinner_accent_emui_emphasize_pressed">H7_ACCENT_COLOR</color>
    <color name="hwspinner_accent_emui_emphasize">H7_ACCENT_COLOR</color>
    <color name="hwswitch_on_disable_dark_emui">H7_ACCENT_COLOR_DISABLED</color>
    <color name="hwswitch_off_disable_dark_emui">H7_BACKGROUND_PRESS</color>
    <color name="hwswitch_accent_emui">H7_ACCENT_COLOR</color>
    <color name="hwswitch_accent_on_dark_emui">H7_ACCENT_COLOR</color>
    <color name="emui_accent">H7_ACCENT_COLOR</color>
    <color name="emui_accent_inverse">H7_ACCENT_COLOR</color>
    <color name="emui_accent_pressed">H7_ACCENT_COLOR</color>
    <color name="emui_color_bg">H7_BACKGROUND</color>
    <color name="emui_color_text_highlight">H7_ACCENT_COLOR_DISABLED</color>
    <color name="emui_control_highlight">H7_ACCENT_COLOR</color>
    <color name="emui_fab_bg_normal">H7_ACCENT_COLOR</color>
    <color name="emui_functional_blue">H7_ACCENT_COLOR</color>
    <color name="emui_functional_blue_inverse">H7_ACCENT_COLOR</color>
    <color name="emui_list_separator_text">H7_BACKGROUND_PRESS</color>
    <color name="hwsubtab_emui_color_bg">H7_BACKGROUND</color>
    <color name="hwsubtab_emui_subtab_text_on">H7_ACCENT_COLOR</color>
    <color name="hwsubtab_indicator_color">H7_ACCENT_COLOR</color>
    <color name="feedback_sdk_problem_question_info_bg">H7_ACTIONBAR</color>
    <color name="feedback_sdk_tab_slider_bg_color_selected">H7_ACCENT_COLOR</color>
    <color name="feedback_sdk_notice_view_pad_background">H7_BACKGROUND</color>
    <color name="feedback_sdk_notice_view_background">H7_BACKGROUND</color>
    <color name="feedback_sdk_tab_slider_bg_color_selected_50">H7_ACCENT_COLOR_PRESS</color>
    <color name="hwbutton_functional_blue_disable">H7_ACCENT_COLOR_DISABLED</color>
    <color name="hwcheckbox_emui_white_bg">H7_BACKGROUND_PRESS</color>
    <color name="hwradiobutton_off_path_inner_bg">H7_BACKGROUND_PRESS</color>

    <color name="hwspinner_selector_background_color">H7_ACCENT_COLOR</color>

    <color name="hwdatepicker_alert_dialog_button_text_color">H7_ACCENT_COLOR</color>

    <color name="feedback_tab_text_color_selected_20">H7_ACCENT_COLOR_DISABLED</color>
</resources>